date,season_y,home_team,away_team,score_home,score_away,moneyline_home,moneyline_away,home_spread,home_won,p_model,p_logit,p_gbm,p_elo,p_market,p_market_spread
2021-10-19,2021-22,MIL,BKN,127,104,-125.0,105.0,-1.5,1,0.6210058556785141,0.6266779735446368,0.6153337378123912,0.7034454408812046,0.5345862274328822,0.5532803541656142
2021-10-19,2021-22,LAL,GSW,114,121,-160.0,140.0,-3.5,0,0.5271936116021327,0.5538759573813579,0.5005112658229075,0.6642531553356552,0.6008774482239536,0.6206865291604615
2021-10-20,2021-22,PHX,DEN,98,110,-240.0,200.0,-6.0,0,0.6534806166305692,0.642582017564724,0.6643792156964144,0.7287542237058843,0.6898984597215254,0.6985968682539574
2021-10-20,2021-22,POR,SAC,121,124,-260.0,220.0,-6.5,0,0.7116242413180116,0.7194012433857535,0.7038472392502696,0.7829538635738224,0.7083820436191438,0.7130528657723422
2021-10-20,2021-22,UTA,OKC,107,86,-1200.0,750.0,-14.0,1,0.8901585338440154,0.8902661957038043,0.8900508719842265,0.9070039971816366,0.91279635895203,0.8759629475140374
2021-10-20,2021-22,MIN,HOU,124,106,-260.0,220.0,-6.5,1,0.7058485167607074,0.690225778780116,0.7214712547412987,0.7480812151225539,0.7083820436191438,0.7130528657723422
2021-10-20,2021-22,NOP,PHI,97,117,150.0,-170.0,4.0,0,0.3694717186280658,0.3588189869832079,0.3801244502729237,0.4685770334408238,0.3835663265450182,0.3653952573222735
2021-10-20,2021-22,SAS,ORL,123,97,-265.0,225.0,-7.0,1,0.7373156445420659,0.7515516354473922,0.7230796536367396,0.8017839597530021,0.7126574447290995,0.727086381207308
2021-10-20,2021-22,NYK,BOS,138,134,-140.0,120.0,-2.5,1,0.6019788991936548,0.5765387564497028,0.6274190419376069,0.6990925094591641,0.5655647487838321,0.5873929722941529
2021-10-20,2021-22,TOR,WAS,83,98,-140.0,120.0,-2.5,0,0.4641251154647227,0.46774007648115085,0.4605101544482945,0.5795767318593136,0.5655647487838321,0.5873929722941529
2021-10-20,2021-22,DET,CHI,88,94,190.0,-220.0,5.0,0,0.3805606719288381,0.36550469516645695,0.3956166486912192,0.4879390668100089,0.3259717594666138,0.3337467294155119
2021-10-20,2021-22,CHA,IND,123,122,105.0,-125.0,1.5,1,0.4405315077728723,0.43427877925345304,0.4467842362922915,0.5728209390332931,0.4654137725671177,0.4492105947756774
2021-10-20,2021-22,MEM,CLE,132,121,-280.0,240.0,-7.0,1,0.7905597107366376,0.7983531114223793,0.7827663100508958,0.8350871646621382,0.7247510069457442,0.727086381207308
2021-10-21,2021-22,ATL,DAL,113,87,-140.0,120.0,-2.5,1,0.5729354332349991,0.5735775252954335,0.5722933411745647,0.6786830766220109,0.5655647487838321,0.5873929722941529
2021-10-21,2021-22,MIA,MIL,137,95,-150.0,130.0,-3.0,1,0.3712382611170646,0.3540584236640627,0.3884180985700665,0.4269817177634062,0.5839826350363595,0.6041604400628688
2021-10-21,2021-22,GSW,LAC,115,113,-180.0,160.0,-4.0,1,0.5476339784032327,0.5434659276560032,0.5518020291504622,0.5255036336715521,0.6308066475528518,0.6369372830124617
2021-10-22,2021-22,CHI,NOP,128,112,-275.0,235.0,-7.0,1,0.6333919474707924,0.6279255124052006,0.6388583825363843,0.6787673788987756,0.7208365273452971,0.727086381207308
2021-10-22,2021-22,SAC,UTA,101,110,200.0,-240.0,6.5,0,0.3503087178877651,0.34426943106767727,0.3563480047078529,0.4288629798454523,0.3101015402784747,0.2890125525275827
2021-10-22,2021-22,LAL,PHX,105,115,-125.0,105.0,-1.5,0,0.44055899507620194,0.40861177571759455,0.47250621443480934,0.5131651556641047,0.5345862274328822,0.5532803541656142
2021-10-22,2021-22,DEN,SAS,102,96,-310.0,260.0,-7.5,1,0.722654863831323,0.7302411480635271,0.7150685795991188,0.7671430467003441,0.7432301097396163,0.7406831670688772
2021-10-22,2021-22,HOU,OKC,124,91,-150.0,130.0,-2.5,1,0.6394789188213023,0.6485914444695854,0.6303663931730191,0.68129000869085,0.5839826350363595,0.5873929722941529
2021-10-22,2021-22,BOS,TOR,83,115,-280.0,240.0,-7.0,0,0.6712216689206352,0.6629421090040214,0.679501228837249,0.7153103409286327,0.7247510069457442,0.727086381207308
2021-10-22,2021-22,WAS,IND,135,134,110.0,-130.0,2.0,1,0.5551983141520476,0.5765368767775576,0.5338597515265375,0.6730475327330349,0.4545972645555742,0.43204974195328455
2021-10-22,2021-22,CLE,CHA,112,123,115.0,-135.0,2.5,0,0.4428923187951317,0.41153093447571387,0.47425370311454945,0.5141062993924737,0.4442827475634181,0.41505045389637707
2021-10-22,2021-22,ORL,NYK,96,121,290.0,-350.0,7.5,0,0.27017258334225763,0.24106968135234805,0.2992754853321672,0.3308532707708671,0.2347782560506988,0.26125623891201216
2021-10-22,2021-22,PHI,BKN,109,114,100.0,-120.0,1.0,0,0.5873059427066543,0.5969749261847987,0.5776369592285099,0.6773613160983332,0.4767709538481187,0.46649321075541333
2021-10-23,2021-22,SAS,MIL,111,121,210.0,-250.0,6.0,0,0.3451432431327327,0.3065278888912208,0.3837585973742446,0.434625295396413,0.3005701048771581,0.30352831029681354
2021-10-23,2021-22,CLE,ATL,101,95,300.0,-360.0,8.5,1,0.21343580947316887,0.1750284531441941,0.25184316580214366,0.3103775748945936,0.2292752230274884,0.23528346065663988
2021-10-23,2021-22,IND,MIA,102,91,135.0,-155.0,3.0,1,0.4183441095792641,0.35851667905629947,0.47817154010222873,0.5484297510471071,0.4073918645396744,0.3982510126981278
2021-10-23,2021-22,TOR,DAL,95,103,170.0,-190.0,5.0,0,0.4434485541589047,0.41699679869354617,0.46990030962426327,0.5630557561965295,0.3558717975062095,0.3337467294155119
2021-10-23,2021-22,MIN,NOP,96,89,-310.0,260.0,-7.5,1,0.650531497010422,0.6783453116003202,0.6227176824205238,0.6203516692655737,0.7432301097396163,0.7406831670688772
2021-10-23,2021-22,CHI,DET,97,82,-340.0,280.0,-8.0,1,0.7362123980935382,0.7386441764653203,0.7337806197217562,0.7908850985516506,0.7594422232238837,0.75383189663827
2021-10-23,2021-22,POR,PHX,134,105,-155.0,135.0,-3.0,1,0.5478428347465775,0.5392461042225934,0.5564395652705615,0.5431368486917019,0.5926081354603255,0.6041604400628688
2021-10-23,2021-22,LAC,MEM,114,120,-175.0,155.0,-4.0,0,0.6536592860784365,0.649537545306549,0.6577810268503239,0.73443883521466,0.6237593328799479,0.6369372830124617
2021-10-24,2021-22,SAC,GSW,107,119,130.0,-150.0,3.0,0,0.432558753503976,0.39063447473329876,0.47448303227465327,0.5156056874252996,0.4160173649636405,0.3982510126981278
2021-10-24,2021-22,OKC,PHI,103,115,400.0,-500.0,9.5,0,0.186904601981312,0.15631247086274036,0.21749673309988365,0.2263123333900273,0.1777344894951717,0.21115472978709024
2021-10-24,2021-22,LAL,MEM,121,118,-210.0,180.0,-5.5,1,0.5709167567247115,0.5945411343145751,0.547292379134848,0.6037722366690407,0.662831359828004,0.6837356127682949
2021-10-24,2021-22,NYK,ORL,104,110,-900.0,600.0,-12.0,0,0.8642343305473051,0.8378303579317329,0.8906383031628774,0.8786405107917329,0.8881535201562881,0.8424025365094192
2021-10-24,2021-22,BKN,CHA,95,111,-420.0,350.0,-9.0,0,0.7285941925219636,0.7483266013218633,0.7088617837220638,0.8070773534420224,0.7972454857008152,0.7787539188531114
2021-10-24,2021-22,HOU,BOS,97,107,180.0,-210.0,5.0,0,0.46237146702362686,0.4431353917239059,0.4816075423233478,0.4964945153808972,0.3371686401719961,0.3337467294155119
2021-10-25,2021-22,MIN,NOP,98,107,-220.0,190.0,-5.5,0,0.613607451405648,0.6200160378134864,0.6071988649978095,0.6377145239654233,0.6740282405333864,0.6837356127682949
2021-10-25,2021-22,LAC,POR,116,86,-140.0,120.0,-2.5,1,0.5313497558294925,0.5431417639929317,0.5195577476660533,0.6634935224843456,0.5655647487838321,0.5873929722941529
2021-10-25,2021-22,DEN,CLE,87,99,-500.0,400.0,-9.5,0,0.8653561052619771,0.8659592169122153,0.8647529936117389,0.8757129431629375,0.8222655105048283,0.790518217596245
2021-10-25,2021-22,BKN,WAS,104,90,-240.0,200.0,-6.0,1,0.620259378285732,0.5978734784242318,0.642645278147232,0.7194026379654151,0.6898984597215254,0.6985968682539574
2021-10-25,2021-22,MIA,ORL,107,90,-1100.0,700.0,-13.5,1,0.8648293012355976,0.8901516283303965,0.8395069741407989,0.8523214725483671,0.905856887281654,0.868197092052344
2021-10-25,2021-22,TOR,CHI,108,111,115.0,-135.0,2.0,0,0.4397915439928806,0.42163478319675823,0.457948304789003,0.5647653613249326,0.4442827475634181,0.43204974195328455
2021-10-25,2021-22,IND,MIL,109,119,-105.0,-115.0,1.0,0,0.4005266999107405,0.3672226661273765,0.43383073369410463,0.4400465604876314,0.488395545501788,0.46649321075541333
2021-10-25,2021-22,ATL,DET,122,104,-750.0,525.0,-11.5,1,0.7992192824845038,0.8172193063736604,0.7812192585953472,0.8443425713573984,0.8699506797724654,0.8329362310205675
2021-10-25,2021-22,CHA,BOS,129,140,110.0,-130.0,2.0,0,0.5735401142310836,0.5893504092948284,0.557729819167339,0.650981228179853,0.4545972645555742,0.43204974195328455
2021-10-26,2021-22,NYK,PHI,112,99,-120.0,100.0,-1.0,1,0.45392398492051855,0.42412349196313576,0.4837244778779014,0.540073734788298,0.5232290461518811,0.5360128414112495
2021-10-26,2021-22,OKC,GSW,98,106,450.0,-600.0,11.0,0,0.20762214214055696,0.17509262648317184,0.24015165779794212,0.281633229686267,0.1550917683263714,0.17845119618871869
2021-10-26,2021-22,DAL,HOU,116,106,-650.0,475.0,-11.0,1,0.7736922465952445,0.7613313275640997,0.7860531656263894,0.8388120208019263,0.8542372382782516,0.8230207768240712
2021-10-26,2021-22,SAS,LAL,121,125,-135.0,115.0,-2.0,0,0.48733349382513125,0.45588272624804466,0.5187842614022179,0.5602021786296554,0.5557172524365818,0.5704202656032762
2021-10-26,2021-22,UTA,DEN,122,110,-320.0,265.0,-7.5,1,0.6740903968349956,0.6711762824779844,0.6770045111920069,0.704986483054669,0.7483962586301076,0.7406831670688772
2021-10-27,2021-22,LAC,CLE,79,92,-350.0,290.0,-8.5,0,0.8561500723900188,0.8537081533459822,0.8585919914340555,0.8758732228197491,0.7652217439493267,0.7665240746293874
2021-10-27,2021-22,POR,MEM,116,96,-135.0,115.0,-2.5,1,0.6139632124167911,0.6103611695692676,0.6175652552643145,0.671998661635034,0.5557172524365818,0.5873929722941529
2021-10-27,2021-22,PHX,SAC,107,110,-360.0,300.0,-8.0,0,0.74940089914011,0.7625571336430825,0.7362446646371373,0.8266959014466881,0.7707247769725477,0.75383189663827
2021-10-27,2021-22,MIL,MIN,108,113,-235.0,195.0,-5.5,0,0.7515526182965226,0.7643849083320333,0.7387203282610119,0.8496515498097938,0.684897243131109,0.6837356127682949
2021-10-27,2021-22,OKC,LAL,123,115,190.0,-220.0,5.5,1,0.240096313202865,0.2276601506011036,0.2525324758046264,0.2990325638754862,0.3259717594666138,0.31844658639079165
2021-10-27,2021-22,TOR,IND,118,100,-120.0,100.0,-1.0,1,0.47922825570188865,0.4847001658363311,0.47375634556744617,0.5993227277772266,0.5232290461518811,0.5360128414112495
2021-10-27,2021-22,NOP,ATL,99,102,175.0,-200.0,5.0,0,0.39371458413582733,0.36020018225538936,0.4272289860162653,0.4952142941513963,0.3462768352259985,0.3337467294155119
2021-10-27,2021-22,BKN,MIA,93,106,-160.0,140.0,-3.5,0,0.5816348328652002,0.5352765562187468,0.6279931095116537,0.6931627151446582,0.6008774482239536,0.6206865291604615
2021-10-27,2021-22,ORL,CHA,111,120,180.0,-210.0,5.5,0,0.34425407230417854,0.3394126013577333,0.34909554325062375,0.44963392839713,0.3371686401719961,0.31844658639079165
2021-10-27,2021-22,BOS,WAS,107,116,-175.0,155.0,-4.0,0,0.5082577601099131,0.5351919653547267,0.48132355486509953,0.6124059301867366,0.6237593328799479,0.6369372830124617
2021-10-28,2021-22,DAL,SAS,104,99,-260.0,220.0,-6.5,1,0.6723780076501604,0.657677949376653,0.6870780659236677,0.730227909427753,0.7083820436191438,0.7130528657723422
2021-10-28,2021-22,HOU,UTA,91,122,375.0,-450.0,9.5,0,0.24309586728451738,0.2225617717296355,0.2636299628393992,0.2611146355208834,0.191654661658251,0.21115472978709024
2021-10-28,2021-22,GSW,MEM,101,104,-240.0,200.0,-6.0,0,0.6657747482860417,0.680204136813976,0.6513453597581073,0.6695380513536707,0.6898984597215254,0.6985968682539574
2021-10-28,2021-22,WAS,ATL,122,111,150.0,-170.0,4.0,1,0.4731084060846059,0.4680103428762761,0.4782064692929358,0.5583813970308474,0.3835663265450182,0.3653952573222735
2021-10-28,2021-22,PHI,DET,110,102,-600.0,450.0,-11.0,1,0.8424182959489249,0.8263678684869968,0.858468723410853,0.8723327202943866,0.8449082316736235,0.8230207768240712
2021-10-28,2021-22,CHI,NYK,103,104,-120.0,100.0,-1.5,0,0.53324047294765,0.5457324582339841,0.5207484876613159,0.5935373687606836,0.5232290461518811,0.5532803541656142
2021-10-29,2021-22,TOR,ORL,110,109,-460.0,380.0,-9.5,1,0.7650557784382963,0.7511594618349888,0.7789520950416039,0.8039478549873508,0.8112971060494051,0.790518217596245
2021-10-29,2021-22,MIA,CHA,114,99,-280.0,240.0,-7.0,1,0.7178547091204791,0.7156831295847285,0.7200262886562298,0.7452821320330147,0.7247510069457442,0.727086381207308
2021-10-29,2021-22,BKN,IND,105,98,-410.0,340.0,-8.5,1,0.6837285423966996,0.6546725708962063,0.7127845138971928,0.7530278206314288,0.7929569774555982,0.7665240746293874
2021-10-29,2021-22,NOP,SAC,109,113,100.0,-120.0,1.5,0,0.519187183848717,0.5363937578065591,0.5019806098908748,0.6504069295709991,0.4767709538481187,0.4492105947756774
2021-10-29,2021-22,POR,LAC,111,92,-160.0,140.0,-3.5,1,0.56393150780867,0.5539923331564979,0.573870682460842,0.6268814003531606,0.6008774482239536,0.6206865291604615
2021-10-29,2021-22,DEN,DAL,106,75,-165.0,145.0,-4.0,1,0.6484816452633528,0.6758493587817542,0.6211139317449516,0.6664346916661826,0.608812566039061,0.6369372830124617
2021-10-29,2021-22,LAL,CLE,113,101,-350.0,290.0,-8.0,1,0.735456151792359,0.7652258823740136,0.7056864212107044,0.7746020840464473,0.7652217439493267,0.75383189663827
2021-10-30,2021-22,PHX,CLE,101,92,-500.0,400.0,-10.0,1,0.8375982536390296,0.8583934569882904,0.8168030502897687,0.8513547412953182,0.8222655105048283,0.8018161674873022
2021-10-30,2021-22,MIN,DEN,91,93,-125.0,105.0,-1.5,0,0.4750484489603065,0.44213885628453675,0.5079580416360763,0.4693965149259246,0.5345862274328822,0.5532803541656142
2021-10-30,2021-22,GSW,OKC,103,82,-900.0,600.0,-12.5,1,0.8568255876500632,0.8572316874171515,0.856419487882975,0.8809046702960536,0.8881535201562881,0.8514281304931971
2021-10-30,2021-22,MEM,MIA,103,129,-155.0,135.0,-3.5,0,0.5371204614625509,0.5453020080907489,0.5289389148343527,0.6129941287317436,0.5926081354603255,0.6206865291604615
2021-10-30,2021-22,MIL,SAS,93,102,-280.0,240.0,-7.0,0,0.73770464956653,0.7401206757925181,0.735288623340542,0.8223193864161399,0.7247510069457442,0.727086381207308
2021-10-30,2021-22,DET,ORL,110,103,-240.0,200.0,-6.0,1,0.6912480661923363,0.6873136044962844,0.6951825278883881,0.7003816889780423,0.6898984597215254,0.6985968682539574
2021-10-30,2021-22,PHI,ATL,122,94,-165.0,145.0,-3.5,1,0.6296317084572247,0.5974198624181225,0.661843554496327,0.6899313345465604,0.608812566039061,0.6206865291604615
2021-10-30,2021-22,IND,TOR,94,97,-145.0,125.0,-3.0,0,0.5951045555350953,0.6078025167212113,0.5824065943489792,0.6397419279753269,0.5749769329552475,0.6041604400628688
2021-10-30,2021-22,NOP,NYK,117,123,300.0,-360.0,8.0,0,0.3889060823711684,0.36571910570086924,0.4120930590414676,0.4926508862056133,0.2292752230274884,0.2480421029872373
2021-10-30,2021-22,WAS,BOS,115,112,-130.0,110.0,-2.0,1,0.6400762757039038,0.6079389266723219,0.6722136247354858,0.7084084063474057,0.5454027354444257,0.5704202656032762
2021-10-30,2021-22,CHI,UTA,107,99,140.0,-160.0,3.5,1,0.3949987304555058,0.38820727946774664,0.401790181443265,0.4709552870391553,0.3991225517760463,0.3816878509294548
2021-10-31,2021-22,BKN,DET,117,91,-900.0,600.0,-12.0,1,0.8162463379002161,0.8282152193035027,0.8042774564969295,0.8466233468070765,0.8881535201562881,0.8424025365094192
2021-10-31,2021-22,LAL,HOU,95,85,-650.0,475.0,-11.0,1,0.7792561001767869,0.7785950694030596,0.7799171309505143,0.840995745827212,0.8542372382782516,0.8230207768240712
2021-10-31,2021-22,MIL,UTA,95,107,165.0,-185.0,4.5,0,0.5226150425115912,0.5508294772242467,0.49440060779893563,0.6183948493384316,0.3624085951819801,0.3494051226951947
2021-10-31,2021-22,CHA,POR,125,113,105.0,-125.0,2.0,1,0.3627855281955574,0.35208202026651964,0.3734890361245952,0.4581208566298741,0.4654137725671177,0.43204974195328455
2021-10-31,2021-22,DAL,SAC,105,99,-185.0,165.0,-4.5,1,0.6186237530198724,0.6291216752954399,0.6081258307443049,0.7199500247788728,0.63759140481802,0.6528811761685757
2021-11-01,2021-22,MIN,ORL,97,115,-380.0,320.0,-8.5,0,0.7696912495806307,0.7480412880029572,0.7913412111583044,0.7959777836474936,0.7809784267740079,0.7665240746293874
2021-11-01,2021-22,MEM,DEN,106,97,-135.0,115.0,-2.0,1,0.4872521747296922,0.4470002037832383,0.5275041456761461,0.557546028607564,0.5557172524365818,0.5704202656032762
2021-11-01,2021-22,BOS,CHI,114,128,-140.0,120.0,-3.0,0,0.46513357469785943,0.45383653858204603,0.4764306108136729,0.5619947554927569,0.5655647487838321,0.6041604400628688
2021-11-01,2021-22,ATL,WAS,118,111,-200.0,175.0,-5.5,1,0.6005099031773149,0.5957557399328344,0.6052640664217955,0.670216463186742,0.6537231647740015,0.6837356127682949
2021-11-01,2021-22,LAC,OKC,99,94,-800.0,550.0,-12.5,1,0.8783605529162599,0.8582775449983727,0.8984435608341471,0.8989049749787704,0.8766273349432749,0.8514281304931971
2021-11-01,2021-22,IND,SAS,131,118,-140.0,120.0,-2.5,1,0.5423901119595065,0.5496743802403667,0.5351058436786461,0.6133502256496771,0.5655647487838321,0.5873929722941529
2021-11-01,2021-22,PHI,POR,113,103,105.0,-125.0,2.0,1,0.6506123367666677,0.646703062002936,0.6545216115303994,0.6872114031252702,0.4654137725671177,0.43204974195328455
2021-11-01,2021-22,CHA,CLE,110,113,-210.0,180.0,-5.0,0,0.6678560875347374,0.6459004112771135,0.6898117637923612,0.7387181456090828,0.662831359828004,0.6684893183469965
2021-11-01,2021-22,NYK,TOR,104,113,-300.0,250.0,-7.5,0,0.6901570252249163,0.6781954829438364,0.7021185675059962,0.7509090204966337,0.7363103777053058,0.7406831670688772
2021-11-02,2021-22,DET,MIL,89,117,160.0,-180.0,4.5,0,0.2500733246335209,0.25282499153751775,0.24732165772952402,0.3232954015735467,0.3691933524471482,0.3494051226951947
2021-11-02,2021-22,DAL,MIA,110,125,120.0,-140.0,2.5,0,0.43681221902196465,0.40892885027260695,0.46469558777132236,0.5608590123589686,0.434435251216168,0.41505045389637707
2021-11-02,2021-22,UTA,SAC,119,113,-410.0,340.0,-9.5,1,0.7720545206673521,0.7725494767580879,0.7715595645766163,0.8342471033198501,0.7929569774555982,0.790518217596245
2021-11-02,2021-22,PHX,NOP,112,100,-450.0,375.0,-10.0,1,0.7602302857700768,0.7595133068768304,0.7609472646633232,0.8170245538680143,0.808345338341749,0.8018161674873022
2021-11-02,2021-22,LAL,HOU,119,117,-600.0,450.0,-11.0,1,0.7882212883244671,0.7959086837152315,0.7805338929337028,0.8453585393002482,0.8449082316736235,0.8230207768240712
2021-11-03,2021-22,MIN,LAC,115,126,120.0,-140.0,2.5,0,0.36927472697106956,0.3640351666981805,0.3745142872439586,0.4174069543279951,0.434435251216168,0.41505045389637707
2021-11-03,2021-22,GSW,CHA,114,92,-240.0,200.0,-6.0,1,0.6824678723823894,0.6812974007757888,0.6836383439889899,0.7433887187762975,0.6898984597215254,0.6985968682539574
2021-11-03,2021-22,SAC,NOP,112,99,-220.0,190.0,-6.0,1,0.6017653613703013,0.6032808616516498,0.600249861088953,0.6573162505753603,0.6740282405333864,0.6985968682539574
2021-11-03,2021-22,SAS,DAL,108,109,110.0,-130.0,2.0,0,0.5498503382514797,0.5705743530403293,0.5291263234626299,0.576663659445396,0.4545972645555742,0.43204974195328455
2021-11-03,2021-22,MEM,DEN,108,106,105.0,-125.0,1.0,1,0.5001606385863115,0.4710610044247304,0.5292602727478926,0.5830632833237235,0.4654137725671177,0.46649321075541333
2021-11-03,2021-22,BKN,ATL,117,108,-185.0,165.0,-4.5,1,0.5810329012007069,0.5710564298138129,0.591009372587601,0.6598471405973257,0.63759140481802,0.6528811761685757
2021-11-03,2021-22,IND,NYK,111,98,-115.0,-105.0,-1.0,1,0.4670757664434507,0.4528279780218019,0.48132355486509953,0.5275524811694139,0.5116044544982119,0.5360128414112495
2021-11-03,2021-22,PHI,CHI,103,98,-140.0,120.0,-2.5,1,0.6736038720773447,0.6573959803623282,0.6898117637923612,0.7418546532703894,0.5655647487838321,0.5873929722941529
2021-11-03,2021-22,WAS,TOR,100,109,-160.0,140.0,-3.5,0,0.5738630337584572,0.5760349350413787,0.5716911324755355,0.6841325258246772,0.6008774482239536,0.6206865291604615
2021-11-03,2021-22,ORL,BOS,79,92,250.0,-300.0,7.0,0,0.41735819472678914,0.41072773836177795,0.4239886510918004,0.4799096893553788,0.2636896222946976,0.2749169702416817
2021-11-03,2021-22,CLE,POR,107,104,180.0,-210.0,5.5,1,0.31268564066399973,0.3020808629171634,0.323290418410836,0.4055156265002306,0.3371686401719961,0.31844658639079165
2021-11-04,2021-22,DET,PHI,98,109,170.0,-190.0,4.5,0,0.2510439363741268,0.24170478612504642,0.2603830866232072,0.271222211430054,0.3558717975062095,0.3494051226951947
2021-11-04,2021-22,ATL,UTA,98,116,100.0,-120.0,1.5,0,0.44629663205368136,0.4057266289651478,0.48686663514221495,0.5150464064931567,0.4767709538481187,0.4492105947756774
2021-11-04,2021-22,MIA,BOS,78,95,-265.0,225.0,-6.5,0,0.7852015546876653,0.8150330892951807,0.7553700200801499,0.795872921674236,0.7126574447290995,0.7130528657723422
2021-11-04,2021-22,PHX,HOU,123,111,-700.0,500.0,-11.5,1,0.8564024755786204,0.8430326490352885,0.8697723021219521,0.8985406563152197,0.8625306598157729,0.8329362310205675
2021-11-04,2021-22,LAL,OKC,104,107,-650.0,475.0,-10.5,0,0.8220456595721951,0.8474055937124665,0.7966857254319237,0.8696741177540103,0.8542372382782516,0.8126491965359115
2021-11-05,2021-22,POR,IND,110,106,-210.0,180.0,-6.0,1,0.6784744233196496,0.6711230445410082,0.6858258020982908,0.7430391465033347,0.662831359828004,0.6985968682539574
2021-11-05,2021-22,SAC,CHA,140,110,-135.0,115.0,-2.0,1,0.5447302405954502,0.5424565851520562,0.547003896038844,0.6435180419162868,0.5557172524365818,0.5704202656032762
2021-11-05,2021-22,GSW,NOP,126,85,-480.0,390.0,-9.5,1,0.7446026099674642,0.7425714193084911,0.7466338006264372,0.7886677347545109,0.8169416995427091,0.790518217596245
2021-11-05,2021-22,MIN,LAC,84,104,120.0,-140.0,2.5,0,0.369495997812361,0.3491869400517191,0.3898050555730029,0.3947501522643103,0.434435251216168,0.41505045389637707
2021-11-05,2021-22,ORL,SAS,89,102,150.0,-170.0,4.0,0,0.38938008031793175,0.3618394636665335,0.41692069696933,0.450193858492847,0.3835663265450182,0.3653952573222735
2021-11-05,2021-22,MIL,NYK,98,113,-165.0,145.0,-3.5,0,0.626773974988201,0.6185192226205529,0.635028727355849,0.7247174852234262,0.608812566039061,0.6206865291604615
2021-11-05,2021-22,WAS,MEM,115,87,-140.0,120.0,-2.5,1,0.5224708505496434,0.5204914070605056,0.5244502940387812,0.6088895032404469,0.5655647487838321,0.5873929722941529
2021-11-05,2021-22,DET,BKN,90,96,400.0,-500.0,9.5,0,0.2538659352768359,0.23684971060006324,0.2708821599536085,0.3211271967440478,0.1777344894951717,0.21115472978709024
2021-11-05,2021-22,TOR,CLE,101,102,-230.0,195.0,-6.0,0,0.697885980327213,0.6879976628125087,0.7077742978419173,0.7476404739552793,0.6821543804602389,0.6985968682539574
2021-11-06,2021-22,PHX,ATL,121,117,-165.0,145.0,-3.0,1,0.6721440747550955,0.6620401324414185,0.6822480170687725,0.7327717015109897,0.608812566039061,0.6041604400628688
2021-11-06,2021-22,POR,LAL,105,90,-205.0,180.0,-5.5,1,0.6411733900509389,0.5885919954072005,0.6937547846946773,0.7056155095533952,0.659710362953605,0.6837356127682949
2021-11-06,2021-22,DAL,BOS,107,104,-160.0,140.0,-3.5,1,0.5964329411803473,0.5882425301869737,0.6046233521737208,0.6767121936399925,0.6008774482239536,0.6206865291604615
2021-11-06,2021-22,MIA,UTA,118,115,-110.0,-110.0,-0.0,1,0.49137874045848356,0.475433452657292,0.5073240282596752,0.529355207075382,0.5,0.5012591113806545
2021-11-06,2021-22,DEN,HOU,95,94,-700.0,500.0,-11.5,1,0.8453986278761618,0.825402793563412,0.8653944621889116,0.8746182276082276,0.8625306598157729,0.8329362310205675
2021-11-06,2021-22,CHI,PHI,105,114,-170.0,150.0,-4.0,0,0.4684646361727297,0.42516455071426906,0.5117647216311904,0.5070503418399875,0.6164336734549818,0.6369372830124617
2021-11-07,2021-22,LAC,CHA,120,106,-250.0,210.0,-6.0,1,0.7066432150954804,0.7139559326862697,0.6993304975046912,0.8124430823022869,0.6994298951228424,0.6985968682539574
2021-11-07,2021-22,OKC,SAS,99,94,145.0,-165.0,3.5,1,0.34108129241761587,0.3066414187922012,0.3755211660430306,0.4090139065480208,0.391187433960939,0.3816878509294548
2021-11-07,2021-22,WAS,MIL,101,94,-105.0,-115.0,1.0,1,0.5083876786671544,0.4882842345456829,0.5284911227886259,0.5599473475902639,0.488395545501788,0.46649321075541333
2021-11-07,2021-22,GSW,HOU,120,107,-1000.0,650.0,-13.0,1,0.8749802367619225,0.8849397378143233,0.8650207357095216,0.8794397965939323,0.8977486451172207,0.8600227189744314
2021-11-07,2021-22,NYK,CLE,109,126,-310.0,260.0,-7.5,0,0.7385813752684146,0.7476790645008786,0.7294836860359506,0.7963356648572162,0.7432301097396163,0.7406831670688772
2021-11-07,2021-22,SAC,IND,91,94,-140.0,120.0,-2.5,0,0.5608450841837742,0.5564303596163896,0.5652598087511589,0.6418637271574216,0.5655647487838321,0.5873929722941529
2021-11-07,2021-22,TOR,BKN,103,116,135.0,-155.0,3.5,0,0.5300009099379316,0.4663615833941423,0.5936402364817209,0.518698994633282,0.4073918645396744,0.3816878509294548
2021-11-07,2021-22,ORL,UTA,107,100,500.0,-700.0,11.0,1,0.21150410454716767,0.2034335943233661,0.21957461477096926,0.2104929356179948,0.137469340184383,0.17845119618871869
2021-11-08,2021-22,LAL,CHA,126,123,-135.0,115.0,-2.5,1,0.7051906818109132,0.7110104034313257,0.6993709601905006,0.7242306889386779,0.5557172524365818,0.5873929722941529
2021-11-08,2021-22,PHI,NYK,96,103,105.0,-125.0,2.0,0,0.7411627725413119,0.7480002619130327,0.734325283169591,0.7685020974567925,0.4654137725671177,0.43204974195328455
2021-11-08,2021-22,CHI,BKN,118,95,-120.0,100.0,-0.0,1,0.5592702900109976,0.5766938379170966,0.5418467421048986,0.5446721451667651,0.5232290461518811,0.5012591113806545
2021-11-08,2021-22,MEM,MIN,125,118,-185.0,165.0,-4.5,1,0.695476738331762,0.6758522109545322,0.7151012657089919,0.7732371778663494,0.63759140481802,0.6528811761685757
2021-11-08,2021-22,DAL,NOP,108,92,-400.0,330.0,-9.0,1,0.6976994096827651,0.6845805553200108,0.7108182640455193,0.7598597808560547,0.7884793547170356,0.7787539188531114
2021-11-08,2021-22,DEN,MIA,113,96,105.0,-125.0,1.5,1,0.49320405019638125,0.5039043063623813,0.4825037940303813,0.6211574468250265,0.4654137725671177,0.4492105947756774
2021-11-08,2021-22,GSW,ATL,127,113,-160.0,140.0,-3.5,1,0.6656159593300267,0.6389438214002933,0.6922880972597601,0.6942777226907852,0.6008774482239536,0.6206865291604615
2021-11-08,2021-22,SAC,PHX,104,109,135.0,-155.0,3.5,0,0.3811327917705386,0.3471859222908901,0.415079661250187,0.4387557067752715,0.4073918645396744,0.3816878509294548
2021-11-09,2021-22,UTA,ATL,110,98,-360.0,300.0,-8.5,1,0.7491128649006243,0.7611617155965273,0.7370640142047213,0.7659468583470705,0.7707247769725477,0.7665240746293874
2021-11-09,2021-22,LAC,POR,117,109,-145.0,125.0,-3.0,1,0.5621253925295489,0.5634871604387716,0.5607636246203263,0.6768493977752402,0.5749769329552475,0.6041604400628688
2021-11-09,2021-22,PHI,MIL,109,118,240.0,-280.0,6.5,0,0.6433810784324268,0.6079290713606869,0.6788330855041665,0.7021490960939739,0.2752489930542572,0.2890125525275827
2021-11-10,2021-22,PHX,POR,119,109,-210.0,180.0,-5.0,1,0.6787217529243323,0.6681290492861085,0.6893144565625563,0.7034649973214564,0.662831359828004,0.6684893183469965
2021-11-10,2021-22,LAL,MIA,120,117,190.0,-220.0,5.5,1,0.47658980894059527,0.48174820785181155,0.471431410029379,0.5599213497319852,0.3259717594666138,0.31844658639079165
2021-11-10,2021-22,GSW,MIN,123,110,-320.0,265.0,-7.5,1,0.7841464223347548,0.7956027862381164,0.7726900584313933,0.8364899816619871,0.7483962586301076,0.7406831670688772
2021-11-10,2021-22,DEN,IND,101,98,130.0,-150.0,3.0,1,0.6704927204733293,0.6700764120316892,0.6709090289149694,0.7526612944450769,0.4160173649636405,0.3982510126981278
2021-11-10,2021-22,SAS,SAC,136,117,-115.0,-105.0,-1.0,1,0.5520439181555709,0.5532577150669421,0.5508301212441996,0.6380915724697268,0.5116044544982119,0.5360128414112495
2021-11-10,2021-22,NOP,OKC,100,108,-180.0,160.0,-4.0,0,0.6897234961584073,0.6882589445563064,0.6911880477605082,0.7564475323634405,0.6308066475528518,0.6369372830124617
2021-11-10,2021-22,CHI,DAL,117,107,-165.0,145.0,-3.5,1,0.601041762349735,0.6209171610341562,0.581166363665314,0.6585844000856231,0.608812566039061,0.6206865291604615
2021-11-10,2021-22,HOU,DET,104,112,-140.0,120.0,-2.5,0,0.5268430625277509,0.5422356387428823,0.5114504863126196,0.6138997833313841,0.5655647487838321,0.5873929722941529
2021-11-10,2021-22,NYK,MIL,100,112,-160.0,140.0,-3.5,0,0.5745621851415662,0.596191668738707,0.5529327015444254,0.5779687443245154,0.6008774482239536,0.6206865291604615
2021-11-10,2021-22,BOS,TOR,104,88,-165.0,145.0,-3.0,1,0.5405611028159583,0.5218765137407206,0.5592456918911958,0.6447308268952953,0.608812566039061,0.6041604400628688
2021-11-10,2021-22,ORL,BKN,90,123,400.0,-500.0,10.0,0,0.29337178607573444,0.26150977479063453,0.3252337973608344,0.3088837137885575,0.1777344894951717,0.19978935629055913
2021-11-10,2021-22,CLE,WAS,94,97,140.0,-160.0,3.5,0,0.4863794145633929,0.44474585575112324,0.5280129733756626,0.5184495423766111,0.3991225517760463,0.3816878509294548
2021-11-10,2021-22,MEM,CHA,108,118,-190.0,170.0,-4.5,0,0.6500629405236908,0.6423448541970577,0.6577810268503239,0.7398105743939998,0.6441282024937907,0.6528811761685757
2021-11-11,2021-22,LAC,MIA,112,109,-220.0,190.0,-5.5,1,0.6697793927455026,0.6622137107513097,0.6773450747396954,0.6977461394245084,0.6740282405333864,0.6837356127682949
2021-11-11,2021-22,PHI,TOR,109,115,-175.0,155.0,-4.0,0,0.757610019021942,0.7681671283638847,0.7470529096799994,0.7963757392459803,0.6237593328799479,0.6369372830124617
2021-11-11,2021-22,UTA,IND,100,111,-550.0,425.0,-10.5,0,0.7754053172973543,0.7948217148029604,0.7559889197917481,0.8119408962124087,0.8343386613595238,0.8126491965359115
2021-11-12,2021-22,LAL,MIN,83,107,-125.0,105.0,-0.0,0,0.7222870321344133,0.7359690434079921,0.7086050208608344,0.7809170606469982,0.5345862274328822,0.5012591113806545
2021-11-12,2021-22,OKC,SAC,105,103,175.0,-200.0,5.0,1,0.3517431410989585,0.34286177215383257,0.3606245100440844,0.4713510714092614,0.3462768352259985,0.3337467294155119
2021-11-12,2021-22,GSW,CHI,119,93,-220.0,190.0,-5.5,1,0.6279479348844951,0.6248063773246091,0.6310894924443811,0.686222300168311,0.6740282405333864,0.6837356127682949
2021-11-12,2021-22,DEN,ATL,105,96,-160.0,140.0,-3.0,1,0.6218668239989231,0.6357950164281904,0.6079386315696559,0.715691273180234,0.6008774482239536,0.6041604400628688
2021-11-12,2021-22,MEM,PHX,94,119,115.0,-135.0,2.0,0,0.4179041926268424,0.3824196721673964,0.4533887130862885,0.4671185604017603,0.4442827475634181,0.43204974195328455
2021-11-12,2021-22,SAS,DAL,109,123,125.0,-145.0,2.5,0,0.497903176022826,0.5096451947082445,0.4861611573374075,0.5767643075848912,0.4250230670447525,0.41505045389637707
2021-11-12,2021-22,HOU,POR,92,104,250.0,-300.0,7.0,0,0.26570630992348043,0.23424370501363218,0.29716891483332863,0.2968502953095082,0.2636896222946976,0.2749169702416817
2021-11-12,2021-22,CHA,NYK,104,96,115.0,-135.0,2.5,1,0.46958087073538934,0.4634774933119753,0.4756842481588034,0.5317588203905705,0.4442827475634181,0.41505045389637707
2021-11-12,2021-22,NOP,BKN,112,120,360.0,-430.0,9.5,0,0.3459857153553373,0.3025799879451507,0.38939144276552395,0.3762284017455706,0.1986431847398594,0.21115472978709024
2021-11-12,2021-22,BOS,MIL,122,113,-200.0,175.0,-5.5,1,0.41792940964788083,0.4134163597468918,0.42244245954886994,0.4914733905753763,0.6537231647740015,0.6837356127682949
2021-11-12,2021-22,CLE,DET,98,78,-185.0,165.0,-4.5,1,0.6823554331186077,0.6651816789726513,0.699529187264564,0.7442655112455985,0.63759140481802,0.6528811761685757
2021-11-13,2021-22,CLE,BOS,91,89,-135.0,115.0,-2.0,1,0.5060498277616888,0.5115540356404551,0.5005456198829226,0.5580765087236403,0.5557172524365818,0.5704202656032762
2021-11-13,2021-22,TOR,DET,121,127,-340.0,280.0,-7.5,0,0.7846629955287348,0.8034770806730183,0.7658489103844511,0.7995017864004478,0.7594422232238837,0.7406831670688772
2021-11-13,2021-22,NOP,MEM,112,101,140.0,-160.0,3.5,1,0.5016188484651631,0.5009302874154792,0.502307409514847,0.5132162071528011,0.3991225517760463,0.3816878509294548
2021-11-13,2021-22,LAC,MIN,129,102,-275.0,235.0,-7.0,1,0.8065004491857608,0.8204238239105238,0.7925770744609979,0.8376419170934185,0.7208365273452971,0.727086381207308
2021-11-13,2021-22,ORL,WAS,92,104,180.0,-210.0,5.0,0,0.2850092025914045,0.2773628580676193,0.2926555471151897,0.341957786195411,0.3371686401719961,0.3337467294155119
2021-11-13,2021-22,UTA,MIA,105,111,-350.0,290.0,-9.0,0,0.6196868452039898,0.6136229201564182,0.6257507702515613,0.7088429508049102,0.7652217439493267,0.7787539188531114
2021-11-13,2021-22,IND,PHI,118,113,-180.0,160.0,-4.5,1,0.45568283142715355,0.4508412758928748,0.4605243869614323,0.507508393843418,0.6308066475528518,0.6528811761685757
2021-11-14,2021-22,LAL,SAS,114,106,-140.0,120.0,-2.0,1,0.5707102181957964,0.5862578504672932,0.5551625859242995,0.669550174840305,0.5655647487838321,0.5704202656032762
2021-11-14,2021-22,CHA,GSW,106,102,180.0,-210.0,5.5,1,0.360944000542514,0.3306695021475571,0.39121849893747096,0.4497537251242178,0.3371686401719961,0.31844658639079165
2021-11-14,2021-22,HOU,PHX,89,115,320.0,-380.0,8.5,0,0.1825985744159742,0.1554544690651158,0.20974267976683264,0.2065746593395238,0.2190215732260639,0.23528346065663988
2021-11-14,2021-22,OKC,BKN,96,120,330.0,-400.0,9.0,0,0.2517373029737425,0.2252997677753492,0.2781748381721358,0.2903932026084334,0.2115206452829644,0.2229864782792013
2021-11-14,2021-22,DEN,POR,124,95,-250.0,210.0,-6.0,1,0.5343582937640972,0.5581830058430793,0.5105335816851149,0.6611281931111095,0.6994298951228424,0.6985968682539574
2021-11-14,2021-22,LAC,CHI,90,100,-165.0,145.0,-3.5,0,0.6405763380602431,0.6136442888842423,0.6675083872362438,0.738522089824081,0.608812566039061,0.6206865291604615
2021-11-14,2021-22,ATL,MIL,120,100,-130.0,110.0,-2.0,1,0.46164468867930364,0.4438394063866283,0.47944997097197906,0.5318516553717357,0.5454027354444257,0.5704202656032762
2021-11-15,2021-22,DAL,DEN,111,101,-210.0,180.0,-5.5,1,0.5298285709673233,0.5389979444447585,0.5206591974898881,0.5523430718752236,0.662831359828004,0.6837356127682949
2021-11-15,2021-22,LAL,CHI,103,121,105.0,-125.0,2.0,0,0.4886056603656961,0.5156009212334477,0.4616103994979445,0.5509483129659754,0.4654137725671177,0.43204974195328455
2021-11-15,2021-22,POR,TOR,118,113,-150.0,130.0,-3.0,1,0.637437738784127,0.6143796358787377,0.6604958416895162,0.7396393204884916,0.5839826350363595,0.6041604400628688
2021-11-15,2021-22,OKC,MIA,90,103,225.0,-265.0,6.5,0,0.22621432029689903,0.2019471311345903,0.2504815094592077,0.3071853577079705,0.2873425552709012,0.2890125525275827
2021-11-15,2021-22,MIN,PHX,96,99,150.0,-170.0,4.0,0,0.34480478141598614,0.306963416974279,0.38264614585769324,0.3258255195310471,0.3835663265450182,0.3653952573222735
2021-11-15,2021-22,ATL,ORL,129,111,-600.0,450.0,-10.5,1,0.7889554491078729,0.7856274874224731,0.7922834107932726,0.8580913438448583,0.8449082316736235,0.8126491965359115
2021-11-15,2021-22,NYK,IND,92,84,-150.0,130.0,-3.0,1,0.5639485359719021,0.5560871281989709,0.5718099437448332,0.657340005040873,0.5839826350363595,0.6041604400628688
2021-11-15,2021-22,DET,SAC,107,129,160.0,-180.0,4.0,0,0.44643764221289206,0.4414849339963578,0.45139035042942627,0.5182052702644547,0.3691933524471482,0.3653952573222735
2021-11-15,2021-22,CLE,BOS,92,98,150.0,-170.0,4.0,0,0.48554728121286916,0.48669368228814247,0.48440088013759586,0.5707672972257125,0.3835663265450182,0.3653952573222735
2021-11-15,2021-22,WAS,NOP,105,100,-170.0,150.0,-4.5,1,0.7437052906176156,0.7250142456949258,0.7623963355403054,0.7978658560646665,0.6164336734549818,0.6528811761685757
2021-11-15,2021-22,MEM,HOU,136,102,-750.0,525.0,-11.5,1,0.8057509378479666,0.8142610471060098,0.7972408285899233,0.8281171738096825,0.8699506797724654,0.8329362310205675
2021-11-16,2021-22,BKN,GSW,99,117,-145.0,125.0,-2.5,0,0.5405212128958482,0.5404253161970887,0.5406171095946077,0.6583495487669867,0.5749769329552475,0.5873929722941529
2021-11-16,2021-22,UTA,PHI,120,85,-600.0,450.0,-11.5,1,0.5558034332548782,0.5790331819752271,0.5325736845345295,0.6591345932839366,0.8449082316736235,0.8329362310205675
2021-11-16,2021-22,LAC,SAS,106,92,-300.0,250.0,-8.0,1,0.7293370009843565,0.7202573434803069,0.7384166584884062,0.8052138135325467,0.7363103777053058,0.75383189663827
2021-11-17,2021-22,POR,CHI,112,107,-160.0,140.0,-3.5,1,0.5378067675223978,0.528556632729526,0.5470569023152695,0.6241845865774723,0.6008774482239536,0.6206865291604615
2021-11-17,2021-22,PHX,DAL,105,98,-360.0,300.0,-8.0,1,0.7169191957332974,0.6909768517937714,0.7428615396728233,0.7652691376359382,0.7707247769725477,0.75383189663827
2021-11-17,2021-22,MIN,SAC,107,97,-145.0,125.0,-2.5,1,0.46174311607937923,0.45454412069058037,0.46894211146817816,0.5760469204579992,0.5749769329552475,0.5873929722941529
2021-11-17,2021-22,OKC,HOU,101,89,-150.0,130.0,-3.0,1,0.6132823028569632,0.6222490524121754,0.604315553301751,0.6792291930611631,0.5839826350363595,0.6041604400628688
2021-11-17,2021-22,MIL,LAL,109,102,-420.0,350.0,-9.0,1,0.698926993996462,0.6662918231801852,0.7315621648127386,0.7618530483412236,0.7972454857008152,0.7787539188531114
2021-11-17,2021-22,MIA,NOP,113,98,-275.0,235.0,-6.5,1,0.7965158306407654,0.7979129681016482,0.7951186931798826,0.8289086391421542,0.7208365273452971,0.7130528657723422
2021-11-17,2021-22,BKN,CLE,109,99,-600.0,450.0,-9.5,1,0.7379008917120549,0.7199429756235173,0.7558588078005924,0.7985936356458792,0.8449082316736235,0.790518217596245
2021-11-17,2021-22,NYK,ORL,98,104,-750.0,525.0,-11.5,0,0.7970624538602081,0.7966378935298705,0.7974870141905458,0.859311585881184,0.8699506797724654,0.8329362310205675
2021-11-17,2021-22,CHA,WAS,97,87,-120.0,100.0,-1.0,1,0.48208861797997415,0.4444119997987545,0.5197652361611939,0.5325863189282836,0.5232290461518811,0.5360128414112495
2021-11-17,2021-22,DET,IND,97,89,225.0,-265.0,6.5,1,0.33821352213679734,0.34965516803260727,0.3267718762409874,0.4157144909074745,0.2873425552709012,0.2890125525275827
2021-11-17,2021-22,ATL,BOS,110,99,-200.0,175.0,-5.0,1,0.5966104237000318,0.6005882919242342,0.5926325554758293,0.6693380077533484,0.6537231647740015,0.6684893183469965
2021-11-18,2021-22,DEN,PHI,89,103,-320.0,265.0,-7.5,0,0.588969203633242,0.5947356451077532,0.5832027621587308,0.6623569760478665,0.7483962586301076,0.7406831670688772
2021-11-18,2021-22,UTA,TOR,119,103,-500.0,400.0,-10.0,1,0.731626732269809,0.7214980491313991,0.7417554154082189,0.8084710774708264,0.8222655105048283,0.8018161674873022
2021-11-18,2021-22,MEM,LAC,120,108,-110.0,-110.0,-0.0,1,0.4201024692366586,0.37980374999086414,0.4604011884824531,0.4647491406861665,0.5,0.5012591113806545
2021-11-18,2021-22,MIA,WAS,112,97,-265.0,225.0,-6.5,1,0.6928323360804328,0.701644661806341,0.6840200103545246,0.6971720293996501,0.7126574447290995,0.7130528657723422
2021-11-18,2021-22,CLE,GSW,89,104,400.0,-500.0,10.0,0,0.29413333044041323,0.26221677375762403,0.3260498871232025,0.4010553818890395,0.1777344894951717,0.19978935629055913
2021-11-18,2021-22,MIN,SAS,115,90,-130.0,110.0,-2.0,1,0.496278019699509,0.4779104861382398,0.5146455532607783,0.6089901299918674,0.5454027354444257,0.5704202656032762
2021-11-19,2021-22,PHX,DAL,112,104,-350.0,290.0,-8.5,1,0.72691476332392,0.7046758156736281,0.7491537109742119,0.7727184590047474,0.7652217439493267,0.7665240746293874
2021-11-19,2021-22,DEN,CHI,108,114,130.0,-150.0,3.5,0,0.5180873303552821,0.5037694775475433,0.5324051831630209,0.6501104000677177,0.4160173649636405,0.3816878509294548
2021-11-19,2021-22,NOP,LAC,94,81,155.0,-175.0,4.5,1,0.3807502926769739,0.36252705040262734,0.39897353495132054,0.3702970695010545,0.376240667120052,0.3494051226951947
2021-11-19,2021-22,MIL,OKC,96,89,-1000.0,650.0,-12.5,1,0.8609754756220462,0.8308168089992513,0.8911341422448412,0.8809688399262082,0.8977486451172207,0.8514281304931971
2021-11-19,2021-22,SAC,TOR,89,108,-165.0,145.0,-3.5,0,0.6085097358273042,0.6128398766203024,0.6041795950343058,0.6280255135872178,0.608812566039061,0.6206865291604615
2021-11-19,2021-22,BOS,LAL,130,108,-110.0,-110.0,-1.0,1,0.6009618473010584,0.6056812294507425,0.5962424651513742,0.6845935565763094,0.5,0.5360128414112495
2021-11-19,2021-22,DET,GSW,102,105,105.0,-125.0,1.5,0,0.26094950925921223,0.2495573929814763,0.27234162553694813,0.2805979280853098,0.4654137725671177,0.4492105947756774
2021-11-19,2021-22,CHA,IND,121,118,-105.0,-115.0,1.0,1,0.5305020017594528,0.5325431153051301,0.5284608882137755,0.6265142420926576,0.488395545501788,0.46649321075541333
2021-11-19,2021-22,BKN,ORL,115,113,-500.0,400.0,-9.5,1,0.8769587189711522,0.859167790781361,0.8947496471609434,0.8864885683200977,0.8222655105048283,0.790518217596245
2021-11-20,2021-22,NYK,HOU,106,99,-550.0,425.0,-11.0,1,0.8077974371559384,0.824917632858706,0.7906772414531708,0.8670923758912978,0.8343386613595238,0.8230207768240712
2021-11-20,2021-22,IND,NOP,111,94,-310.0,260.0,-7.5,1,0.7082816542238316,0.7185634013536556,0.6979999070940076,0.7249859484483696,0.7432301097396163,0.7406831670688772
2021-11-20,2021-22,WAS,MIA,103,100,115.0,-135.0,2.0,1,0.4630618525368203,0.4363496634614765,0.48977404161216403,0.5564578251247254,0.4442827475634181,0.43204974195328455
2021-11-20,2021-22,ATL,CHA,115,105,-300.0,250.0,-7.5,1,0.7052273716809976,0.7100731593014964,0.7003815840604989,0.7109717711981443,0.7363103777053058,0.7406831670688772
2021-11-20,2021-22,BOS,OKC,111,105,-450.0,375.0,-9.5,1,0.8190848525212009,0.8324669827898329,0.8057027222525688,0.837885073453807,0.808345338341749,0.790518217596245
2021-11-20,2021-22,MIN,MEM,138,95,-140.0,120.0,-2.5,1,0.4866124146134624,0.4884996449774214,0.48472518424950345,0.5678406185729031,0.5655647487838321,0.5873929722941529
2021-11-20,2021-22,MIL,ORL,117,108,-850.0,575.0,-12.5,1,0.8658291341068367,0.8602827805515603,0.8713754876621131,0.8833365485426751,0.8826661195242046,0.8514281304931971
2021-11-20,2021-22,SAC,UTA,105,123,270.0,-330.0,7.5,0,0.3191271063787858,0.2862002093007612,0.35205400345681037,0.3753026366800037,0.2466356330841441,0.26125623891201216
2021-11-20,2021-22,POR,PHI,118,111,-290.0,245.0,-7.5,1,0.5328231092370561,0.549119439434503,0.5165267790396092,0.6044996000921864,0.7306509690077064,0.7406831670688772
2021-11-21,2021-22,GSW,TOR,119,104,-400.0,330.0,-9.0,1,0.7553369108711645,0.7582908344241786,0.7523829873181505,0.7968721248020464,0.7884793547170356,0.7787539188531114
2021-11-21,2021-22,CHI,NYK,109,103,-210.0,180.0,-5.5,1,0.7240747445747939,0.7438869815930067,0.704262507556581,0.7156959699383488,0.662831359828004,0.6837356127682949
2021-11-21,2021-22,PHX,DEN,126,97,-500.0,400.0,-11.0,1,0.7189539824108866,0.7016265987660636,0.7362813660557095,0.7557294781215976,0.8222655105048283,0.8230207768240712
2021-11-21,2021-22,DET,LAL,116,121,250.0,-300.0,7.0,0,0.41735447205200443,0.4230300128951308,0.41167893120887805,0.4918526265731707,0.2636896222946976,0.2749169702416817
2021-11-21,2021-22,LAC,DAL,97,91,-215.0,185.0,-5.5,1,0.5886091538089031,0.5865336109472165,0.5906846966705899,0.6861197404225037,0.6685259817213243,0.6837356127682949
2021-11-22,2021-22,SAC,PHI,94,102,-200.0,175.0,-5.0,0,0.36734704301967613,0.39073596802616944,0.3439581180131829,0.4192991898042009,0.6537231647740015,0.6684893183469965
2021-11-22,2021-22,SAS,PHX,111,115,180.0,-210.0,5.5,0,0.29602481028243444,0.30647128449592353,0.2855783360689454,0.3178131072658129,0.3371686401719961,0.31844658639079165
2021-11-22,2021-22,NOP,MIN,96,110,135.0,-155.0,3.5,0,0.42050833803629317,0.44619895487163846,0.39481772120094794,0.5602398303818248,0.4073918645396744,0.3816878509294548
2021-11-22,2021-22,MIL,ORL,123,92,-1400.0,800.0,-13.0,1,0.8573941935261368,0.8451391545841107,0.8696492324681628,0.8855608998167815,0.9227437399650972,0.8600227189744314
2021-11-22,2021-22,UTA,MEM,118,119,-500.0,400.0,-11.0,0,0.7746136043020371,0.7868867635327093,0.762340445071365,0.8214163751015022,0.8222655105048283,0.8230207768240712
2021-11-22,2021-22,BOS,HOU,108,90,-700.0,500.0,-12.0,1,0.8501783413116655,0.8382634296959705,0.8620932529273605,0.8715709253820983,0.8625306598157729,0.8424025365094192
2021-11-22,2021-22,ATL,OKC,113,101,-900.0,600.0,-13.5,1,0.8121571586011537,0.8240705881139384,0.8002437290883689,0.8627377775787062,0.8881535201562881,0.868197092052344
2021-11-22,2021-22,WAS,CHA,103,109,-180.0,160.0,-4.5,0,0.6607963337735709,0.6435143065655418,0.6780783609816002,0.7099629831213224,0.6308066475528518,0.6528811761685757
2021-11-22,2021-22,CLE,BKN,112,117,190.0,-220.0,5.5,0,0.35284279674061825,0.3374073001402568,0.3682782933409797,0.4183601459801979,0.3259717594666138,0.31844658639079165
2021-11-22,2021-22,CHI,IND,77,109,-125.0,105.0,-1.5,0,0.6576639521319059,0.654373297283564,0.6609546069802477,0.7432400911408057,0.5345862274328822,0.5532803541656142
2021-11-23,2021-22,DET,MIA,92,100,450.0,-600.0,10.5,0,0.2527671034626208,0.25597031859763464,0.249563888327607,0.3114559607183181,0.1550917683263714,0.18888924117694963
2021-11-23,2021-22,NYK,LAL,106,100,-185.0,165.0,-4.5,1,0.6099525980680511,0.5961257843050365,0.6237794118310657,0.6969383684351125,0.63759140481802,0.6528811761685757
2021-11-23,2021-22,POR,DEN,119,100,-420.0,350.0,-10.0,1,0.6063798932405169,0.5943667797570328,0.6183930067240011,0.6632967877549292,0.7972454857008152,0.8018161674873022
2021-11-23,2021-22,LAC,DAL,104,112,-150.0,130.0,-2.5,0,0.6173351462844194,0.5887667743477717,0.6459035182210672,0.6977000310015957,0.5839826350363595,0.5873929722941529
2021-11-24,2021-22,MEM,TOR,113,126,-155.0,135.0,-3.5,0,0.5350482846615043,0.5310536672892506,0.5390429020337579,0.6367395885051853,0.5926081354603255,0.6206865291604615
2021-11-24,2021-22,GSW,PHI,116,96,-500.0,400.0,-10.0,1,0.6822108407913519,0.6984385189308221,0.6659831626518816,0.6880486869792387,0.8222655105048283,0.8018161674873022
2021-11-24,2021-22,SAC,POR,125,121,140.0,-160.0,3.5,1,0.40886856624728873,0.4003069383580901,0.41743019413648735,0.4129259402151621,0.3991225517760463,0.3816878509294548
2021-11-24,2021-22,SAS,ATL,106,124,145.0,-165.0,3.5,0,0.39955002307912996,0.40484806149792074,0.39425198466033917,0.4743544776313577,0.391187433960939,0.3816878509294548
2021-11-24,2021-22,NOP,WAS,127,102,145.0,-165.0,3.5,1,0.385818456068855,0.36752718920433314,0.4041097229333769,0.4621271635986272,0.391187433960939,0.3816878509294548
2021-11-24,2021-22,MIN,MIA,113,101,-110.0,-110.0,1.0,1,0.4785944766644233,0.4546404092947396,0.502548544034107,0.4894909704681731,0.5,0.46649321075541333
2021-11-24,2021-22,MIL,DET,114,93,-1600.0,900.0,-15.0,1,0.8640437414819016,0.8501844990679548,0.8779029838958482,0.8791839063906851,0.931755932037888,0.8903194467136929
2021-11-24,2021-22,OKC,UTA,104,110,750.0,-1200.0,14.0,0,0.18852658751953574,0.17078702685619956,0.20626614818287192,0.2380433854926772,0.0872036410479673,0.12513564429237414
2021-11-24,2021-22,BOS,BKN,104,123,-125.0,105.0,-1.5,0,0.4810701229540588,0.46813635888095506,0.49400388702716264,0.5392591562358182,0.5345862274328822,0.5532803541656142
2021-11-24,2021-22,ORL,CHA,99,106,280.0,-340.0,8.0,0,0.31840446692183877,0.31444787083302866,0.32236106301064893,0.4039904139797692,0.2405577767761341,0.2480421029872373
2021-11-24,2021-22,CLE,PHX,115,120,250.0,-300.0,7.0,0,0.24113182218911386,0.23215725861165998,0.25010638576656774,0.3017901064114374,0.2636896222946976,0.2749169702416817
2021-11-24,2021-22,IND,LAL,116,124,-250.0,210.0,-6.5,0,0.7178588187860551,0.7207136156552112,0.7150040219168988,0.7266695282683096,0.6994298951228424,0.7130528657723422
2021-11-24,2021-22,HOU,CHI,118,113,400.0,-500.0,9.5,1,0.23303506003120603,0.20635590589231906,0.259714214170093,0.2836672749779854,0.1777344894951717,0.21115472978709024
2021-11-26,2021-22,LAL,SAC,137,141,-300.0,250.0,-7.5,0,0.6572241597718638,0.6384383786374918,0.6760099409062358,0.6995561695285054,0.7363103777053058,0.7406831670688772
2021-11-26,2021-22,GSW,POR,118,103,-240.0,200.0,-6.0,1,0.6911139976163934,0.6848916527494326,0.6973363424833541,0.7208883594347326,0.6898984597215254,0.6985968682539574
2021-11-26,2021-22,DEN,MIL,109,120,205.0,-245.0,6.5,0,0.5034925163075583,0.492918416374888,0.5140666162402286,0.5734755935522803,0.305259879980807,0.2890125525275827
2021-11-26,2021-22,UTA,NOP,97,98,-1000.0,650.0,-13.5,0,0.8235158385221546,0.8232097452855334,0.8238219317587758,0.8564443720646174,0.8977486451172207,0.868197092052344
2021-11-26,2021-22,SAS,BOS,96,88,160.0,-180.0,4.5,1,0.457162952385496,0.4295298645198762,0.4847960402511157,0.5202963603851675,0.3691933524471482,0.3494051226951947
2021-11-26,2021-22,OKC,WAS,99,101,235.0,-275.0,6.0,0,0.3263834039687117,0.31580521032235137,0.33696159761507194,0.3892581363726249,0.279163472654704,0.30352831029681354
2021-11-26,2021-22,MEM,ATL,100,132,-105.0,-115.0,1.0,0,0.43659527602852766,0.407616108338506,0.4655744437185494,0.4982426525563192,0.488395545501788,0.46649321075541333
2021-11-26,2021-22,ORL,CHI,88,123,375.0,-450.0,9.5,0,0.25077665970938506,0.26217078285327744,0.2393825365654927,0.3435196732051839,0.191654661658251,0.21115472978709024
2021-11-26,2021-22,NYK,PHX,97,118,145.0,-165.0,4.0,0,0.347390591795976,0.31486839233916364,0.3799127912527884,0.4141489909349952,0.391187433960939,0.3653952573222735
2021-11-26,2021-22,CHA,MIN,133,115,-130.0,110.0,-2.0,1,0.5419415929515967,0.5367526911421999,0.5471304947609936,0.6418529117236311,0.5454027354444257,0.5704202656032762
2021-11-26,2021-22,LAC,DET,107,96,-750.0,525.0,-11.5,1,0.7924751189168306,0.7928364745594391,0.7921137632742221,0.8676864810818324,0.8699506797724654,0.8329362310205675
2021-11-26,2021-22,IND,TOR,114,97,-190.0,170.0,-5.0,1,0.5565505593427598,0.5624711679060159,0.5506299507795036,0.6680169986658616,0.6441282024937907,0.6684893183469965
2021-11-27,2021-22,UTA,NOP,127,105,-1000.0,650.0,-12.5,1,0.8263734861767624,0.828885262212451,0.823861710141074,0.8442555778670632,0.8977486451172207,0.8514281304931971
2021-11-27,2021-22,DAL,WAS,114,120,-250.0,210.0,-6.5,0,0.6972417647498925,0.7095476066695467,0.6849359228302384,0.6949472303020178,0.6994298951228424,0.7130528657723422
2021-11-27,2021-22,CLE,ORL,105,92,-500.0,375.0,-10.0,1,0.7650858749135527,0.7743032582935978,0.7558684915335077,0.7795018165270027,0.8188219539767881,0.8018161674873022
2021-11-27,2021-22,CHI,MIA,104,107,-115.0,-105.0,1.0,0,0.4910334067722305,0.4959056562070535,0.4861611573374075,0.5957695790875055,0.5116044544982119,0.46649321075541333
2021-11-27,2021-22,BKN,PHX,107,113,-130.0,110.0,-1.5,0,0.5301711278297117,0.531795316457025,0.5285469392023981,0.5317761484415268,0.5454027354444257,0.5532803541656142
2021-11-27,2021-22,ATL,NYK,90,99,-340.0,270.0,-8.0,0,0.7240873636067772,0.7438863264650291,0.7042884007485253,0.7401537233157048,0.7568136246056976,0.75383189663827
2021-11-27,2021-22,PHI,MIN,120,121,-270.0,220.0,-7.0,0,0.6981542567074839,0.6984417007571284,0.6978668126578395,0.7548287336308195,0.7130572795227864,0.727086381207308
2021-11-27,2021-22,HOU,CHA,146,143,175.0,-210.0,5.0,1,0.3096337835716959,0.31705198458501577,0.30221558255837605,0.3424031563535147,0.3399337444537085,0.3337467294155119
2021-11-28,2021-22,LAC,GSW,90,105,120.0,-140.0,2.5,0,0.4185187711707382,0.3772771697936525,0.4597603725478239,0.5343094697226665,0.434435251216168,0.41505045389637707
2021-11-28,2021-22,IND,MIL,100,118,115.0,-135.0,2.0,0,0.4679129670067882,0.4527268791058579,0.48309905490771843,0.5341047459822548,0.4442827475634181,0.43204974195328455
2021-11-28,2021-22,MEM,SAC,128,101,-170.0,150.0,-4.0,1,0.5776465911565762,0.5825975968006817,0.5726955855124707,0.6444216998566261,0.6164336734549818,0.6369372830124617
2021-11-28,2021-22,TOR,BOS,97,109,105.0,-125.0,2.0,0,0.5691966372432016,0.5605471000872301,0.5778461743991731,0.6274727457986269,0.4654137725671177,0.43204974195328455
2021-11-28,2021-22,LAL,DET,110,106,-525.0,400.0,-10.5,1,0.7258797068217555,0.7083887561735975,0.7433706574699136,0.7892023972876836,0.8269380415908445,0.8126491965359115
2021-11-29,2021-22,LAC,NOP,104,123,-280.0,240.0,-7.0,0,0.6956718442176338,0.6733726932320558,0.7179709952032118,0.7909014231846526,0.7247510069457442,0.727086381207308
2021-11-29,2021-22,UTA,POR,129,107,-280.0,240.0,-7.0,1,0.6689144216439384,0.6496998485412555,0.6881289947466215,0.7168961866725975,0.7247510069457442,0.727086381207308
2021-11-29,2021-22,SAS,WAS,116,99,135.0,-155.0,3.0,1,0.4922158688333718,0.4469073734958686,0.537524364170875,0.5192358148272331,0.4073918645396744,0.3982510126981278
2021-11-29,2021-22,DAL,CLE,96,114,-260.0,220.0,-6.5,0,0.7213571548811604,0.7226572089041906,0.72005710085813,0.7684660612440736,0.7083820436191438,0.7130528657723422
2021-11-29,2021-22,MIA,DEN,111,120,-150.0,130.0,-3.0,0,0.6488008844551827,0.6420100385970503,0.6555917303133151,0.7073747083297033,0.5839826350363595,0.6041604400628688
2021-11-29,2021-22,MIN,IND,100,98,-170.0,150.0,-4.0,1,0.6033809210875005,0.623482795291849,0.583279046883152,0.6130729662146864,0.6164336734549818,0.6369372830124617
2021-11-29,2021-22,HOU,OKC,102,89,-140.0,120.0,-2.5,1,0.5043363866721715,0.529923048919412,0.4787497244249311,0.6190461276540226,0.5655647487838321,0.5873929722941529
2021-11-29,2021-22,PHI,ORL,101,96,-1200.0,750.0,-14.0,1,0.8686013726555517,0.84450630660408,0.8926964387070235,0.8966606019432625,0.91279635895203,0.8759629475140374
2021-11-29,2021-22,CHI,CHA,133,119,-200.0,175.0,-5.5,1,0.6092546681814315,0.6117092787784137,0.6068000575844493,0.6897809564679489,0.6537231647740015,0.6837356127682949
2021-11-30,2021-22,POR,DET,110,92,-350.0,290.0,-7.5,1,0.7969464323070118,0.7995363973056313,0.7943564673083923,0.8642761047662746,0.7652217439493267,0.7406831670688772
2021-11-30,2021-22,SAC,LAL,92,117,-110.0,-110.0,-0.0,0,0.48818265834545016,0.4943956134023648,0.4819697032885355,0.5781817824435209,0.5,0.5012591113806545
2021-11-30,2021-22,PHX,GSW,104,96,-155.0,135.0,-3.0,1,0.5633935111574393,0.5681699271435101,0.5586170951713685,0.6880056525955008,0.5926081354603255,0.6041604400628688
2021-11-30,2021-22,BKN,NYK,112,110,-240.0,200.0,-6.0,1,0.6976596796987447,0.7062121111454779,0.6891072482520114,0.7426313169091926,0.6898984597215254,0.6985968682539574
2021-11-30,2021-22,TOR,MEM,91,98,-150.0,130.0,-3.0,0,0.555080976932071,0.5905921825723017,0.5195697712918403,0.6614506101756088,0.5839826350363595,0.6041604400628688
2021-12-01,2021-22,LAC,SAC,115,124,-245.0,205.0,-6.0,0,0.7665395475225967,0.7664784179253149,0.7666006771198783,0.7850408342024484,0.6947401200191933,0.6985968682539574
2021-12-01,2021-22,OKC,HOU,110,114,-135.0,115.0,-2.5,0,0.5264242270466621,0.5621129196326972,0.49073553446062723,0.6357462349418848,0.5557172524365818,0.5873929722941529
2021-12-01,2021-22,NOP,DAL,107,139,150.0,-170.0,4.0,0,0.4720124383654101,0.46657585378885064,0.4774490229419696,0.5594334354129383,0.3835663265450182,0.3653952573222735
2021-12-01,2021-22,MIA,CLE,85,111,-150.0,130.0,-3.0,0,0.7315890751202516,0.7411373141495596,0.7220408360909436,0.7762086509977736,0.5839826350363595,0.6041604400628688
2021-12-01,2021-22,MIL,CHA,127,125,-360.0,300.0,-9.0,1,0.7228157003208457,0.7117665844600327,0.7338648161816587,0.7870071816056557,0.7707247769725477,0.7787539188531114
2021-12-01,2021-22,ORL,DEN,108,103,280.0,-340.0,8.0,1,0.26659265022539846,0.22036554876238756,0.3128197516884094,0.2995766354134707,0.2405577767761341,0.2480421029872373
2021-12-01,2021-22,IND,ATL,111,114,-135.0,115.0,-2.0,0,0.4530916354244251,0.45744946058726654,0.4487338102615837,0.5553414489257906,0.5557172524365818,0.5704202656032762
2021-12-01,2021-22,WAS,MIN,115,107,-170.0,150.0,-3.5,1,0.5204756013851177,0.54858439792616,0.49236680484407547,0.6463096435750721,0.6164336734549818,0.6206865291604615
2021-12-01,2021-22,BOS,PHI,88,87,-155.0,135.0,-3.0,1,0.5457593172682819,0.5158789693555406,0.5756396651810232,0.5507355645991814,0.5926081354603255,0.6041604400628688
2021-12-02,2021-22,NYK,CHI,115,119,-105.0,-115.0,2.0,0,0.46581195198944914,0.4617122776826858,0.46991162629621247,0.599490859304821,0.488395545501788,0.43204974195328455
2021-12-02,2021-22,TOR,MIL,97,93,130.0,-150.0,-1.5,1,0.46832224456015703,0.42796944852748087,0.5086750405928332,0.4147411472302796,0.4160173649636405,0.5532803541656142
2021-12-02,2021-22,MEM,OKC,152,79,-430.0,340.0,-11.5,1,0.8018428636484525,0.8171361254202553,0.7865496018766496,0.8213419591367181,0.7979582991969519,0.8329362310205675
2021-12-02,2021-22,PHX,DET,114,103,-1100.0,700.0,-11.5,1,0.8963021069410242,0.9061507441313957,0.8864534697506526,0.9373954908127372,0.905856887281654,0.8329362310205675
2021-12-02,2021-22,POR,SAS,83,114,-230.0,195.0,-5.0,0,0.7136322377098585,0.7196644319146935,0.7076000435050235,0.7760737144435397,0.6821543804602389,0.6684893183469965
2021-12-03,2021-22,UTA,BOS,137,130,-350.0,290.0,-8.0,1,0.7501137455083879,0.749036590104196,0.7511909009125798,0.7824307678854883,0.7652217439493267,0.75383189663827
2021-12-03,2021-22,LAL,LAC,115,119,-135.0,115.0,-2.5,0,0.5614448758018679,0.5834049259882258,0.5394848256155099,0.6131126465981459,0.5557172524365818,0.5873929722941529
2021-12-03,2021-22,GSW,PHX,118,96,-300.0,250.0,-7.5,1,0.5639210100810248,0.5909987076339882,0.5368433125280613,0.5722472316219325,0.7363103777053058,0.7406831670688772
2021-12-03,2021-22,DAL,NOP,91,107,-300.0,250.0,-7.0,0,0.7275842331594509,0.7271661537654072,0.7280023125534946,0.7675372974196665,0.7363103777053058,0.727086381207308
2021-12-03,2021-22,BKN,MIN,110,105,-410.0,340.0,-9.0,1,0.7178991462788622,0.7043702130532263,0.7314280795044982,0.7757982208799455,0.7929569774555982,0.7787539188531114
2021-12-03,2021-22,WAS,CLE,101,116,-150.0,130.0,-3.0,0,0.575653508301361,0.5802065644448982,0.5711004521578239,0.6655330994231548,0.5839826350363595,0.6041604400628688
2021-12-03,2021-22,IND,MIA,104,113,-220.0,190.0,-5.5,0,0.4592606867008563,0.4695896310580911,0.4489317423436215,0.5943564870580094,0.6740282405333864,0.6837356127682949
2021-12-03,2021-22,HOU,ORL,118,116,-150.0,130.0,-2.5,1,0.5741898142034163,0.5838380413665104,0.5645415870403221,0.6553206027731027,0.5839826350363595,0.5873929722941529
2021-12-03,2021-22,ATL,PHI,96,98,-140.0,120.0,-2.5,0,0.6234507893953285,0.6339844329633271,0.61291714582733,0.6454182227752846,0.5655647487838321,0.5873929722941529
2021-12-04,2021-22,NYK,DEN,99,113,-140.0,120.0,-2.5,0,0.48334887159062956,0.48391860708637013,0.4827791360948889,0.6077170638565332,0.5655647487838321,0.5873929722941529
2021-12-04,2021-22,BKN,CHI,107,111,-140.0,120.0,-2.5,0,0.619482660588595,0.5787664810798921,0.6601988400972979,0.7085216447352911,0.5655647487838321,0.5873929722941529
2021-12-04,2021-22,MIL,MIA,124,102,-260.0,220.0,-6.5,1,0.6702419207090939,0.6863763069158807,0.6541075345023072,0.7212229567827705,0.7083820436191438,0.7130528657723422
2021-12-04,2021-22,DAL,MEM,90,97,-110.0,-110.0,-0.0,0,0.5708460062553706,0.5601410554180244,0.5815509570927168,0.6800806674449514,0.5,0.5012591113806545
2021-12-04,2021-22,GSW,SAS,107,112,-400.0,330.0,-9.0,0,0.7601944023280334,0.7727194784359914,0.7476693262200752,0.8386544662902087,0.7884793547170356,0.7787539188531114
2021-12-04,2021-22,POR,BOS,117,145,-115.0,-105.0,-1.0,0,0.6368995865204345,0.6653459780410019,0.6084531949998673,0.6539602506764604,0.5116044544982119,0.5360128414112495
2021-12-04,2021-22,SAC,LAC,104,99,105.0,-125.0,2.0,1,0.5204202827548681,0.513767729815116,0.5270728356946203,0.5018925370720151,0.4654137725671177,0.43204974195328455
2021-12-05,2021-22,HOU,NOP,118,108,125.0,-145.0,2.5,1,0.39671907207484103,0.38064590676724647,0.41279223738243565,0.4617998514387208,0.4250230670447525,0.41505045389637707
2021-12-05,2021-22,CLE,UTA,108,109,175.0,-200.0,5.0,0,0.35372035576731986,0.3342757875290818,0.3731649240055579,0.4503593307631101,0.3462768352259985,0.3337467294155119
2021-12-05,2021-22,TOR,WAS,102,90,-120.0,100.0,-1.0,1,0.6059901775057757,0.5611044736917323,0.650875881319819,0.6142109259633445,0.5232290461518811,0.5360128414112495
2021-12-05,2021-22,ATL,CHA,127,130,-330.0,270.0,-7.5,0,0.6804304102499417,0.6685249412154378,0.6923358792844454,0.7372505969141866,0.7533643669158683,0.7406831670688772
2021-12-06,2021-22,POR,LAC,90,102,175.0,-200.0,5.0,0,0.5514749290437444,0.5894808336003037,0.5134690244871852,0.6182698789901686,0.3462768352259985,0.3337467294155119
2021-12-06,2021-22,GSW,ORL,126,95,-1800.0,950.0,-16.0,1,0.8987518885642767,0.915093546968702,0.8824102301598513,0.929618869898024,0.9380473804284508,0.9031979029732045
2021-12-06,2021-22,MIL,CLE,112,104,-360.0,300.0,-9.0,1,0.7613595424770478,0.7743030173910099,0.7484160675630859,0.7794590478339795,0.7707247769725477,0.7787539188531114
2021-12-06,2021-22,MIN,ATL,110,121,-130.0,110.0,-2.0,0,0.5720698425190893,0.5360810560026408,0.6080586290355378,0.5373759711534403,0.5454027354444257,0.5704202656032762
2021-12-06,2021-22,PHX,SAS,108,104,-300.0,250.0,-7.0,1,0.7866382813104152,0.7860111278059796,0.7872654348148509,0.8420355938454274,0.7363103777053058,0.727086381207308
2021-12-06,2021-22,MIA,MEM,90,105,-215.0,185.0,-5.5,0,0.6097575121194545,0.5964645624873003,0.6230504617516087,0.6980085015508147,0.6685259817213243,0.6837356127682949
2021-12-06,2021-22,IND,WAS,116,110,-220.0,190.0,-6.0,1,0.6235375394885296,0.6505421150970582,0.5965329638800012,0.6551166499963326,0.6740282405333864,0.6985968682539574
2021-12-06,2021-22,CHI,DEN,109,97,-135.0,115.0,-2.0,1,0.5623319789494621,0.5750724510381968,0.5495915068607273,0.6594676480124412,0.5557172524365818,0.5704202656032762
2021-12-06,2021-22,DET,OKC,103,114,-155.0,135.0,-3.0,0,0.6639761596780669,0.6367034429145527,0.6912488764415811,0.6932341804750343,0.5926081354603255,0.6041604400628688
2021-12-06,2021-22,CHA,PHI,124,127,250.0,-300.0,7.5,0,0.5218243498555357,0.5101924921255762,0.5334562075854954,0.5303380285574552,0.2636896222946976,0.26125623891201216
2021-12-07,2021-22,DAL,BKN,99,102,105.0,-125.0,1.5,0,0.4725667523695417,0.4610848163536926,0.48404868838539084,0.5019915500284706,0.4654137725671177,0.4492105947756774
2021-12-07,2021-22,SAS,NYK,109,121,105.0,-125.0,1.5,0,0.5600733490183559,0.5668849575535946,0.5532617404831173,0.6414700627052016,0.4654137725671177,0.4492105947756774
2021-12-07,2021-22,LAL,BOS,117,102,-150.0,130.0,-3.0,1,0.49859608962856405,0.47911294988453423,0.5180792293725939,0.5633538483324381,0.5839826350363595,0.6041604400628688
2021-12-08,2021-22,GSW,POR,104,94,-1500.0,850.0,-14.5,1,0.772013021351316,0.8010687551831013,0.7429572875195307,0.8314678780154127,0.9275234647382288,0.8833327242620539
2021-12-08,2021-22,SAC,ORL,142,130,-300.0,250.0,-7.5,1,0.7308022615842644,0.704021243484762,0.7575832796837669,0.783056583548842,0.7363103777053058,0.7406831670688772
2021-12-08,2021-22,NOP,DEN,114,120,110.0,-130.0,2.0,0,0.517638224237669,0.4430862558798892,0.5921901925954488,0.4980145061948806,0.4545972645555742,0.43204974195328455
2021-12-08,2021-22,MEM,DAL,96,104,-120.0,100.0,-1.0,0,0.6772618147291465,0.6736910658210239,0.6808325636372691,0.6625040818723009,0.5232290461518811,0.5360128414112495
2021-12-08,2021-22,MIN,UTA,104,136,240.0,-280.0,6.5,0,0.3550787775878498,0.31943608408417795,0.3907214710915216,0.4031515099183032,0.2752489930542572,0.2890125525275827
2021-12-08,2021-22,HOU,BKN,114,104,140.0,-160.0,3.5,1,0.2940986822552261,0.3120655985478221,0.2761317659626301,0.2771572371426296,0.3991225517760463,0.3816878509294548
2021-12-08,2021-22,DET,WAS,116,119,175.0,-200.0,5.0,0,0.3695067426287556,0.35612292467979784,0.38289056057771337,0.4149058631111499,0.3462768352259985,0.3337467294155119
2021-12-08,2021-22,TOR,OKC,109,110,-320.0,265.0,-7.5,0,0.7805627960484021,0.7864333268157953,0.774692265281009,0.828869192229919,0.7483962586301076,0.7406831670688772
2021-12-08,2021-22,CHA,PHI,106,110,210.0,-250.0,6.5,0,0.5358300788988838,0.5343655774879151,0.5372945803098524,0.5143172445153839,0.3005701048771581,0.2890125525275827
2021-12-08,2021-22,LAC,BOS,114,111,-120.0,100.0,-0.0,1,0.5764365973092906,0.5961959659507675,0.5566772286678138,0.6379974407706379,0.5232290461518811,0.5012591113806545
2021-12-08,2021-22,CLE,CHI,115,92,-165.0,145.0,-3.0,1,0.4729976060378336,0.4628961571679487,0.48309905490771843,0.5399581823883522,0.608812566039061,0.6041604400628688
2021-12-08,2021-22,IND,NYK,122,102,-210.0,180.0,-5.0,1,0.6168869945834035,0.6365136463780949,0.5972603427887119,0.6237999976062488,0.662831359828004,0.6684893183469965
2021-12-08,2021-22,MIA,MIL,113,104,220.0,-260.0,6.5,1,0.4096668023840263,0.410932551023522,0.40840105374453056,0.4901497172601138,0.2916179563808568,0.2890125525275827
2021-12-09,2021-22,MEM,LAL,108,95,155.0,-175.0,4.0,1,0.5540124302592502,0.5398304751831696,0.5681943853353307,0.64602637205828,0.376240667120052,0.3653952573222735
2021-12-09,2021-22,SAS,DEN,123,111,-140.0,120.0,-2.0,1,0.5496805100469528,0.5356043215293611,0.5637566985645447,0.5461942616608486,0.5655647487838321,0.5704202656032762
2021-12-09,2021-22,PHI,UTA,96,118,120.0,-140.0,3.0,0,0.45175357999285537,0.42619451434077893,0.47731264564493187,0.5425218783737314,0.434435251216168,0.3982510126981278
2021-12-10,2021-22,PHX,BOS,111,90,-160.0,140.0,-3.0,1,0.7657315970386124,0.767708917659052,0.7637542764181727,0.8226139423018353,0.6008774482239536,0.6041604400628688
2021-12-10,2021-22,CHA,SAC,124,123,105.0,-125.0,1.5,1,0.687292748896998,0.6924904363885246,0.6820950614054714,0.7099651538241066,0.4654137725671177,0.4492105947756774
2021-12-10,2021-22,IND,DAL,106,93,-130.0,110.0,-2.0,1,0.5712871126024641,0.5547285006613814,0.587845724543547,0.6425107415931033,0.5454027354444257,0.5704202656032762
2021-12-10,2021-22,ATL,BKN,105,113,-130.0,110.0,-2.0,0,0.5956165940827807,0.5783919033399767,0.6128412848255845,0.6226061307633778,0.5454027354444257,0.5704202656032762
2021-12-10,2021-22,TOR,NYK,90,87,-125.0,105.0,-1.5,1,0.5266554383165292,0.5388503721239248,0.5144605045091334,0.606001499064806,0.5345862274328822,0.5532803541656142
2021-12-10,2021-22,MIN,CLE,106,123,105.0,-125.0,2.0,0,0.4825584767274682,0.4782503183127214,0.48686663514221495,0.5612097476013648,0.4654137725671177,0.43204974195328455
2021-12-10,2021-22,HOU,MIL,114,123,350.0,-420.0,9.5,0,0.2651299404511196,0.2438193578740097,0.2864405230282295,0.2869419253830394,0.2027545142991849,0.21115472978709024
2021-12-10,2021-22,OKC,LAL,95,116,150.0,-170.0,4.0,0,0.379783376928008,0.3529174595637947,0.4066492942922213,0.394791297108881,0.3835663265450182,0.3653952573222735
2021-12-10,2021-22,NOP,DET,109,93,-240.0,200.0,-6.5,1,0.7374469811703293,0.736599921525655,0.7382940408150034,0.7814710509202375,0.6898984597215254,0.7130528657723422
2021-12-11,2021-22,SAS,DEN,112,127,-110.0,-110.0,-0.0,0,0.5339956626242028,0.4994908454621925,0.5685004797862131,0.5778295094924316,0.5,0.5012591113806545
2021-12-11,2021-22,PHI,GSW,102,93,135.0,-155.0,3.0,1,0.4007740890123842,0.3783203848576957,0.4232277931670727,0.5157608105864712,0.4073918645396744,0.3982510126981278
2021-12-11,2021-22,CLE,SAC,117,103,-260.0,220.0,-6.5,1,0.7502219513682556,0.7492255295567434,0.7512183731797679,0.7624310939380974,0.7083820436191438,0.7130528657723422
2021-12-11,2021-22,WAS,UTA,98,123,250.0,-300.0,7.0,0,0.3161307546535551,0.25803391898999256,0.37422759031711766,0.3608063192129991,0.2636896222946976,0.2749169702416817
2021-12-11,2021-22,MEM,HOU,113,106,-340.0,280.0,-8.0,1,0.7844433039123699,0.8008095244404232,0.7680770833843168,0.8142059807343787,0.7594422232238837,0.75383189663827
2021-12-11,2021-22,LAC,ORL,106,104,-340.0,280.0,-8.5,1,0.8035102152337882,0.8169412950190005,0.7900791354485759,0.8693889804014181,0.7594422232238837,0.7665240746293874
2021-12-11,2021-22,MIA,CHI,118,92,105.0,-125.0,1.5,1,0.5083723442589024,0.540314077704132,0.4764306108136729,0.6078107023914769,0.4654137725671177,0.4492105947756774
2021-12-12,2021-22,POR,MIN,111,116,-150.0,130.0,-3.0,0,0.6211711040318498,0.6210934848452504,0.6212487232184493,0.6834930906691857,0.5839826350363595,0.6041604400628688
2021-12-12,2021-22,OKC,DAL,84,103,155.0,-175.0,4.0,0,0.30596485906010207,0.2800212987488055,0.3319084193713986,0.3631314770891071,0.376240667120052,0.3653952573222735
2021-12-12,2021-22,LAL,ORL,106,94,-430.0,360.0,-10.0,1,0.8349299402039083,0.850809397270614,0.8190504831372026,0.8489019153473318,0.8013568152601406,0.8018161674873022
2021-12-12,2021-22,DET,BKN,104,116,260.0,-310.0,7.0,0,0.20620528826046053,0.2170924216611802,0.19531815485974086,0.249840452594485,0.256769890260389,0.2749169702416817
2021-12-12,2021-22,NYK,MIL,97,112,200.0,-240.0,6.0,0,0.3775055144679877,0.3512384446707082,0.4037725842652672,0.4604814076640934,0.3101015402784747,0.30352831029681354
2021-12-12,2021-22,SAS,NOP,112,97,-130.0,110.0,-2.0,1,0.5952883705870218,0.5625224920190975,0.6280542491549461,0.6892327474943903,0.5454027354444257,0.5704202656032762
2021-12-13,2021-22,DEN,WAS,113,107,-165.0,145.0,-4.0,1,0.69569923024446,0.6992438152031085,0.6921546452858114,0.7434478842528727,0.608812566039061,0.6369372830124617
2021-12-13,2021-22,DAL,CHA,120,96,-140.0,120.0,-2.5,1,0.516697280699274,0.5296629136793286,0.5037316477192195,0.6644026274374627,0.5655647487838321,0.5873929722941529
2021-12-13,2021-22,LAC,PHX,111,95,135.0,-155.0,3.5,1,0.3304165991292798,0.3365921013028185,0.3242410969557411,0.4086439919917867,0.4073918645396744,0.3816878509294548
2021-12-13,2021-22,BOS,MIL,117,103,-105.0,-115.0,1.0,1,0.45633635365764336,0.45217288608883344,0.4604998212264533,0.4807981879921864,0.488395545501788,0.46649321075541333
2021-12-13,2021-22,MEM,PHI,126,91,-145.0,125.0,1.0,1,0.5782437532481992,0.5369053260430231,0.6195821804533752,0.5424505228151983,0.5749769329552475,0.46649321075541333
2021-12-13,2021-22,ATL,HOU,126,132,-500.0,400.0,-10.5,0,0.7900919328274216,0.7833207118561865,0.7968631537986567,0.8573654259815421,0.8222655105048283,0.8126491965359115
2021-12-13,2021-22,TOR,SAC,124,101,-185.0,165.0,-4.5,1,0.6247227554971994,0.6211328844419922,0.6283126265524065,0.7052123976389042,0.63759140481802,0.6528811761685757
2021-12-13,2021-22,IND,GSW,100,102,155.0,-175.0,4.0,0,0.4281257764627418,0.37490119567337565,0.48135035725210795,0.452972607841992,0.376240667120052,0.3653952573222735
2021-12-13,2021-22,CLE,MIA,105,94,-210.0,180.0,-5.5,1,0.5874674480342141,0.5752847469111155,0.5996501491573126,0.6301977472384993,0.662831359828004,0.6837356127682949
2021-12-14,2021-22,NYK,GSW,96,105,195.0,-225.0,5.5,0,0.35514297193865685,0.37792272073300015,0.33236322314431355,0.3951302080772541,0.3206521170654136,0.31844658639079165
2021-12-14,2021-22,BKN,TOR,131,129,-165.0,145.0,-4.0,1,0.756812069567625,0.7640498258405028,0.7495743132947472,0.775189327203641,0.608812566039061,0.6369372830124617
2021-12-14,2021-22,POR,PHX,107,111,-110.0,-110.0,1.0,0,0.3461237430117725,0.3590585328287039,0.3331889531948411,0.3496975708333891,0.5,0.46649321075541333
2021-12-15,2021-22,POR,MEM,103,113,-105.0,-115.0,-0.0,0,0.42041872407300723,0.3851832563884522,0.4556541917575623,0.5409478646122956,0.488395545501788,0.5012591113806545
2021-12-15,2021-22,UTA,LAC,124,103,-800.0,550.0,-13.5,1,0.784210909207793,0.7746611542255895,0.7937606641899966,0.7998576426867348,0.8766273349432749,0.868197092052344
2021-12-15,2021-22,SAC,WAS,119,105,110.0,-130.0,2.5,1,0.48744665580795365,0.49499285441935803,0.4799004571965493,0.5725897421549715,0.4545972645555742,0.41505045389637707
2021-12-15,2021-22,DEN,MIN,107,124,-175.0,155.0,-4.0,0,0.7035262727160956,0.7329764608853439,0.6740760845468472,0.7616599262070817,0.6237593328799479,0.6369372830124617
2021-12-15,2021-22,SAS,CHA,115,131,-140.0,120.0,-2.5,0,0.5364867708856398,0.5392170497781168,0.5337564919931627,0.6490273294462251,0.5655647487838321,0.5873929722941529
2021-12-15,2021-22,MIL,IND,114,99,130.0,-150.0,3.0,1,0.7169011786953741,0.7084514196823093,0.7253509377084388,0.7618981634213858,0.4160173649636405,0.3982510126981278
2021-12-15,2021-22,OKC,NOP,110,113,160.0,-180.0,4.5,0,0.36130283431600707,0.3253636283820627,0.3972420402499514,0.4446104410126179,0.3691933524471482,0.3494051226951947
2021-12-15,2021-22,DAL,LAL,104,107,140.0,-160.0,4.0,0,0.582415275293549,0.6065731755729147,0.5582573750141834,0.6649700112627684,0.3991225517760463,0.3653952573222735
2021-12-15,2021-22,PHI,MIA,96,101,-300.0,250.0,-7.5,0,0.5326045104857077,0.5386979559428446,0.5265110650285707,0.6673609616159688,0.7363103777053058,0.7406831670688772
2021-12-15,2021-22,CLE,HOU,124,89,-420.0,350.0,-9.5,1,0.754470192650832,0.7552414425453025,0.7536989427563616,0.8344616279304257,0.7972454857008152,0.790518217596245
2021-12-15,2021-22,ORL,ATL,99,111,320.0,-380.0,9.0,0,0.2498515369298982,0.24053671391243833,0.2591663599473581,0.2977200150730287,0.2190215732260639,0.2229864782792013
2021-12-16,2021-22,IND,DET,122,113,-600.0,450.0,-10.5,1,0.7957561395210444,0.7985562935017487,0.7929559855403402,0.8544565086307251,0.8449082316736235,0.8126491965359115
2021-12-16,2021-22,BKN,PHI,114,105,130.0,-150.0,3.0,1,0.725328730024177,0.7158365124353744,0.7348209476129796,0.7085406742630906,0.4160173649636405,0.3982510126981278
2021-12-16,2021-22,HOU,NYK,103,116,180.0,-210.0,5.5,0,0.448301084533659,0.4566098105102679,0.4399923585570501,0.4773262286320825,0.3371686401719961,0.31844658639079165
2021-12-16,2021-22,PHX,WAS,118,98,-390.0,325.0,-8.5,1,0.8429541188583791,0.8520370886587503,0.8338711490580081,0.8681520153281403,0.7847926142494098,0.7665240746293874
2021-12-17,2021-22,NOP,MIL,116,112,-120.0,100.0,-1.5,1,0.3420675214083037,0.33326167285122815,0.35087336996537927,0.3763333630278573,0.5232290461518811,0.5532803541656142
2021-12-17,2021-22,SAC,MEM,105,124,230.0,-270.0,6.0,0,0.36302020565474624,0.360803207190711,0.36523720411878147,0.4705787362743148,0.283192915216782,0.30352831029681354
2021-12-17,2021-22,POR,CHA,125,116,-125.0,105.0,-1.5,1,0.42386261966037475,0.4163810856597412,0.43134415366100826,0.5816845867208663,0.5345862274328822,0.5532803541656142
2021-12-17,2021-22,UTA,SAS,126,128,-700.0,500.0,-11.5,0,0.832430094991144,0.8412518170606886,0.8236083729215993,0.8699839923114006,0.8625306598157729,0.8329362310205675
2021-12-17,2021-22,ORL,MIA,105,115,340.0,-410.0,9.0,0,0.231411970086274,0.2260129635187576,0.23681097665379044,0.2885464256130378,0.2070430225444016,0.2229864782792013
2021-12-17,2021-22,BOS,GSW,107,111,165.0,-185.0,4.0,0,0.398798224299449,0.3820255316414219,0.41557091695747617,0.4578446568484353,0.3624085951819801,0.3653952573222735
2021-12-17,2021-22,ATL,DEN,115,133,-160.0,140.0,-3.5,0,0.5856246573753368,0.581016794766079,0.5902325199845946,0.6655524310450012,0.6008774482239536,0.6206865291604615
2021-12-17,2021-22,MIN,LAL,110,92,100.0,-120.0,1.0,1,0.4888007800186249,0.49280551978613407,0.4847960402511157,0.5974889757147752,0.4767709538481187,0.46649321075541333
2021-12-18,2021-22,UTA,WAS,103,109,-280.0,240.0,-10.5,0,0.865312732595531,0.8424709644498544,0.8881545007412077,0.8748584947129393,0.7247510069457442,0.8126491965359115
2021-12-18,2021-22,BOS,NYK,114,107,-215.0,185.0,-6.0,1,0.6161128271918773,0.5889346678686074,0.6432909865151473,0.6938807647054962,0.6685259817213243,0.6985968682539574
2021-12-18,2021-22,OKC,LAC,104,103,165.0,-185.0,4.5,1,0.24449674326165688,0.2331333729686151,0.2558601135546986,0.2886030855061067,0.3624085951819801,0.3494051226951947
2021-12-18,2021-22,MIL,CLE,90,119,195.0,-230.0,6.0,0,0.5944090002641743,0.5747652314527497,0.6140527690755989,0.7144732527944472,0.3178456195397612,0.30352831029681354
2021-12-18,2021-22,BKN,ORL,93,100,-220.0,190.0,-5.0,0,0.8978909131034952,0.8984932442110096,0.8972885819959808,0.9196020212941604,0.6740282405333864,0.6684893183469965
2021-12-18,2021-22,DET,HOU,107,116,-110.0,-110.0,1.0,0,0.4490394103078278,0.4436848434606873,0.4543939771549683,0.5724040203882307,0.5,0.46649321075541333
2021-12-18,2021-22,TOR,GSW,119,100,-360.0,300.0,-7.5,1,0.3905416582259882,0.3782587246532773,0.4028245917986991,0.3831934012853366,0.7707247769725477,0.7406831670688772
2021-12-19,2021-22,CHI,LAL,115,110,-280.0,240.0,-7.0,1,0.5992946932539309,0.6027682455247437,0.5958211409831182,0.6926025023901031,0.7247510069457442,0.727086381207308
2021-12-19,2021-22,SAC,SAS,121,114,170.0,-190.0,5.0,1,0.44145607380058993,0.43978675923754873,0.44312538836363113,0.5509895108693532,0.3558717975062095,0.3337467294155119
2021-12-19,2021-22,MEM,POR,100,105,-185.0,165.0,-4.0,0,0.7527622997659982,0.7433359483281043,0.762188651203892,0.7574921833632258,0.63759140481802,0.6369372830124617
2021-12-19,2021-22,DET,MIA,100,90,220.0,-260.0,6.0,1,0.2279674202605944,0.19917134800090233,0.25676349252028646,0.2796475698993306,0.2916179563808568,0.30352831029681354
2021-12-19,2021-22,MIN,DAL,111,105,-165.0,145.0,-3.5,1,0.49394360247103275,0.5104381820000959,0.4774490229419696,0.6093218603250833,0.608812566039061,0.6206865291604615
2021-12-19,2021-22,PHX,CHA,137,106,-400.0,330.0,-8.5,1,0.7470828407282606,0.7548366861026835,0.7393289953538378,0.8455455629781758,0.7884793547170356,0.7665240746293874
2021-12-20,2021-22,GSW,SAC,113,98,-1000.0,650.0,-13.5,1,0.8327634112185813,0.8508431864946362,0.8146836359425266,0.865896082899799,0.8977486451172207,0.868197092052344
2021-12-20,2021-22,LAC,SAS,92,116,-230.0,195.0,-6.0,0,0.6895555132272304,0.6971044380428622,0.6820065884115986,0.7242672492088544,0.6821543804602389,0.6985968682539574
2021-12-20,2021-22,UTA,CHA,112,102,-900.0,600.0,-12.5,1,0.8302314944595867,0.8420843946247046,0.8183785942944687,0.8397221709523901,0.8881535201562881,0.8514281304931971
2021-12-20,2021-22,MEM,OKC,99,102,-400.0,330.0,-9.0,0,0.8707058085690049,0.8528049802093954,0.8886066369286145,0.8847352272792925,0.7884793547170356,0.7787539188531114
2021-12-20,2021-22,BOS,PHI,103,108,-140.0,120.0,-3.0,0,0.6234469956317361,0.5985188786624471,0.648375112601025,0.6247496249114257,0.5655647487838321,0.6041604400628688
2021-12-20,2021-22,CHI,HOU,133,118,-280.0,240.0,-7.5,1,0.7343860956938237,0.7291064070334794,0.7396657843541682,0.8366867084511174,0.7247510069457442,0.7406831670688772
2021-12-21,2021-22,NYK,DET,105,91,-290.0,245.0,-7.5,1,0.7678083777974104,0.7696265196138278,0.765990235980993,0.8282340174256675,0.7306509690077064,0.7406831670688772
2021-12-21,2021-22,MIA,IND,125,96,110.0,-130.0,2.5,1,0.6076873684976168,0.6083305133587851,0.6070442236364486,0.669145157619294,0.4545972645555742,0.41505045389637707
2021-12-21,2021-22,NOP,POR,111,97,100.0,-120.0,-0.0,1,0.6058300951616844,0.5817171992791063,0.6299429910442625,0.5998430934805308,0.4767709538481187,0.5012591113806545
2021-12-21,2021-22,DAL,MIN,114,102,120.0,-140.0,2.0,1,0.6045486955123308,0.6111811232055789,0.5979162678190827,0.6538434798618589,0.434435251216168,0.43204974195328455
2021-12-21,2021-22,LAL,PHX,90,108,250.0,-300.0,7.0,0,0.322417932455197,0.3169777725597038,0.3278580923506903,0.3649092183858566,0.2636896222946976,0.2749169702416817
2021-12-22,2021-22,SAC,LAC,89,105,155.0,-175.0,4.0,0,0.481601422975911,0.468296781497037,0.494906064454785,0.5132084611135187,0.376240667120052,0.3653952573222735
2021-12-22,2021-22,OKC,DEN,108,94,220.0,-260.0,6.5,1,0.23480386128097158,0.22496907700535737,0.24463864555658577,0.3020710781682252,0.2916179563808568,0.2890125525275827
2021-12-22,2021-22,ATL,ORL,98,104,-300.0,250.0,-8.0,0,0.8178858292361144,0.8122814975287176,0.8234901609435111,0.8659810429694228,0.7363103777053058,0.75383189663827
2021-12-22,2021-22,BOS,CLE,111,101,-250.0,210.0,-6.5,1,0.46677148253603873,0.4515732617835419,0.4819697032885355,0.5540918396266777,0.6994298951228424,0.7130528657723422
2021-12-22,2021-22,MIL,HOU,126,106,-390.0,325.0,-8.5,1,0.7739450263534279,0.7899321254664179,0.7579579272404379,0.8674277539370067,0.7847926142494098,0.7665240746293874
2021-12-23,2021-22,LAL,SAS,110,138,-125.0,105.0,-1.5,0,0.5128706683694971,0.531713379747349,0.4940279569916453,0.6213761384678754,0.5345862274328822,0.5532803541656142
2021-12-23,2021-22,GSW,MEM,113,104,-210.0,180.0,-5.5,1,0.7051023162538285,0.7065294566113098,0.7036751758963471,0.7715332601527194,0.662831359828004,0.6837356127682949
2021-12-23,2021-22,PHX,OKC,113,101,-1400.0,800.0,-15.0,1,0.9121190379786133,0.9274287994211312,0.8968092765360954,0.9372795199854718,0.9227437399650972,0.8903194467136929
2021-12-23,2021-22,DEN,CHA,107,115,-140.0,120.0,-2.0,0,0.6113422475674055,0.5866904200988525,0.6359940750359586,0.7043634200030281,0.5655647487838321,0.5704202656032762
2021-12-23,2021-22,DAL,MIL,95,102,140.0,-160.0,3.5,0,0.5310518104852963,0.5301554757759336,0.5319481451946589,0.544146327566729,0.3991225517760463,0.3816878509294548
2021-12-23,2021-22,UTA,MIN,128,116,-1300.0,775.0,-15.0,1,0.8007050229685524,0.8010471164840008,0.8003629294531038,0.8363820014304082,0.918071305687419,0.8903194467136929
2021-12-23,2021-22,MIA,DET,115,112,-750.0,525.0,-12.0,1,0.8628484206121776,0.8544727895391102,0.871224051685245,0.8788276606699225,0.8699506797724654,0.8424025365094192
2021-12-23,2021-22,ORL,NOP,104,110,170.0,-190.0,4.5,0,0.37220571394483737,0.3527542596655718,0.391657168224103,0.4544249760878912,0.3558717975062095,0.3494051226951947
2021-12-23,2021-22,IND,HOU,118,106,-270.0,230.0,-6.5,1,0.7567414381874928,0.7725027070494687,0.7409801693255169,0.8046604095433308,0.716807084783219,0.7130528657723422
2021-12-23,2021-22,PHI,ATL,96,98,-700.0,500.0,-11.0,0,0.6265314104534134,0.6703413345045228,0.582721486402304,0.6889899635113752,0.8625306598157729,0.8230207768240712
2021-12-23,2021-22,NYK,WAS,117,124,-160.0,140.0,-3.5,0,0.5880181863015737,0.5992950283541488,0.5767413442489985,0.6645511816744288,0.6008774482239536,0.6206865291604615
2021-12-25,2021-22,NYK,ATL,101,87,-210.0,180.0,-5.5,1,0.4949312731182687,0.5067634913288189,0.48309905490771843,0.5736521050992769,0.662831359828004,0.6837356127682949
2021-12-25,2021-22,MIL,BOS,117,113,-330.0,270.0,-7.5,1,0.6175151590981114,0.6204317839838368,0.6145985342123861,0.7154951277105065,0.7533643669158683,0.7406831670688772
2021-12-25,2021-22,PHX,GSW,107,116,-240.0,200.0,-6.0,0,0.6212761381498396,0.6292347165985389,0.6133175597011403,0.7016275981737045,0.6898984597215254,0.6985968682539574
2021-12-25,2021-22,LAL,BKN,115,122,-135.0,115.0,-2.5,0,0.4148109763608642,0.41669979557436226,0.4129221571473662,0.4566397494141483,0.5557172524365818,0.5873929722941529
2021-12-25,2021-22,UTA,DAL,120,116,-1000.0,650.0,-13.5,1,0.7733115664154633,0.7791831437739823,0.7674399890569443,0.8246675209782827,0.8977486451172207,0.868197092052344
2021-12-26,2021-22,LAC,DEN,100,103,140.0,-160.0,3.5,0,0.5588793881547447,0.5530929014457983,0.5646658748636911,0.6466131860910693,0.3991225517760463,0.3816878509294548
2021-12-26,2021-22,CHI,IND,113,105,-180.0,160.0,-4.0,1,0.6366864950618609,0.6330477445938661,0.6403252455298558,0.6975414604982493,0.6308066475528518,0.6369372830124617
2021-12-26,2021-22,SAS,DET,144,109,-550.0,425.0,-10.0,1,0.8098988318685173,0.8256623372310483,0.7941353265059863,0.8639035756237988,0.8343386613595238,0.8018161674873022
2021-12-26,2021-22,OKC,NOP,117,112,105.0,-125.0,1.5,1,0.3817248794073129,0.36918409287702464,0.39426566593760115,0.4527733617668773,0.4654137725671177,0.4492105947756774
2021-12-26,2021-22,MIA,ORL,93,83,-500.0,400.0,-10.5,1,0.8507240779634511,0.8284830637839607,0.8729650921429415,0.8710938614038326,0.8222655105048283,0.8126491965359115
2021-12-26,2021-22,CLE,TOR,144,99,-380.0,320.0,-9.0,1,0.6974297806003207,0.713674372462816,0.6811851887378253,0.7254446467685229,0.7809784267740079,0.7787539188531114
2021-12-26,2021-22,WAS,PHI,96,117,155.0,-175.0,4.0,0,0.4941035815456085,0.4835122878255488,0.5046948752656683,0.5445760225094326,0.376240667120052,0.3653952573222735
2021-12-26,2021-22,SAC,MEM,102,127,120.0,-140.0,2.0,0,0.39682498848179515,0.3787923121221851,0.41485766484140524,0.4596625875716671,0.434435251216168,0.43204974195328455
2021-12-27,2021-22,PHX,MEM,113,114,-320.0,265.0,-7.5,0,0.7594743731294327,0.773270685961894,0.7456780602969713,0.7973132688082226,0.7483962586301076,0.7406831670688772
2021-12-27,2021-22,LAC,BKN,108,124,150.0,-170.0,4.0,0,0.45794975911355496,0.42973836088970246,0.4861611573374075,0.5276824692613109,0.3835663265450182,0.3653952573222735
2021-12-27,2021-22,SAS,UTA,104,110,240.0,-280.0,7.0,0,0.35399466935580276,0.3653319195165514,0.3426574191950541,0.4295606448794167,0.2752489930542572,0.2749169702416817
2021-12-27,2021-22,POR,DAL,117,132,-150.0,130.0,-3.0,0,0.45723884418186383,0.4771968609129306,0.43728082745079705,0.5829059274255031,0.5839826350363595,0.6041604400628688
2021-12-27,2021-22,ATL,CHI,118,130,140.0,-160.0,3.0,0,0.5533760052810262,0.5644264488309629,0.5423255617310893,0.5828267369354653,0.3991225517760463,0.3982510126981278
2021-12-27,2021-22,CHA,HOU,123,99,-330.0,270.0,-8.0,1,0.7382245347349141,0.7395406932954709,0.7369083761743572,0.8040978079593037,0.7533643669158683,0.75383189663827
2021-12-27,2021-22,MIN,BOS,108,103,185.0,-215.0,5.0,1,0.5059300538141843,0.4886644838562945,0.5231956237720741,0.5798188057410945,0.3314740182786757,0.3337467294155119
2021-12-28,2021-22,SAC,OKC,117,111,-220.0,190.0,-5.5,1,0.6354068066127887,0.6198888722908507,0.6509247409347266,0.7048500305032245,0.6740282405333864,0.6837356127682949
2021-12-28,2021-22,NOP,CLE,108,104,165.0,-185.0,4.5,1,0.38427500855379587,0.35267664347039607,0.4158733736371957,0.4438411534450004,0.3624085951819801,0.3494051226951947
2021-12-28,2021-22,GSW,DEN,86,89,-350.0,290.0,-8.0,0,0.7627257827710323,0.7517936272225397,0.7736579383195249,0.8009483615160677,0.7652217439493267,0.75383189663827
2021-12-28,2021-22,HOU,LAL,123,132,190.0,-220.0,6.0,0,0.433659084592841,0.42304489752588037,0.4442732716598017,0.4851580667516771,0.3259717594666138,0.30352831029681354
2021-12-28,2021-22,ORL,MIL,110,127,800.0,-1400.0,15.0,0,0.21294175742875573,0.2204106370554152,0.20547287780209628,0.2587915743774038,0.0772562600349027,0.11066805468823976
2021-12-28,2021-22,MIA,WAS,119,112,-320.0,265.0,-8.0,1,0.7314387655348185,0.7186132864068749,0.7442642446627621,0.7506440271045441,0.7483962586301076,0.75383189663827
2021-12-28,2021-22,MIN,NYK,88,96,170.0,-190.0,5.0,0,0.5580002604358085,0.5426090008685234,0.5733915200030937,0.6504089902733231,0.3558717975062095,0.3337467294155119
2021-12-28,2021-22,TOR,PHI,109,114,210.0,-250.0,6.0,0,0.5090393883091978,0.4535377724770865,0.5645410041413091,0.5414654346470184,0.3005701048771581,0.30352831029681354
2021-12-29,2021-22,DET,NYK,85,94,280.0,-340.0,8.5,0,0.37790980619298264,0.3848109967687906,0.3710086156171747,0.3602204506996372,0.2405577767761341,0.23528346065663988
2021-12-29,2021-22,IND,CHA,108,116,-165.0,145.0,-4.0,0,0.5622609240249914,0.5770305356768224,0.5474913123731605,0.6359777100305879,0.608812566039061,0.6369372830124617
2021-12-29,2021-22,BOS,LAC,82,91,-240.0,200.0,-6.0,0,0.6031794583949677,0.6237167410910563,0.5826421756988791,0.6705055035377563,0.6898984597215254,0.6985968682539574
2021-12-29,2021-22,MEM,LAL,104,99,-250.0,210.0,-6.0,1,0.774289461762264,0.776788693982191,0.7717902295423369,0.7550452827423617,0.6994298951228424,0.6985968682539574
2021-12-29,2021-22,CHI,ATL,131,117,-330.0,270.0,-7.5,1,0.677302343322764,0.6755372547144902,0.6790674319310377,0.7247201262269546,0.7533643669158683,0.7406831670688772
2021-12-29,2021-22,PHX,OKC,115,97,-1800.0,950.0,-16.0,1,0.9085152090817316,0.9201955701597408,0.8968348480037223,0.9288649739919058,0.9380473804284508,0.9031979029732045
2021-12-29,2021-22,POR,UTA,105,120,265.0,-320.0,8.0,0,0.2806082897220545,0.2559251966257444,0.30529138281836454,0.3138855313859841,0.2516037413699005,0.2480421029872373
2021-12-29,2021-22,SAC,DAL,95,94,-105.0,-115.0,-0.0,1,0.3501639547721681,0.3277158958019097,0.3726120137424266,0.4598447280026564,0.488395545501788,0.5012591113806545
2021-12-30,2021-22,BKN,PHI,102,110,-200.0,175.0,-5.0,0,0.6768584993004693,0.6063785071007682,0.7473384915001703,0.689592010154141,0.6537231647740015,0.6684893183469965
2021-12-30,2021-22,WAS,CLE,110,93,-165.0,145.0,-4.0,1,0.3852594454698647,0.35433529708986355,0.41618359384986575,0.4593511420183675,0.608812566039061,0.6369372830124617
2021-12-30,2021-22,ORL,MIL,118,136,700.0,-1100.0,14.0,0,0.20382110801377018,0.20770964880287415,0.1999325672246662,0.2453740835875044,0.0941431127183459,0.12513564429237414
2021-12-31,2021-22,MEM,SAS,118,105,-220.0,190.0,-5.5,1,0.5739034467306926,0.6066337386684307,0.5411731547929545,0.6859110073013209,0.6740282405333864,0.6837356127682949
2021-12-31,2021-22,LAL,POR,139,106,-230.0,195.0,-5.5,1,0.5713959018548931,0.5879212820493225,0.5548705216604638,0.6604089464587923,0.6821543804602389,0.6837356127682949
2021-12-31,2021-22,UTA,MIN,120,108,-800.0,550.0,-12.5,1,0.7877521506839809,0.795469305216062,0.7800349961518996,0.8568351401381348,0.8766273349432749,0.8514281304931971
2021-12-31,2021-22,TOR,LAC,116,108,-260.0,220.0,-6.5,1,0.5411656655970095,0.5418305327275271,0.5405007984664919,0.6009298187350536,0.7083820436191438,0.7130528657723422
2021-12-31,2021-22,OKC,NYK,95,80,130.0,-150.0,2.5,1,0.34166785898315893,0.34254290876712296,0.3407928091991949,0.398497752643196,0.4160173649636405,0.41505045389637707
2021-12-31,2021-22,HOU,MIA,110,120,170.0,-190.0,5.0,0,0.26248135154563146,0.2590568286257123,0.26590587446555064,0.3305340904394068,0.3558717975062095,0.3337467294155119
2021-12-31,2021-22,SAC,DAL,96,112,-105.0,-115.0,1.0,0,0.3712684021880188,0.3679137074886449,0.3746230968873927,0.473783281810432,0.488395545501788,0.46649321075541333
2021-12-31,2021-22,IND,CHI,106,108,115.0,-135.0,3.0,0,0.48822763216725745,0.45944768251323165,0.5170075818212833,0.5185244419271147,0.4442827475634181,0.3982510126981278
2021-12-31,2021-22,BOS,PHX,123,108,130.0,-150.0,3.0,1,0.3388371103747684,0.3411874649424072,0.3364867558071295,0.4008766675171002,0.4160173649636405,0.3982510126981278
2021-12-31,2021-22,CLE,ATL,118,121,-135.0,115.0,-1.5,0,0.6964623013009035,0.688661818648781,0.704262783953026,0.7336332460867394,0.5557172524365818,0.5532803541656142
2022-01-01,2021-22,MIL,NOP,136,113,-850.0,575.0,-12.0,1,0.7474574645864408,0.750550827268222,0.7443641019046596,0.8074227278841202,0.8826661195242046,0.8424025365094192
2022-01-01,2021-22,WAS,CHI,119,120,110.0,-130.0,2.0,0,0.5128269402923711,0.49671496575038954,0.5289389148343527,0.495277949248661,0.4545972645555742,0.43204974195328455
2022-01-01,2021-22,DET,SAS,117,116,225.0,-265.0,6.5,1,0.34441000780524395,0.32649227328793584,0.36232774232255205,0.3274921012303463,0.2873425552709012,0.2890125525275827
2022-01-01,2021-22,BKN,LAC,116,120,-1200.0,750.0,-14.0,0,0.7565108016929697,0.7588143144406113,0.7542072889453281,0.7488793819187641,0.91279635895203,0.8759629475140374
2022-01-01,2021-22,HOU,DEN,111,124,265.0,-320.0,8.5,0,0.2954372319904708,0.2759083229600708,0.3149661410208708,0.3495811021873271,0.2516037413699005,0.23528346065663988
2022-01-01,2021-22,UTA,GSW,116,123,-220.0,190.0,-5.5,0,0.564649509068706,0.5867478284445136,0.5425511896928984,0.6889760681426433,0.6740282405333864,0.6837356127682949
2022-01-02,2021-22,LAL,MIN,108,103,-320.0,265.0,-7.0,1,0.5487451587144867,0.537450528149956,0.5600397892790175,0.6332371745148285,0.7483962586301076,0.727086381207308
2022-01-02,2021-22,CHA,PHX,99,133,105.0,-125.0,1.5,0,0.38172553402707315,0.38353518862994934,0.37991587942419697,0.4269734068179661,0.4654137725671177,0.4492105947756774
2022-01-02,2021-22,OKC,DAL,86,95,400.0,-500.0,10.0,0,0.31719816070077456,0.30756373646875923,0.3268325849327898,0.3893451881537225,0.1777344894951717,0.19978935629055913
2022-01-02,2021-22,TOR,NYK,120,105,-360.0,300.0,-8.0,1,0.5810348425286186,0.5814750303014101,0.580594654755827,0.6517786474010775,0.7707247769725477,0.75383189663827
2022-01-02,2021-22,BOS,ORL,116,111,-600.0,450.0,-10.0,1,0.801950800732533,0.8131781100927197,0.7907234913723463,0.868006376264536,0.8449082316736235,0.8018161674873022
2022-01-02,2021-22,CLE,IND,108,104,-175.0,155.0,-4.5,1,0.6948182352963003,0.6909420008202516,0.698694469772349,0.7352994247172058,0.6237593328799479,0.6528811761685757
2022-01-02,2021-22,SAC,MIA,115,113,145.0,-165.0,3.5,1,0.3176251499688985,0.29958072905632355,0.3356695708814735,0.3931229274342342,0.391187433960939,0.3816878509294548
2022-01-03,2021-22,NOP,UTA,104,115,330.0,-400.0,8.5,0,0.2866029077127044,0.2986728795037593,0.2745329359216495,0.3239267438900099,0.2115206452829644,0.23528346065663988
2022-01-03,2021-22,GSW,MIA,115,108,-550.0,425.0,-10.5,1,0.7401981397811341,0.7513449622016997,0.7290513173605686,0.7741860518800098,0.8343386613595238,0.8126491965359115
2022-01-03,2021-22,POR,ATL,136,131,150.0,-170.0,4.0,1,0.4718260348257317,0.48112890066179803,0.4625231689896654,0.5380207614757504,0.3835663265450182,0.3653952573222735
2022-01-03,2021-22,DAL,DEN,103,89,-145.0,125.0,-3.0,1,0.5670220367021799,0.5496319150363693,0.5844121583679904,0.6304990765859965,0.5749769329552475,0.6041604400628688
2022-01-03,2021-22,LAC,MIN,104,122,-160.0,140.0,-3.5,0,0.6597450432154386,0.6243244696711833,0.6951656167596939,0.6965980947444621,0.6008774482239536,0.6206865291604615
2022-01-03,2021-22,CHI,ORL,102,98,-1200.0,750.0,-14.0,1,0.8938705929928343,0.8946529522112661,0.8930882337744026,0.898858862538692,0.91279635895203,0.8759629475140374
2022-01-03,2021-22,BKN,MEM,104,118,-260.0,220.0,-6.5,0,0.5557711481105406,0.561785190207585,0.5497571060134963,0.6661545332323868,0.7083820436191438,0.7130528657723422
2022-01-03,2021-22,WAS,CHA,124,121,-125.0,105.0,-2.0,1,0.5705640268458716,0.6069445433810359,0.5341835103107072,0.6089868698691632,0.5345862274328822,0.5704202656032762
2022-01-03,2021-22,PHI,HOU,133,113,-1000.0,650.0,-13.0,1,0.8277694795488465,0.8392197742011114,0.8163191848965816,0.8907203401202981,0.8977486451172207,0.8600227189744314
2022-01-03,2021-22,MIL,DET,106,115,-2500.0,1100.0,-17.0,0,0.8883398518572085,0.8930016328914215,0.8836780708229957,0.9175670196608956,0.9529136327857252,0.9147090605918388
2022-01-04,2021-22,TOR,SAS,129,104,-290.0,245.0,-7.0,1,0.534953397764684,0.5394917355203456,0.5304150600090224,0.6306553476145852,0.7306509690077064,0.727086381207308
2022-01-04,2021-22,CLE,MEM,106,110,-160.0,140.0,-3.5,0,0.5896667411906205,0.615564129911421,0.5637693524698199,0.6091523457205843,0.6008774482239536,0.6206865291604615
2022-01-04,2021-22,NYK,IND,104,94,-160.0,140.0,-3.5,1,0.5504106785640495,0.5593265813129903,0.5414947758151085,0.6366504254357603,0.6008774482239536,0.6206865291604615
2022-01-04,2021-22,NOP,PHX,110,123,225.0,-265.0,6.5,0,0.24654720050483947,0.2332068173638994,0.2598875836457795,0.3187987050190186,0.2873425552709012,0.2890125525275827
2022-01-04,2021-22,LAL,SAC,122,114,-250.0,210.0,-6.5,1,0.671223545890644,0.68240540608619,0.660041685695098,0.7442471986359721,0.6994298951228424,0.7130528657723422
2022-01-05,2021-22,POR,MIA,109,115,120.0,-140.0,2.5,0,0.4140141354294999,0.4142187830025006,0.4138094878564992,0.4741014832268013,0.434435251216168,0.41505045389637707
2022-01-05,2021-22,SAC,ATL,102,108,-125.0,105.0,-1.5,0,0.3944466603118474,0.3822787706390717,0.40661454998462304,0.4937411301105061,0.5345862274328822,0.5532803541656142
2022-01-05,2021-22,MIL,TOR,111,117,-130.0,110.0,-2.5,0,0.7280592770713814,0.7397471089571891,0.7163714451855736,0.7333136034911506,0.5454027354444257,0.5873929722941529
2022-01-05,2021-22,MIN,OKC,98,90,-420.0,350.0,-9.5,1,0.7713074508508537,0.7798688224689331,0.7627460792327745,0.8095506394596511,0.7972454857008152,0.790518217596245
2022-01-05,2021-22,IND,BKN,121,129,310.0,-370.0,8.0,0,0.4467177070817582,0.4142908555706938,0.4791445585928226,0.5008039339972604,0.2240289498258324,0.2480421029872373
2022-01-05,2021-22,DEN,UTA,109,115,-110.0,-110.0,-1.0,0,0.36506048543342823,0.3812325199287822,0.34888845093807425,0.4199508012066407,0.5,0.5360128414112495
2022-01-05,2021-22,BOS,SAS,97,99,-330.0,270.0,-7.5,0,0.6421322163846928,0.6795645199638058,0.6046999128055798,0.6868030945048115,0.7533643669158683,0.7406831670688772
2022-01-05,2021-22,WAS,HOU,111,114,-300.0,250.0,-7.5,0,0.7389702627374646,0.7596600215934849,0.7182805038814444,0.8152385580281619,0.7363103777053058,0.7406831670688772
2022-01-05,2021-22,CHA,DET,140,111,-600.0,450.0,-10.5,1,0.7358351619387533,0.7623140379489285,0.7093562859285781,0.8230279261617551,0.8449082316736235,0.8126491965359115
2022-01-05,2021-22,ORL,PHI,106,116,290.0,-350.0,8.5,0,0.2104252929688108,0.22847859601607468,0.1923719899215469,0.2543420545521435,0.2347782560506988,0.23528346065663988
2022-01-05,2021-22,DAL,GSW,99,82,170.0,-190.0,4.5,1,0.41163064801988475,0.4096543923001966,0.4136069037395729,0.4607094986398218,0.3558717975062095,0.3494051226951947
2022-01-06,2021-22,NYK,BOS,108,105,110.0,-130.0,2.0,1,0.5659545754324213,0.6013645395095489,0.5305446113552938,0.5822193261467125,0.4545972645555742,0.43204974195328455
2022-01-06,2021-22,NOP,GSW,101,96,-115.0,-105.0,-1.0,1,0.3241754052212722,0.355716905747879,0.2926339046946654,0.3440697994015769,0.5116044544982119,0.5360128414112495
2022-01-06,2021-22,MEM,DET,118,88,-1000.0,650.0,-13.5,1,0.8992269097420532,0.8912123087521343,0.9072415107319721,0.8973757013511535,0.8977486451172207,0.868197092052344
2022-01-06,2021-22,PHX,LAC,106,89,-600.0,450.0,-10.5,1,0.8140852184268683,0.8365787099957988,0.791591726857938,0.843027577056476,0.8449082316736235,0.8126491965359115
2022-01-07,2021-22,LAL,ATL,134,118,-120.0,100.0,-1.0,1,0.5466679866501072,0.549697906071829,0.5436380672283855,0.6170278085036338,0.5232290461518811,0.5360128414112495
2022-01-07,2021-22,POR,CLE,101,114,200.0,-240.0,6.0,0,0.3994725313024289,0.3866847326463524,0.4122603299585054,0.460594706696266,0.3101015402784747,0.30352831029681354
2022-01-07,2021-22,DEN,SAC,121,111,-310.0,260.0,-8.0,1,0.7368563499889709,0.7539498089262876,0.7197628910516543,0.8043804372430213,0.7432301097396163,0.75383189663827
2022-01-07,2021-22,CHI,WAS,130,122,-220.0,190.0,-5.5,1,0.7295119353977131,0.7249815724327151,0.7340422983627111,0.7778522964326362,0.6740282405333864,0.6837356127682949
2022-01-07,2021-22,HOU,DAL,106,130,130.0,-150.0,3.0,0,0.25398633750143684,0.25782184753904536,0.2501508274638283,0.3148802411618937,0.4160173649636405,0.3982510126981278
2022-01-07,2021-22,TOR,UTA,122,108,-1100.0,700.0,-13.5,1,0.3782186775616756,0.38232405517852347,0.3741132999448278,0.4064097176524535,0.905856887281654,0.868197092052344
2022-01-07,2021-22,BKN,MIL,109,121,-180.0,160.0,-4.0,0,0.536887132423115,0.5413690816832093,0.5324051831630209,0.6367077115822125,0.6308066475528518,0.6369372830124617
2022-01-07,2021-22,PHI,SAS,119,100,-340.0,280.0,-8.5,1,0.6834112581893679,0.6771400957881627,0.6896824205905729,0.7483620969701028,0.7594422232238837,0.7665240746293874
2022-01-07,2021-22,OKC,MIN,105,135,165.0,-185.0,5.0,0,0.3440006199966608,0.33786243620288436,0.35013880379043727,0.4179208166942629,0.3624085951819801,0.3337467294155119
2022-01-08,2021-22,PHX,MIA,100,123,-500.0,400.0,-10.0,0,0.7257240550638536,0.7305883860613694,0.7208597240663378,0.7933538978200614,0.8222655105048283,0.8018161674873022
2022-01-08,2021-22,LAC,MEM,108,123,110.0,-130.0,2.0,0,0.367357018863518,0.35780620441229605,0.37690783331474,0.4941999809236375,0.4545972645555742,0.43204974195328455
2022-01-08,2021-22,IND,UTA,125,113,165.0,-185.0,4.5,1,0.36383569780068886,0.37336017177131525,0.35431122383006247,0.3397118574940151,0.3624085951819801,0.3494051226951947
2022-01-08,2021-22,DET,ORL,97,92,-120.0,100.0,-1.0,1,0.5541779281134265,0.5779407962178307,0.5304150600090224,0.6602336889630451,0.5232290461518811,0.5360128414112495
2022-01-08,2021-22,CHA,MIL,114,106,-125.0,105.0,-1.5,1,0.5193241754659215,0.5095220274692132,0.5291263234626299,0.5004052787863886,0.5345862274328822,0.5532803541656142
2022-01-08,2021-22,BOS,NYK,99,75,-310.0,260.0,-8.0,1,0.6212014946013149,0.6239578930733224,0.6184450961293074,0.6821642690398728,0.7432301097396163,0.75383189663827
2022-01-09,2021-22,GSW,CLE,96,82,-290.0,245.0,-6.5,1,0.637412489772521,0.6486265055475434,0.6261984739974985,0.7373547038599239,0.7306509690077064,0.7130528657723422
2022-01-09,2021-22,BKN,SAS,121,119,-500.0,400.0,-9.5,1,0.6623784427263347,0.6566530313254886,0.6681038541271809,0.7249367268719673,0.8222655105048283,0.790518217596245
2022-01-09,2021-22,POR,SAC,103,88,105.0,-125.0,1.5,1,0.6206147337723169,0.6601718880380034,0.5810575795066303,0.6892407418487512,0.4654137725671177,0.4492105947756774
2022-01-09,2021-22,LAL,MEM,119,127,-160.0,140.0,-3.0,0,0.4790822968340513,0.49218190318739,0.46598269048071256,0.4795603367032343,0.6008774482239536,0.6041604400628688
2022-01-09,2021-22,DAL,CHI,113,99,-130.0,110.0,-2.0,1,0.5268500966643486,0.5479363589073643,0.5057638344213329,0.6220109868384841,0.5454027354444257,0.5704202656032762
2022-01-09,2021-22,ORL,WAS,100,102,240.0,-280.0,7.0,0,0.3238624605887526,0.3099096831436177,0.3378152380338875,0.401674725164985,0.2752489930542572,0.2749169702416817
2022-01-09,2021-22,HOU,MIN,123,141,210.0,-250.0,6.5,0,0.30860280618712554,0.2793918864918905,0.33781372588236064,0.3638998002195426,0.3005701048771581,0.2890125525275827
2022-01-09,2021-22,LAC,ATL,106,93,155.0,-175.0,4.0,1,0.48803343179985126,0.47061128302204264,0.5054555805776598,0.6271047887884076,0.376240667120052,0.3653952573222735
2022-01-09,2021-22,OKC,DEN,95,99,235.0,-275.0,7.0,0,0.28010914981879576,0.29191964782117324,0.26829865181641827,0.3516984984201391,0.279163472654704,0.2749169702416817
2022-01-09,2021-22,TOR,NOP,105,101,-280.0,240.0,-7.0,1,0.7196383950293843,0.7102432260263958,0.729033564032373,0.7522366972735851,0.7247510069457442,0.727086381207308
2022-01-10,2021-22,DET,UTA,126,116,525.0,-750.0,10.5,1,0.19315917833173618,0.17139054787072638,0.214927808792746,0.1986679244797163,0.1300493202275345,0.18888924117694963
2022-01-10,2021-22,CHA,MIL,103,99,120.0,-140.0,2.5,1,0.45826251722432126,0.4434001100714475,0.47312492437719506,0.5287483005368766,0.434435251216168,0.41505045389637707
2022-01-10,2021-22,NYK,SAS,111,96,-255.0,215.0,-6.5,1,0.5766295516885183,0.615603340580194,0.5376557627968427,0.6180860857967093,0.7039749620300272,0.7130528657723422
2022-01-10,2021-22,BOS,IND,101,98,-400.0,330.0,-9.0,1,0.6376122683233193,0.633228394067076,0.6419961425795626,0.7051199294353083,0.7884793547170356,0.7787539188531114
2022-01-10,2021-22,SAC,CLE,108,109,180.0,-210.0,5.5,0,0.34977116928282986,0.3468165359816975,0.35272580258396224,0.3759056830322501,0.3371686401719961,0.31844658639079165
2022-01-10,2021-22,HOU,PHI,91,111,400.0,-500.0,10.0,0,0.19753106378898977,0.17357743794888855,0.221484689629091,0.2497037842925512,0.1777344894951717,0.19978935629055913
2022-01-10,2021-22,POR,BKN,114,108,290.0,-350.0,8.5,1,0.4453179005857594,0.46246024292993,0.42817555824158876,0.4407282776361106,0.2347782560506988,0.23528346065663988
2022-01-11,2021-22,CHI,DET,133,87,-1200.0,750.0,-13.5,1,0.8897129906181647,0.8836406106763766,0.8957853705599527,0.8741632244497893,0.91279635895203,0.868197092052344
2022-01-11,2021-22,LAC,DEN,87,85,125.0,-145.0,2.5,1,0.4722564095316622,0.461413764155606,0.48309905490771843,0.5770402525532312,0.4250230670447525,0.41505045389637707
2022-01-11,2021-22,NOP,MIN,128,125,140.0,-160.0,3.0,1,0.45193944360799765,0.4273967788211164,0.476482108394879,0.5382352133075774,0.3991225517760463,0.3982510126981278
2022-01-11,2021-22,WAS,OKC,122,118,-260.0,220.0,-7.0,1,0.7375357866866723,0.759490400100078,0.7155811732732666,0.8023829881549251,0.7083820436191438,0.727086381207308
2022-01-11,2021-22,TOR,PHX,95,99,165.0,-185.0,4.5,0,0.44157335325685754,0.44231749685676225,0.44082920965695277,0.4856069783276159,0.3624085951819801,0.3494051226951947
2022-01-11,2021-22,MEM,GSW,116,108,110.0,-130.0,2.5,1,0.5617375768197586,0.5560726870691813,0.5674024665703357,0.593945795027921,0.4545972645555742,0.41505045389637707
2022-01-12,2021-22,SAS,HOU,124,128,-280.0,240.0,-7.0,0,0.7562810526008178,0.7860803470615016,0.7264817581401339,0.8341672188527076,0.7247510069457442,0.727086381207308
2022-01-12,2021-22,CHI,BKN,112,138,100.0,-120.0,1.5,0,0.6345813211043161,0.6351588747501334,0.6340037674584988,0.6741609843849978,0.4767709538481187,0.4492105947756774
2022-01-12,2021-22,SAC,LAL,125,116,140.0,-160.0,4.0,1,0.38512353721227394,0.38358322586580074,0.38666384855874714,0.4732083336817789,0.3991225517760463,0.3653952573222735
2022-01-12,2021-22,ATL,MIA,91,115,-140.0,120.0,-2.5,0,0.38375493661212945,0.3908405217539586,0.3766693514703003,0.4853507489199865,0.5655647487838321,0.5873929722941529
2022-01-12,2021-22,UTA,CLE,91,111,-200.0,175.0,-5.0,0,0.6741754387397881,0.6763528631468236,0.6719980143327526,0.7327833559157494,0.6537231647740015,0.6684893183469965
2022-01-12,2021-22,IND,BOS,100,119,-120.0,100.0,-1.0,0,0.48821623260032954,0.5021789535151198,0.47425351168553936,0.5604612961783011,0.5232290461518811,0.5360128414112495
2022-01-12,2021-22,WAS,ORL,112,106,-260.0,220.0,-6.5,1,0.7547932297324289,0.7687825000790262,0.7408039593858318,0.8323051395264052,0.7083820436191438,0.7130528657723422
2022-01-12,2021-22,PHI,CHA,98,109,-220.0,190.0,-5.5,0,0.7036179163995562,0.7154530332923058,0.6917827995068064,0.753238675768429,0.6740282405333864,0.6837356127682949
2022-01-12,2021-22,NYK,DAL,108,85,115.0,-135.0,2.5,1,0.4282178996965085,0.3975594610724812,0.4588763383205357,0.5061535242068396,0.4442827475634181,0.41505045389637707
2022-01-13,2021-22,MIL,GSW,118,99,-120.0,100.0,-0.0,1,0.518121773593258,0.5070416507635784,0.5292018964229376,0.5528100780185935,0.5232290461518811,0.5012591113806545
2022-01-13,2021-22,MEM,MIN,116,108,-145.0,125.0,-3.0,1,0.702981342109084,0.686472580535188,0.71949010368298,0.7648239011033819,0.5749769329552475,0.6041604400628688
2022-01-13,2021-22,NOP,LAC,113,89,-180.0,160.0,-4.0,1,0.5346028170268159,0.5776290594014032,0.49157657465222865,0.5902805343847338,0.6308066475528518,0.6369372830124617
2022-01-13,2021-22,BKN,OKC,109,130,-210.0,180.0,-5.5,0,0.8576913670638462,0.8469357082208734,0.868447025906819,0.8908396203919511,0.662831359828004,0.6837356127682949
2022-01-13,2021-22,DEN,POR,140,108,-650.0,475.0,-11.5,1,0.6639569617901125,0.6635734007783665,0.6643405228018586,0.7557503260585832,0.8542372382782516,0.8329362310205675
2022-01-14,2021-22,MEM,DAL,85,112,-140.0,120.0,-2.5,0,0.6590473720562822,0.6211378428176112,0.6969569012949532,0.720639144949838,0.5655647487838321,0.5873929722941529
2022-01-14,2021-22,SAC,HOU,126,114,-220.0,190.0,-5.0,1,0.6607430263214944,0.664031370486106,0.6574546821568829,0.7208470756098334,0.6740282405333864,0.6684893183469965
2022-01-14,2021-22,SAS,CLE,109,114,130.0,-150.0,3.0,0,0.403433829826074,0.39915557288752973,0.40771208676461823,0.47641801333235,0.4160173649636405,0.3982510126981278
2022-01-14,2021-22,MIA,ATL,124,118,-215.0,185.0,-5.5,1,0.7763869005336195,0.7835989047554724,0.7691748963117666,0.8023681961412269,0.6685259817213243,0.6837356127682949
2022-01-14,2021-22,DET,TOR,103,87,340.0,-410.0,9.0,1,0.2628841950748795,0.283330529404786,0.24243786074497298,0.3455367834250579,0.2070430225444016,0.2229864782792013
2022-01-14,2021-22,PHI,BOS,111,99,-150.0,130.0,-3.0,1,0.6359023696660109,0.6566647883104301,0.6151399510215917,0.6862029726645621,0.5839826350363595,0.6041604400628688
2022-01-14,2021-22,IND,PHX,94,112,180.0,-210.0,5.5,0,0.3233989484309697,0.30964961948101416,0.3371482773809253,0.3533942491121411,0.3371686401719961,0.31844658639079165
2022-01-14,2021-22,CHA,ORL,109,116,-650.0,475.0,-11.5,0,0.8616620918382936,0.8454593465708582,0.8778648371057289,0.8786935248580041,0.8542372382782516,0.8329362310205675
2022-01-14,2021-22,CHI,GSW,96,138,-145.0,125.0,-2.5,0,0.5955381907264956,0.6052839406729491,0.5857924407800422,0.5398704512793958,0.5749769329552475,0.5873929722941529
2022-01-15,2021-22,SAS,LAC,101,94,-115.0,-105.0,-1.5,1,0.5484970923546786,0.5480930028077736,0.5489011819015834,0.6218444804939001,0.5116044544982119,0.5532803541656142
2022-01-15,2021-22,DAL,ORL,108,92,-800.0,550.0,-11.5,1,0.8953830669467826,0.8977435691322202,0.8930225647613451,0.9039415417049436,0.8766273349432749,0.8329362310205675
2022-01-15,2021-22,DEN,LAL,133,96,-185.0,165.0,-4.5,1,0.6259148902026371,0.6408721561895726,0.6109576242157017,0.7226029529613607,0.63759140481802,0.6528811761685757
2022-01-15,2021-22,BOS,CHI,114,112,-310.0,260.0,-7.5,1,0.572045251013022,0.5987534628798852,0.5453370391461587,0.6638395840088035,0.7432301097396163,0.7406831670688772
2022-01-15,2021-22,MIA,PHI,98,109,-155.0,135.0,-3.0,0,0.6234392328453131,0.6392471936236177,0.6076312720670086,0.6590563804101283,0.5926081354603255,0.6041604400628688
2022-01-15,2021-22,OKC,CLE,102,107,175.0,-200.0,5.0,0,0.3396451179887324,0.35486762689794804,0.3244226090795168,0.3144765120661693,0.3462768352259985,0.3337467294155119
2022-01-15,2021-22,ATL,NYK,108,117,-125.0,105.0,-1.5,0,0.4848928552929138,0.4826993340268629,0.4870863765589648,0.5781172444605859,0.5345862274328822,0.5532803541656142
2022-01-15,2021-22,BKN,NOP,120,105,-200.0,175.0,-5.5,1,0.680142068951817,0.6812167059725963,0.6790674319310377,0.7301435413151477,0.6537231647740015,0.6837356127682949
2022-01-15,2021-22,WAS,POR,110,115,-280.0,240.0,-7.5,0,0.6523844300250836,0.6220135417885672,0.6827553182616001,0.6972386709997819,0.7247510069457442,0.7406831670688772
2022-01-15,2021-22,MIL,TOR,96,103,-340.0,280.0,-7.5,0,0.7224792320801603,0.7419823293946217,0.702976134765699,0.7294336915406618,0.7594422232238837,0.7406831670688772
2022-01-16,2021-22,SAC,HOU,112,118,-185.0,165.0,-4.5,0,0.6879247247050356,0.6843115673935484,0.6915378820165229,0.7349288646096698,0.63759140481802,0.6528811761685757
2022-01-16,2021-22,MIN,GSW,119,99,-190.0,170.0,-5.0,1,0.47963027683333426,0.44765940591471526,0.5116011477519532,0.440846913785979,0.6441282024937907,0.6684893183469965
2022-01-16,2021-22,DEN,UTA,102,125,190.0,-220.0,5.5,0,0.5063001394505222,0.5024005684019225,0.5101997104991219,0.562994432994207,0.3259717594666138,0.31844658639079165
2022-01-16,2021-22,DET,PHX,108,135,550.0,-800.0,11.5,0,0.21406511343650947,0.18708227939266003,0.24104794748035888,0.220500936279903,0.1233726650567251,0.16847015425964673
2022-01-17,2021-22,SAS,PHX,107,121,150.0,-170.0,4.0,0,0.30886793065423535,0.32370923978892896,0.2940266215195418,0.3446974001887662,0.3835663265450182,0.3653952573222735
2022-01-17,2021-22,MIA,TOR,104,99,-115.0,105.0,-4.0,1,0.6694618888905617,0.664056889254297,0.6748668885268265,0.715182479929774,0.523787223299892,0.6369372830124617
2022-01-17,2021-22,ORL,POR,88,98,110.0,-130.0,2.0,0,0.3946814278281382,0.3785939177743292,0.4107689378819472,0.45417173129174,0.4545972645555742,0.43204974195328455
2022-01-17,2021-22,ATL,MIL,121,114,180.0,-210.0,5.0,1,0.40208420121424204,0.3967689832183302,0.40739941921015393,0.4549925630620721,0.3371686401719961,0.3337467294155119
2022-01-17,2021-22,LAC,IND,139,133,-130.0,110.0,-2.5,1,0.5562931452132149,0.5615147807861524,0.5510715096402775,0.6657473805956677,0.5454027354444257,0.5873929722941529
2022-01-17,2021-22,DAL,OKC,104,102,-800.0,550.0,-11.5,1,0.8512532705176452,0.8382130661685407,0.8642934748667497,0.8779394878111787,0.8766273349432749,0.8329362310205675
2022-01-17,2021-22,CLE,BKN,114,107,-160.0,140.0,-4.0,1,0.614475497054599,0.5964392809831984,0.6325117131259996,0.696314265525809,0.6008774482239536,0.6369372830124617
2022-01-17,2021-22,WAS,PHI,117,98,105.0,-125.0,1.5,1,0.3544404899703206,0.36722200668345373,0.3416589732571875,0.4269991198428839,0.4654137725671177,0.4492105947756774
2022-01-17,2021-22,LAL,UTA,101,95,190.0,-220.0,5.5,1,0.4200453322652725,0.4388075356138682,0.4012831289166769,0.4024615341183695,0.3259717594666138,0.31844658639079165
2022-01-17,2021-22,BOS,NOP,104,92,-180.0,160.0,-4.5,1,0.6757662341719455,0.6793755855309256,0.6721568828129653,0.7412975728634695,0.6308066475528518,0.6528811761685757
2022-01-17,2021-22,MEM,CHI,119,106,-360.0,300.0,-8.5,1,0.6740946601678885,0.6603142845365128,0.6878750357992642,0.7305906803799703,0.7707247769725477,0.7665240746293874
2022-01-17,2021-22,NYK,CHA,87,97,-150.0,130.0,-2.5,0,0.5282665224502057,0.5604190043750927,0.49611404052531854,0.6469290464011498,0.5839826350363595,0.5873929722941529
2022-01-18,2021-22,GSW,DET,102,86,-2000.0,1000.0,-15.5,1,0.8673046589641631,0.8567381167635078,0.8778712011648185,0.9029253647398904,0.9432825093841778,0.8969365809385075
2022-01-18,2021-22,NYK,MIN,110,112,155.0,-175.0,4.0,0,0.4504470797779796,0.4491474811267183,0.4517466784292409,0.5963238406936452,0.376240667120052,0.3653952573222735
2022-01-19,2021-22,WAS,BKN,118,119,-115.0,-105.0,-1.0,0,0.4815226380378129,0.4694838786856066,0.4935613973900193,0.5463319503333618,0.5116044544982119,0.5360128414112495
2022-01-19,2021-22,LAL,IND,104,111,-165.0,145.0,-3.5,0,0.6319971913162961,0.6445096469093728,0.6194847357232192,0.6735335570869232,0.608812566039061,0.6206865291604615
2022-01-19,2021-22,DEN,LAC,130,128,-420.0,350.0,-9.5,1,0.7069318041181304,0.7201547210513999,0.6937088871848609,0.7140460336951596,0.7972454857008152,0.790518217596245
2022-01-19,2021-22,SAC,DET,131,133,-300.0,250.0,-7.5,0,0.6704294194539324,0.694362763793576,0.6464960751142887,0.6748015324793363,0.7363103777053058,0.7406831670688772
2022-01-19,2021-22,UTA,HOU,111,116,-1200.0,750.0,-14.0,0,0.8777352525714786,0.8778631382607311,0.8776073668822258,0.9087927707482776,0.91279635895203,0.8759629475140374
2022-01-19,2021-22,DAL,TOR,102,98,-175.0,155.0,-4.0,1,0.657835778286969,0.6592952105347503,0.6563763460391879,0.7220895372374989,0.6237593328799479,0.6369372830124617
2022-01-19,2021-22,SAS,OKC,118,96,-280.0,240.0,-7.0,1,0.6859557388543924,0.6779225626044468,0.6939889151043381,0.7703703190943895,0.7247510069457442,0.727086381207308
2022-01-19,2021-22,CHI,CLE,117,104,140.0,-160.0,3.5,1,0.4756637117512844,0.4714269663060196,0.4799004571965493,0.5234408297732855,0.3991225517760463,0.3816878509294548
2022-01-19,2021-22,ATL,MIN,134,122,-125.0,105.0,-1.5,1,0.44348846207869247,0.47788232777372114,0.4090945963836638,0.5271708635220191,0.5345862274328822,0.5532803541656142
2022-01-19,2021-22,MIA,POR,104,92,-430.0,360.0,-9.0,1,0.7651536079110905,0.7771718255368485,0.7531353902853325,0.8136743742624345,0.8013568152601406,0.7787539188531114
2022-01-19,2021-22,BOS,CHA,102,111,-155.0,135.0,-3.0,0,0.5940038315122274,0.6047882976675609,0.5832193653568939,0.6771917264717546,0.5926081354603255,0.6041604400628688
2022-01-19,2021-22,PHI,ORL,123,110,-850.0,575.0,-11.5,1,0.8788552743661731,0.8848682588594771,0.872842289872869,0.9069269422358784,0.8826661195242046,0.8329362310205675
2022-01-19,2021-22,MIL,MEM,126,114,-265.0,225.0,-6.5,1,0.4984809020739306,0.5212866251094039,0.4756751790384572,0.5964122098039907,0.7126574447290995,0.7130528657723422
2022-01-20,2021-22,GSW,IND,117,121,-1500.0,850.0,-17.0,0,0.8165856662148165,0.8171827735548325,0.8159885588748007,0.8337627076593394,0.9275234647382288,0.9147090605918388
2022-01-20,2021-22,NYK,NOP,91,102,-160.0,140.0,-3.5,0,0.605847123810815,0.6383411045792273,0.5733531430424025,0.6888677778144685,0.6008774482239536,0.6206865291604615
2022-01-20,2021-22,DAL,PHX,101,109,110.0,-130.0,2.0,0,0.44634485190800266,0.4166319497895971,0.47605775402640826,0.5158740188483187,0.4545972645555742,0.43204974195328455
2022-01-21,2021-22,UTA,DET,111,101,-1200.0,750.0,-14.5,1,0.8620493067444747,0.8369980240840328,0.8871005894049165,0.882204517605757,0.91279635895203,0.8833327242620539
2022-01-21,2021-22,SAS,BKN,102,117,-120.0,100.0,-0.0,0,0.4535200885645726,0.4271918545638074,0.47984832256533777,0.5269510032765854,0.5232290461518811,0.5012591113806545
2022-01-21,2021-22,GSW,HOU,105,103,-650.0,475.0,-12.5,1,0.8184008242760016,0.8473615176389037,0.7894401309130995,0.903635620776699,0.8542372382782516,0.8514281304931971
2022-01-21,2021-22,DEN,MEM,118,122,-160.0,140.0,-3.5,0,0.5344556201142814,0.5388107792110263,0.5301004610175365,0.5631244090778739,0.6008774482239536,0.6206865291604615
2022-01-21,2021-22,MIL,CHI,94,90,-600.0,450.0,-11.5,1,0.6180748819685006,0.6197598652586793,0.6163898986783218,0.7042785399119009,0.8449082316736235,0.8329362310205675
2022-01-21,2021-22,BOS,POR,105,109,-340.0,280.0,-8.5,0,0.7014649433168868,0.6912696630558168,0.7116602235779568,0.7613458590583524,0.7594422232238837,0.7665240746293874
2022-01-21,2021-22,WAS,TOR,105,109,120.0,-140.0,2.0,0,0.4829111514202732,0.5101479516995344,0.4556743511410119,0.5676578274100185,0.434435251216168,0.43204974195328455
2022-01-21,2021-22,ATL,MIA,110,108,-125.0,105.0,-1.5,1,0.3946170499119039,0.3811461413520424,0.4080879584717654,0.4558862310360614,0.5345862274328822,0.5532803541656142
2022-01-21,2021-22,PHI,LAC,101,102,-330.0,270.0,-7.0,0,0.7515176315831551,0.7636355835574189,0.7393996796088914,0.7778510478170633,0.7533643669158683,0.727086381207308
2022-01-21,2021-22,ORL,LAL,105,116,170.0,-190.0,4.5,0,0.3349826478068756,0.32643876978818603,0.3435265258255651,0.4026903130531826,0.3558717975062095,0.3494051226951947
2022-01-21,2021-22,CHA,OKC,121,98,-400.0,330.0,-9.0,1,0.7982090993024968,0.7987251403438383,0.7976930582611554,0.8443247324733297,0.7884793547170356,0.7787539188531114
2022-01-22,2021-22,CLE,OKC,94,87,-900.0,600.0,-12.0,1,0.8762975243767599,0.8698715991019355,0.8827234496515843,0.8814331605833777,0.8881535201562881,0.8424025365094192
2022-01-22,2021-22,MIL,SAC,133,127,-320.0,265.0,-8.0,1,0.759272158779443,0.7661717022331688,0.7523726153257172,0.8619074875338653,0.7483962586301076,0.75383189663827
2022-01-22,2021-22,PHX,IND,113,103,-950.0,625.0,-13.0,1,0.8217743305372893,0.8273301654886289,0.8162184955859497,0.8685998673198012,0.8931611134369457,0.8600227189744314
2022-01-23,2021-22,MIN,BKN,136,125,-145.0,125.0,-3.0,1,0.5629748103756197,0.57192945471918,0.5540201660320594,0.5923266602778557,0.5749769329552475,0.6041604400628688
2022-01-23,2021-22,DEN,DET,117,111,-800.0,550.0,-12.0,1,0.7984476774429696,0.8016415455776428,0.7952538093082964,0.8338209718609866,0.8766273349432749,0.8424025365094192
2022-01-23,2021-22,DAL,MEM,104,91,-170.0,150.0,-4.0,1,0.5773960395696918,0.5765353372035745,0.5782567419358091,0.6284804295696594,0.6164336734549818,0.6369372830124617
2022-01-23,2021-22,SAS,PHI,109,115,100.0,-120.0,1.0,0,0.3771159910912335,0.36163726726015083,0.39259471492231623,0.4605694926643408,0.4767709538481187,0.46649321075541333
2022-01-23,2021-22,CHA,ATL,91,113,-125.0,105.0,-1.5,0,0.6540888824728934,0.6548389032529801,0.6533388616928067,0.7219520432606736,0.5345862274328822,0.5532803541656142
2022-01-23,2021-22,WAS,BOS,87,116,115.0,-135.0,2.0,0,0.495845989822965,0.5006822169929935,0.4910097626529365,0.554990209116607,0.4442827475634181,0.43204974195328455
2022-01-23,2021-22,ORL,CHI,114,95,140.0,-160.0,3.5,1,0.28071604559891206,0.2619069102286384,0.2995251809691857,0.3060196600409763,0.3991225517760463,0.3816878509294548
2022-01-23,2021-22,TOR,POR,105,114,-340.0,280.0,-8.0,0,0.6641104937950004,0.6702934781939058,0.6579275093960951,0.7440782689195796,0.7594422232238837,0.75383189663827
2022-01-23,2021-22,GSW,UTA,94,92,-130.0,110.0,-2.0,1,0.5528883654851334,0.5799875396872627,0.5257891912830042,0.6684573387196486,0.5454027354444257,0.5704202656032762
2022-01-23,2021-22,NYK,LAC,110,102,-175.0,155.0,-4.0,1,0.6190936947460814,0.6455459924276098,0.5926413970645532,0.6424822861363524,0.6237593328799479,0.6369372830124617
2022-01-23,2021-22,MIA,LAL,113,107,-170.0,150.0,-4.0,1,0.7316259684373021,0.7412769264912004,0.7219750103834038,0.7884835852164654,0.6164336734549818,0.6369372830124617
2022-01-24,2021-22,OKC,CHI,110,111,-110.0,-110.0,1.0,0,0.44124018393984965,0.444002761537019,0.43847760634268035,0.4135539899181162,0.5,0.46649321075541333
2022-01-24,2021-22,PHX,UTA,115,109,-900.0,600.0,-12.5,1,0.7800911981912646,0.7829080752437839,0.7772743211387454,0.7588208273487632,0.8881535201562881,0.8514281304931971
2022-01-24,2021-22,CLE,NYK,95,93,-190.0,170.0,-4.5,1,0.7330935358615767,0.7229508317146774,0.7432362400084759,0.7614368030697221,0.6441282024937907,0.6528811761685757
2022-01-24,2021-22,NOP,IND,117,113,-165.0,145.0,-4.0,1,0.5752982944393065,0.5852548982589549,0.565341690619658,0.6501231255814882,0.608812566039061,0.6369372830124617
2022-01-25,2021-22,PHI,NOP,117,107,-650.0,475.0,-11.5,1,0.7620075534460422,0.7707741028504039,0.7532410040416806,0.7709505668205595,0.8542372382782516,0.8329362310205675
2022-01-25,2021-22,WAS,LAC,115,116,-200.0,175.0,-5.0,0,0.5432108115849397,0.5858366019173581,0.5005850212525212,0.6019833089129571,0.6537231647740015,0.6684893183469965
2022-01-25,2021-22,DET,DEN,105,110,235.0,-275.0,7.0,0,0.3166236342923642,0.30089530509128487,0.3323519634934435,0.3804777154577066,0.279163472654704,0.2749169702416817
2022-01-25,2021-22,TOR,CHA,125,113,105.0,-125.0,1.0,1,0.5740534572992937,0.5627456942223702,0.5853612203762171,0.6431749202385066,0.4654137725671177,0.46649321075541333
2022-01-25,2021-22,BKN,LAL,96,106,145.0,-165.0,3.5,0,0.7160314467016815,0.6918942738276815,0.7401686195756814,0.7492063007241672,0.391187433960939,0.3816878509294548
2022-01-25,2021-22,BOS,SAC,128,75,-420.0,350.0,-9.0,1,0.7799938563969918,0.7831735114959093,0.7768142012980743,0.8400777789720585,0.7972454857008152,0.7787539188531114
2022-01-25,2021-22,HOU,SAS,104,134,165.0,-185.0,4.5,0,0.44110398072328055,0.4274291764863433,0.4547787849602178,0.4794548034074144,0.3624085951819801,0.3494051226951947
2022-01-25,2021-22,GSW,DAL,130,92,-165.0,145.0,-3.5,1,0.5814947027894627,0.5910728864625524,0.571916519116373,0.6770403659536464,0.608812566039061,0.6206865291604615
2022-01-25,2021-22,POR,MIN,107,109,130.0,-150.0,3.0,0,0.43517020679032115,0.4214414238367139,0.44889898974392833,0.5376012182930308,0.4160173649636405,0.3982510126981278
2022-01-26,2021-22,BKN,DEN,118,124,180.0,-210.0,5.5,0,0.5715286531432888,0.5844943816938467,0.5585629245927309,0.6412106244129068,0.3371686401719961,0.31844658639079165
2022-01-26,2021-22,POR,DAL,112,132,160.0,-180.0,5.0,0,0.43829528071170687,0.465582826556327,0.41100773486708675,0.4649107106512042,0.3691933524471482,0.3337467294155119
2022-01-26,2021-22,UTA,PHX,97,105,-110.0,-110.0,-1.0,0,0.40951708316996926,0.40812860616069496,0.41090556017924357,0.491320715346104,0.5,0.5360128414112495
2022-01-26,2021-22,MIA,NYK,110,96,-240.0,200.0,-6.0,1,0.7319485405597131,0.7248572078582485,0.7390398732611778,0.773388571653036,0.6898984597215254,0.6985968682539574
2022-01-26,2021-22,CHI,TOR,111,105,-180.0,160.0,-4.5,1,0.5653229409420205,0.6051663235893304,0.5254795582947106,0.6056938420038639,0.6308066475528518,0.6528811761685757
2022-01-26,2021-22,ATL,SAC,121,104,-550.0,425.0,-11.0,1,0.7894039671752856,0.8114165771935328,0.7673913571570384,0.8078178499942509,0.8343386613595238,0.8230207768240712
2022-01-26,2021-22,CLE,MIL,115,99,160.0,-180.0,4.0,1,0.5801423222330346,0.5909682254175737,0.5693164190484955,0.6483839485012028,0.3691933524471482,0.3653952573222735
2022-01-26,2021-22,IND,CHA,126,158,110.0,-130.0,2.0,0,0.5465563558894388,0.5770845021649176,0.5160282096139602,0.5781675953779144,0.4545972645555742,0.43204974195328455
2022-01-26,2021-22,ORL,LAC,102,111,-120.0,100.0,-1.0,0,0.4431487227231653,0.4467816655318978,0.43951577991443275,0.4043322816679774,0.5232290461518811,0.5360128414112495
2022-01-26,2021-22,SAS,MEM,110,118,150.0,-170.0,4.0,0,0.4070647762593034,0.3856034098243121,0.4285261426942947,0.468737682958275,0.3835663265450182,0.3653952573222735
2022-01-27,2021-22,GSW,MIN,124,115,-240.0,200.0,-6.5,1,0.645383593362133,0.6544416876382102,0.636325499086056,0.7620791140567977,0.6898984597215254,0.7130528657723422
2022-01-27,2021-22,PHI,LAL,105,87,-240.0,200.0,-6.0,1,0.7174565298244003,0.710037979407515,0.7248750802412857,0.7731193071833075,0.6898984597215254,0.6985968682539574
2022-01-28,2021-22,CHA,LAL,117,114,-410.0,340.0,-9.5,1,0.7220149886640546,0.732974775667629,0.71105520166048,0.7134832145344697,0.7929569774555982,0.790518217596245
2022-01-28,2021-22,MIL,NYK,123,108,-380.0,320.0,-9.0,1,0.6843509778011239,0.6554336502081899,0.7132683053940578,0.7545383532982571,0.7809784267740079,0.7787539188531114
2022-01-28,2021-22,PHX,MIN,134,124,-380.0,320.0,-8.0,1,0.782871400195984,0.7940550132886348,0.7716877871033333,0.8278115596849479,0.7809784267740079,0.75383189663827
2022-01-28,2021-22,SAS,CHI,131,122,-130.0,110.0,-2.0,1,0.5180173685326321,0.5086179259327698,0.5274168111324944,0.5762279891280762,0.5454027354444257,0.5704202656032762
2022-01-28,2021-22,OKC,IND,110,113,110.0,-130.0,1.5,0,0.4959619910465804,0.45342548544887995,0.5384984966442808,0.4966935600481656,0.4545972645555742,0.4492105947756774
2022-01-28,2021-22,NOP,DEN,105,116,145.0,-165.0,4.0,0,0.47570334003167225,0.4459850592957338,0.5054216207676108,0.5398508499028559,0.391187433960939,0.3653952573222735
2022-01-28,2021-22,HOU,POR,110,125,130.0,-150.0,2.5,0,0.4072404625401436,0.3698763605280553,0.44460456455223196,0.457767827559306,0.4160173649636405,0.41505045389637707
2022-01-28,2021-22,MIA,LAC,121,114,-370.0,310.0,-8.5,1,0.7678513109223104,0.7716160763231235,0.7640865455214974,0.7796833328142471,0.7759710501742187,0.7665240746293874
2022-01-28,2021-22,ATL,BOS,108,92,-135.0,115.0,-1.5,1,0.49730439851970754,0.506107859357623,0.488500937681792,0.568281921425761,0.5557172524365818,0.5532803541656142
2022-01-28,2021-22,ORL,DET,119,103,-165.0,145.0,-3.5,1,0.4958035992888008,0.49883307788046943,0.49277412069713217,0.5864044333138476,0.608812566039061,0.6206865291604615
2022-01-28,2021-22,MEM,UTA,119,109,-220.0,190.0,-5.0,1,0.5840606128918437,0.6004815089075899,0.5676397168760977,0.6523057013945955,0.6740282405333864,0.6684893183469965
2022-01-29,2021-22,NOP,BOS,97,107,200.0,-240.0,6.5,0,0.4964939269240619,0.5080758660338962,0.48491198781422756,0.5216694683530986,0.3101015402784747,0.2890125525275827
2022-01-29,2021-22,DAL,IND,132,105,-550.0,425.0,-10.0,1,0.793786355411124,0.8068193917099856,0.7807533191122623,0.81306633508907,0.8343386613595238,0.8018161674873022
2022-01-29,2021-22,PHI,SAC,103,101,-550.0,425.0,-10.5,1,0.8620641084454737,0.8476333018401947,0.8764949150507527,0.8831134510504243,0.8343386613595238,0.8126491965359115
2022-01-29,2021-22,MEM,WAS,115,95,-220.0,190.0,-6.0,1,0.736045135058675,0.7433483472161486,0.7287419229012013,0.8214658812582218,0.6740282405333864,0.6985968682539574
2022-01-29,2021-22,MIA,TOR,120,124,-145.0,125.0,-2.5,0,0.7223405581421302,0.7063144701946974,0.7383666460895629,0.7460426464552452,0.5749769329552475,0.5873929722941529
2022-01-29,2021-22,GSW,BKN,110,106,-440.0,370.0,-10.5,1,0.7132833276870347,0.7101060673423149,0.7164605880317547,0.7815776562343867,0.8053019022325887,0.8126491965359115
2022-01-30,2021-22,ORL,DAL,110,108,170.0,-190.0,5.0,1,0.27920154083830606,0.28981592218549584,0.2685871594911162,0.2523832851604609,0.3558717975062095,0.3337467294155119
2022-01-30,2021-22,PHX,SAS,115,110,-1000.0,650.0,-13.5,1,0.8511453636901258,0.8362869704508358,0.8660037569294158,0.8793249220850604,0.8977486451172207,0.868197092052344
2022-01-30,2021-22,MIN,UTA,126,106,-135.0,115.0,-2.0,1,0.5607578935498214,0.5755996604854667,0.545916126614176,0.5767160377293324,0.5557172524365818,0.5704202656032762
2022-01-30,2021-22,MIL,DEN,100,136,-250.0,210.0,-6.5,0,0.529207271636192,0.5487027413736048,0.5097118018987791,0.6705889154177269,0.6994298951228424,0.7130528657723422
2022-01-30,2021-22,DET,CLE,115,105,270.0,-330.0,7.5,1,0.2909868005039702,0.2686956113552835,0.3132779896526568,0.2725799115792114,0.2466356330841441,0.26125623891201216
2022-01-30,2021-22,CHI,POR,130,116,-210.0,180.0,-5.0,1,0.6107620827378879,0.592662237742591,0.6288619277331849,0.6941873691014865,0.662831359828004,0.6684893183469965
2022-01-30,2021-22,CHA,LAC,90,115,-240.0,200.0,-6.0,0,0.6877332882456655,0.692306961858327,0.6831596146330039,0.7094124913433973,0.6898984597215254,0.6985968682539574
2022-01-30,2021-22,ATL,LAL,129,121,-300.0,250.0,-7.5,1,0.6648588915733965,0.6657387246121016,0.6639790585346914,0.7028820980840607,0.7363103777053058,0.7406831670688772
2022-01-31,2021-22,ATL,TOR,100,106,115.0,-135.0,2.5,0,0.58327658072948,0.5924000991370195,0.5741530623219403,0.6346729329126015,0.4442827475634181,0.41505045389637707
2022-01-31,2021-22,HOU,GSW,108,122,400.0,-500.0,10.0,0,0.17745644197408583,0.16189495187507394,0.19301793207309773,0.1942839271866674,0.1777344894951717,0.19978935629055913
2022-01-31,2021-22,BOS,MIA,122,92,-250.0,210.0,-6.5,1,0.4817807529606341,0.5156749381198327,0.44788656780143554,0.5867574551164438,0.6994298951228424,0.7130528657723422
2022-01-31,2021-22,OKC,POR,98,81,140.0,-160.0,3.5,1,0.480563861648739,0.4814100074674199,0.47971771583005807,0.4721461210895789,0.3991225517760463,0.3816878509294548
2022-01-31,2021-22,IND,LAC,122,116,-110.0,-110.0,-0.0,1,0.5497890089819024,0.5628919190068632,0.5366860989569415,0.5366931845867737,0.5,0.5012591113806545
2022-01-31,2021-22,PHI,MEM,122,119,140.0,-160.0,3.5,1,0.5814877080673446,0.5693728443338721,0.593602571800817,0.6280201714245457,0.3991225517760463,0.3816878509294548
2022-01-31,2021-22,CLE,NOP,93,90,-190.0,170.0,-4.5,1,0.7187708059968148,0.6961346187849137,0.7414069932087157,0.7888139413876435,0.6441282024937907,0.6528811761685757
2022-01-31,2021-22,NYK,SAC,116,96,-290.0,245.0,-7.0,1,0.7575020258510787,0.7598414138384838,0.7551626378636738,0.7859419725229287,0.7306509690077064,0.727086381207308
2022-02-01,2021-22,TOR,MIA,110,106,-125.0,105.0,-1.5,1,0.5194275344533674,0.5352250992174248,0.50362996968931,0.5876283501666775,0.5345862274328822,0.5532803541656142
2022-02-01,2021-22,DET,NOP,101,111,120.0,-140.0,2.5,0,0.5283711692629738,0.5212426436734698,0.5354996948524776,0.4986794280276132,0.434435251216168,0.41505045389637707
2022-02-01,2021-22,MIL,WAS,112,98,-700.0,500.0,-11.5,1,0.713629117019468,0.7253611199455242,0.7018971140934117,0.7725612839171291,0.8625306598157729,0.8329362310205675
2022-02-01,2021-22,MIN,DEN,130,115,-125.0,105.0,-1.5,1,0.4793887168853611,0.48548635053065253,0.47329108324006974,0.5820836603808913,0.5345862274328822,0.5532803541656142
2022-02-01,2021-22,CHI,ORL,126,115,-360.0,300.0,-8.0,1,0.7692345896542565,0.7642942219639075,0.7741749573446054,0.8349170946956173,0.7707247769725477,0.75383189663827
2022-02-01,2021-22,SAS,GSW,120,124,-250.0,210.0,-6.5,0,0.3941885609648449,0.38366603843448294,0.4047110834952069,0.3763470183462014,0.6994298951228424,0.7130528657723422
2022-02-01,2021-22,PHX,BKN,121,111,-280.0,240.0,-7.0,1,0.8015134370399635,0.802222100224767,0.80080477385516,0.8418979702127388,0.7247510069457442,0.727086381207308
2022-02-02,2021-22,UTA,DEN,108,104,-255.0,215.0,-6.5,1,0.5404052548662273,0.5636032901667791,0.5172072195656754,0.622210548584991,0.7039749620300272,0.7130528657723422
2022-02-02,2021-22,DAL,OKC,114,120,-800.0,550.0,-12.0,0,0.8521904988323208,0.8372660499529493,0.8671149477116923,0.8812504495382352,0.8766273349432749,0.8424025365094192
2022-02-02,2021-22,SAC,BKN,112,101,180.0,-210.0,5.0,1,0.41794073284380284,0.42750233116716774,0.408379134520438,0.3860394998994786,0.3371686401719961,0.3337467294155119
2022-02-02,2021-22,LAL,POR,99,94,-175.0,155.0,-4.0,1,0.5905756632006314,0.6004870374718334,0.5806642889294293,0.6848064524970084,0.6237593328799479,0.6369372830124617
2022-02-02,2021-22,NYK,MEM,108,120,150.0,-170.0,4.0,0,0.4440444655586814,0.4696175246170612,0.41847140650030157,0.4630873333943639,0.3835663265450182,0.3653952573222735
2022-02-02,2021-22,BOS,CHA,113,107,-245.0,205.0,-6.5,1,0.6711043788920517,0.6634553852081226,0.6787533725759808,0.7258379105489632,0.6947401200191933,0.7130528657723422
2022-02-02,2021-22,IND,ORL,118,119,-165.0,145.0,-3.5,0,0.737283852422341,0.7633898058755157,0.7111778989691662,0.7813095977919321,0.608812566039061,0.6206865291604615
2022-02-02,2021-22,PHI,WAS,103,106,-550.0,425.0,-10.0,0,0.8206937395505147,0.8396535558533268,0.8017339232477027,0.8304601113685248,0.8343386613595238,0.8018161674873022
2022-02-02,2021-22,HOU,CLE,115,104,170.0,-190.0,5.0,1,0.22016647904246534,0.23052494663718362,0.20980801144774702,0.2580805927422991,0.3558717975062095,0.3337467294155119
2022-02-03,2021-22,DET,MIN,117,128,250.0,-300.0,7.5,0,0.2946996182241167,0.2869412116323131,0.30245802481592027,0.3327489442069454,0.2636896222946976,0.26125623891201216
2022-02-03,2021-22,ATL,PHX,124,115,135.0,-155.0,3.0,1,0.34360524057600944,0.3381138970021608,0.34909658414985806,0.3573606372924666,0.4073918645396744,0.3982510126981278
2022-02-03,2021-22,LAC,LAL,111,110,-165.0,145.0,-3.5,1,0.6607079794973663,0.6956031982742099,0.6258127607205226,0.6804142665528392,0.608812566039061,0.6206865291604615
2022-02-03,2021-22,GSW,SAC,126,114,-1100.0,700.0,-14.0,1,0.9039742439292736,0.9071962182011422,0.9007522696574051,0.9101333915811064,0.905856887281654,0.8759629475140374
2022-02-03,2021-22,TOR,CHI,127,120,-190.0,170.0,-4.5,1,0.5939034566112562,0.6166329066690304,0.571174006553482,0.6863978537062868,0.6441282024937907,0.6528811761685757
2022-02-03,2021-22,SAS,MIA,95,112,260.0,-310.0,8.5,0,0.42683069712721866,0.44028135772353083,0.41338003653090644,0.4861765950532395,0.256769890260389,0.23528346065663988
2022-02-04,2021-22,POR,OKC,93,96,-240.0,200.0,-5.5,0,0.6339294767690853,0.6652949145659935,0.602564038972177,0.7197578564462187,0.6898984597215254,0.6837356127682949
2022-02-04,2021-22,DEN,NOP,105,113,-230.0,195.0,-5.5,0,0.7391924627374847,0.7538091661826478,0.7245757592923217,0.7752648747460562,0.6821543804602389,0.6837356127682949
2022-02-04,2021-22,UTA,BKN,125,102,-220.0,190.0,-5.5,1,0.6391495225538097,0.6536329213029567,0.6246661238046627,0.7215503794559215,0.6740282405333864,0.6837356127682949
2022-02-04,2021-22,DAL,PHI,107,98,105.0,-125.0,1.5,1,0.5310249369512895,0.5776296075404825,0.4844202663620965,0.6171904235273985,0.4654137725671177,0.4492105947756774
2022-02-04,2021-22,CHA,CLE,101,102,-240.0,200.0,-7.0,0,0.4911263986615689,0.523800233929999,0.4584525633931388,0.5584190351332363,0.6898984597215254,0.727086381207308
2022-02-04,2021-22,TOR,ATL,125,114,-130.0,110.0,-2.0,1,0.6237066561350495,0.6047745374463377,0.6426387748237614,0.6651261851919349,0.5454027354444257,0.5704202656032762
2022-02-04,2021-22,IND,CHI,115,122,-105.0,-115.0,1.0,0,0.5729255747689561,0.5687987088113757,0.5770524407265366,0.5450746927007248,0.488395545501788,0.46649321075541333
2022-02-04,2021-22,DET,BOS,93,102,400.0,-500.0,11.0,0,0.27767860211401163,0.24272260543902593,0.3126345987889973,0.3005390164015772,0.1777344894951717,0.17845119618871869
2022-02-04,2021-22,SAS,HOU,131,106,-330.0,270.0,-8.0,1,0.7294544620733905,0.7141716926023923,0.7447372315443885,0.7887103613330372,0.7533643669158683,0.75383189663827
2022-02-05,2021-22,SAC,OKC,113,103,-330.0,270.0,-7.5,1,0.5820287184651083,0.6464862345370233,0.5175712023931932,0.61845706564137,0.7533643669158683,0.7406831670688772
2022-02-05,2021-22,POR,MIL,108,137,425.0,-550.0,10.5,0,0.4035048300518458,0.3969289341613235,0.410080725942368,0.4515491303693324,0.1656613386404757,0.18888924117694963
2022-02-05,2021-22,LAL,NYK,122,115,-210.0,180.0,-5.0,1,0.5437609438102026,0.5387111861111977,0.5488107015092074,0.6368885364763012,0.662831359828004,0.6684893183469965
2022-02-05,2021-22,CHA,MIA,86,104,120.0,-140.0,2.5,0,0.45889795609762696,0.43485150549153856,0.4829444067037153,0.518753313056068,0.434435251216168,0.41505045389637707
2022-02-05,2021-22,WAS,PHX,80,95,270.0,-330.0,8.0,0,0.23592191026178233,0.20896349960850824,0.2628803209150564,0.2808067975567443,0.2466356330841441,0.2480421029872373
2022-02-05,2021-22,ORL,MEM,115,135,300.0,-360.0,8.0,0,0.24633915762066239,0.2530830782839092,0.2395952369574156,0.2538504687592227,0.2292752230274884,0.2480421029872373
2022-02-06,2021-22,HOU,NOP,107,120,230.0,-270.0,6.5,0,0.3557937795975088,0.3719872262287782,0.3396003329662393,0.4123618943893348,0.283192915216782,0.2890125525275827
2022-02-06,2021-22,ORL,BOS,83,116,360.0,-430.0,9.0,0,0.27370462600280926,0.23464264251622655,0.31276660948939194,0.2801045719415505,0.1986431847398594,0.2229864782792013
2022-02-06,2021-22,DAL,ATL,103,94,100.0,-120.0,1.5,1,0.6180572366454065,0.6483651376508535,0.5877493356399593,0.7163341839133028,0.4767709538481187,0.4492105947756774
2022-02-06,2021-22,LAC,MIL,113,137,180.0,-210.0,5.5,0,0.55848558911786,0.5666045688185903,0.5503666094171296,0.5495263804148158,0.3371686401719961,0.31844658639079165
2022-02-06,2021-22,DEN,BKN,124,104,-350.0,290.0,-8.5,1,0.6956095443457705,0.7139104757137159,0.6773086129778251,0.7189070777242074,0.7652217439493267,0.7665240746293874
2022-02-06,2021-22,CHI,PHI,108,119,150.0,-170.0,4.0,0,0.4990742011763801,0.4934535270870919,0.5046948752656683,0.5373364437244569,0.3835663265450182,0.3653952573222735
2022-02-06,2021-22,MIN,DET,118,105,-900.0,600.0,-12.5,1,0.8580166429343358,0.846060329010798,0.8699729568578736,0.8751078567854195,0.8881535201562881,0.8514281304931971
2022-02-06,2021-22,CLE,IND,98,85,-270.0,230.0,-7.0,1,0.7360500675138281,0.7412223013835135,0.7308778336441426,0.7994040873893669,0.716807084783219,0.727086381207308
2022-02-07,2021-22,CHA,TOR,101,116,100.0,-120.0,1.0,0,0.4864574681461512,0.48691179494747827,0.4860031413448242,0.5383161829827754,0.4767709538481187,0.46649321075541333
2022-02-07,2021-22,WAS,MIA,100,121,240.0,-280.0,7.5,0,0.30471615212377035,0.306263271133958,0.3031690331135826,0.4045087735188292,0.2752489930542572,0.26125623891201216
2022-02-07,2021-22,CHI,PHX,124,127,225.0,-265.0,6.5,0,0.26528784727097754,0.2804248670781268,0.2501508274638283,0.3494585911400428,0.2873425552709012,0.2890125525275827
2022-02-07,2021-22,OKC,GSW,98,110,600.0,-900.0,12.0,0,0.19256566904425476,0.18378072519221283,0.2013506128962967,0.2428899168529329,0.1118464798437118,0.15893936525971658
2022-02-07,2021-22,UTA,NYK,113,104,-310.0,260.0,-7.0,1,0.6803246705278414,0.6893963909535646,0.6712529501021183,0.7771505012435495,0.7432301097396163,0.727086381207308
2022-02-08,2021-22,DEN,NYK,132,115,-400.0,330.0,-9.0,1,0.7749300561700085,0.7862040125889527,0.7636560997510645,0.7683880284581927,0.7884793547170356,0.7787539188531114
2022-02-08,2021-22,SAC,MIN,114,134,280.0,-340.0,8.0,0,0.2725293342717884,0.2849627568385052,0.2600959117050716,0.3517367791653722,0.2405577767761341,0.2480421029872373
2022-02-08,2021-22,POR,ORL,95,113,-105.0,-115.0,1.5,0,0.7050460031518735,0.6976374828160375,0.7124545234877095,0.74955773486907,0.488395545501788,0.4492105947756774
2022-02-08,2021-22,LAL,MIL,116,131,145.0,-165.0,4.0,0,0.4335997155443233,0.4064307283942739,0.4607687026943727,0.4782623540214841,0.391187433960939,0.3653952573222735
2022-02-08,2021-22,DAL,DET,116,86,-600.0,450.0,-10.5,1,0.8690586071837578,0.8530097201680338,0.8851074941994818,0.8902966677781528,0.8449082316736235,0.8126491965359115
2022-02-08,2021-22,MEM,LAC,135,109,-335.0,275.0,-8.0,1,0.7666634469125921,0.762099011329398,0.7712278824957863,0.7969830932628247,0.7564420431715588,0.75383189663827
2022-02-08,2021-22,NOP,HOU,110,97,-400.0,330.0,-8.5,1,0.7890308426020229,0.7830535726604665,0.7950081125435794,0.8332070262155105,0.7884793547170356,0.7665240746293874
2022-02-08,2021-22,ATL,IND,133,112,-900.0,600.0,-12.5,1,0.7385661327619752,0.7395956159688701,0.7375366495550805,0.7558435468360281,0.8881535201562881,0.8514281304931971
2022-02-08,2021-22,BKN,BOS,91,126,375.0,-450.0,10.5,0,0.4123328460617174,0.3998514912032077,0.42481420092022704,0.4878222414730913,0.191654661658251,0.18888924117694963
2022-02-08,2021-22,PHI,PHX,109,114,-120.0,100.0,-1.5,0,0.482337557019201,0.49311283902257885,0.4715622750158231,0.4784987224780559,0.5232290461518811,0.5532803541656142
2022-02-09,2021-22,POR,LAL,107,105,380.0,-460.0,9.0,1,0.5122002237050312,0.5185938837236655,0.5058065636863969,0.5205176872873245,0.1887028939505949,0.2229864782792013
2022-02-09,2021-22,SAC,MIN,132,119,270.0,-330.0,7.0,1,0.2691470277868094,0.28752282375267807,0.2507712318209407,0.3262288002240794,0.2466356330841441,0.2749169702416817
2022-02-09,2021-22,UTA,GSW,111,85,-120.0,100.0,-1.0,1,0.4472520772316121,0.41983674004891547,0.4746674144143087,0.5280023642988627,0.5232290461518811,0.5360128414112495
2022-02-09,2021-22,CHA,CHI,109,121,105.0,-125.0,1.5,0,0.49710423354599464,0.5318159867634058,0.46239248032858343,0.6027263543498972,0.4654137725671177,0.4492105947756774
2022-02-09,2021-22,CLE,SAS,105,92,-220.0,190.0,-5.5,1,0.6695642241699891,0.6856811720480871,0.6534472762918911,0.7738953722718218,0.6740282405333864,0.6837356127682949
2022-02-09,2021-22,OKC,TOR,98,117,425.0,-550.0,10.5,0,0.2763659209032836,0.29116527768294537,0.26156656412362184,0.3437341763347865,0.1656613386404757,0.18888924117694963
2022-02-10,2021-22,DET,MEM,107,132,525.0,-750.0,12.0,0,0.22132593747470777,0.19765358106361408,0.24499829388580147,0.2328663300861016,0.1300493202275345,0.15893936525971658
2022-02-10,2021-22,WAS,BKN,113,112,-115.0,-105.0,-1.0,1,0.5206264670743865,0.5106885163546026,0.5305644177941706,0.5794724079326047,0.5116044544982119,0.5360128414112495
2022-02-10,2021-22,NOP,MIA,97,112,155.0,-175.0,4.0,0,0.40692167532376144,0.4078087959606046,0.40603455468691824,0.4644150124769102,0.376240667120052,0.3653952573222735
2022-02-10,2021-22,HOU,TOR,120,139,265.0,-320.0,7.0,0,0.2706118882463548,0.2842931236095074,0.25693065288320216,0.2629518696178577,0.2516037413699005,0.2749169702416817
2022-02-10,2021-22,DAL,LAC,112,105,-260.0,220.0,-6.5,1,0.7559665860644811,0.762666489988447,0.7492666821405151,0.776688885702249,0.7083820436191438,0.7130528657723422
2022-02-10,2021-22,PHX,MIL,131,107,-155.0,135.0,-3.0,1,0.7014814365912398,0.7135992155361405,0.6893636576463391,0.7782864835442425,0.5926081354603255,0.6041604400628688
2022-02-10,2021-22,GSW,NYK,114,116,-460.0,380.0,-9.0,0,0.7901133839118566,0.7908696862955583,0.789357081528155,0.8428710564297002,0.8112971060494051,0.7787539188531114
2022-02-11,2021-22,CHI,MIN,134,122,-115.0,-105.0,-0.0,1,0.4694010520632792,0.5032816977184599,0.4355204064080986,0.5749573260505694,0.5116044544982119,0.5012591113806545
2022-02-11,2021-22,UTA,ORL,114,99,-800.0,550.0,-11.5,1,0.8546633656489865,0.8434410080966959,0.8658857232012771,0.8936365828561867,0.8766273349432749,0.8329362310205675
2022-02-11,2021-22,ATL,SAS,121,136,-380.0,320.0,-8.5,0,0.695683695133392,0.680969662797949,0.7103977274688349,0.7311507057356142,0.7809784267740079,0.7665240746293874
2022-02-11,2021-22,BOS,DEN,108,102,-250.0,210.0,-7.0,1,0.6230136468902618,0.6224565043656567,0.6235707894148671,0.6955597997483614,0.6994298951228424,0.727086381207308
2022-02-11,2021-22,DET,CHA,119,141,205.0,-245.0,6.0,0,0.37832849432467064,0.35954122281036666,0.39711576583897457,0.4403279803231016,0.305259879980807,0.30352831029681354
2022-02-11,2021-22,IND,CLE,113,120,195.0,-230.0,6.0,0,0.3770408851699729,0.36812091985296364,0.38596085048698225,0.4120165161517147,0.3178456195397612,0.30352831029681354
2022-02-11,2021-22,PHI,OKC,100,87,-1100.0,700.0,-13.5,1,0.8460504474473391,0.8301244526185959,0.8619764422760823,0.8775019254039303,0.905856887281654,0.868197092052344
2022-02-12,2021-22,PHX,ORL,132,105,-2500.0,1100.0,-16.5,1,0.9194886712687993,0.9391215668621069,0.8998557756754916,0.9448975653919388,0.9529136327857252,0.9091173794696449
2022-02-12,2021-22,GSW,LAL,117,115,-280.0,240.0,-6.0,1,0.8031145558946782,0.8110187522948137,0.7952103594945427,0.832770063554623,0.7247510069457442,0.6985968682539574
2022-02-12,2021-22,DAL,LAC,97,99,-300.0,250.0,-7.0,0,0.7656428700375468,0.7714334719194753,0.7598522681556182,0.7834766469655032,0.7363103777053058,0.727086381207308
2022-02-12,2021-22,MIA,BKN,115,111,-700.0,500.0,-11.5,1,0.7900254864854712,0.8032881027785602,0.7767628701923822,0.8187556572967852,0.8625306598157729,0.8329362310205675
2022-02-12,2021-22,TOR,DEN,109,110,-210.0,180.0,-5.5,0,0.6557963894292981,0.6678861349003059,0.6437066439582902,0.6625813071824088,0.662831359828004,0.6837356127682949
2022-02-12,2021-22,CHI,OKC,106,101,-600.0,450.0,-10.0,1,0.7645414635527802,0.8358613556138295,0.6932215714917309,0.8296610777843488,0.8449082316736235,0.8018161674873022
2022-02-12,2021-22,WAS,SAC,110,123,130.0,-150.0,3.0,0,0.6125926855480155,0.6155081980527809,0.6096771730432501,0.7049556200289626,0.4160173649636405,0.3982510126981278
2022-02-12,2021-22,NOP,SAS,114,124,-250.0,210.0,-6.5,0,0.5763129125915624,0.639048972484075,0.5135768526990497,0.6444768576644293,0.6994298951228424,0.7130528657723422
2022-02-12,2021-22,CHA,MEM,118,125,220.0,-260.0,6.5,0,0.3366301660367096,0.33579663182500735,0.3374637002484118,0.4062446760354824,0.2916179563808568,0.2890125525275827
2022-02-12,2021-22,POR,NYK,112,103,165.0,-185.0,4.5,1,0.49500121876493447,0.4733122525624144,0.5166901849674546,0.5257216586367012,0.3624085951819801,0.3494051226951947
2022-02-12,2021-22,PHI,CLE,103,93,-145.0,125.0,-2.5,1,0.625867735294952,0.6481316482055194,0.6036038223843847,0.6554233940158055,0.5749769329552475,0.5873929722941529
2022-02-13,2021-22,BOS,ATL,105,95,-310.0,260.0,-7.5,1,0.69138803963512,0.7348481999426557,0.6479278793275843,0.7775744306807236,0.7432301097396163,0.7406831670688772
2022-02-13,2021-22,IND,MIN,120,129,260.0,-310.0,7.5,0,0.35895424484984206,0.3441903690963135,0.37371812060337056,0.4417491559779363,0.256769890260389,0.26125623891201216
2022-02-14,2021-22,CHI,SAS,120,109,-150.0,130.0,-3.0,1,0.6172935328961378,0.627246790292769,0.6073402754995064,0.6881123312483209,0.5839826350363595,0.6041604400628688
2022-02-14,2021-22,UTA,HOU,135,101,-1600.0,900.0,-16.0,1,0.8810558877890172,0.8799370819494031,0.8821746936286313,0.9148977862508426,0.931755932037888,0.9031979029732045
2022-02-14,2021-22,LAC,GSW,119,104,200.0,-240.0,6.0,1,0.33609659674305514,0.32968079718341164,0.3425123963026987,0.4214557333111061,0.3101015402784747,0.30352831029681354
2022-02-14,2021-22,NOP,TOR,120,90,145.0,-165.0,3.5,1,0.39427909637275316,0.40662352117290984,0.38193467157259653,0.4732340182366564,0.391187433960939,0.3816878509294548
2022-02-14,2021-22,DEN,ORL,121,111,-650.0,475.0,-11.5,1,0.8756043097626517,0.856886572715392,0.8943220468099113,0.8789670292140118,0.8542372382782516,0.8329362310205675
2022-02-14,2021-22,BKN,SAC,109,85,105.0,-125.0,1.5,1,0.6241345586584726,0.6328659866728217,0.6154031306441236,0.7251367936899769,0.4654137725671177,0.4492105947756774
2022-02-14,2021-22,NYK,OKC,123,127,-450.0,375.0,-10.0,0,0.7377882782388567,0.7330552626342242,0.7425212938434892,0.7686477430914874,0.808345338341749,0.8018161674873022
2022-02-14,2021-22,WAS,DET,103,94,-165.0,145.0,-3.5,1,0.6966551506471508,0.6852443620070138,0.7080659392872877,0.7656616984061229,0.608812566039061,0.6206865291604615
2022-02-14,2021-22,MIL,POR,107,122,-650.0,475.0,-11.0,0,0.8003063809639902,0.8071319418149857,0.7934808201129947,0.8505137370122577,0.8542372382782516,0.8230207768240712
2022-02-15,2021-22,PHI,BOS,87,135,110.0,-130.0,2.5,0,0.5163984398292679,0.5180964255134795,0.5147004541450564,0.6053325625954672,0.4545972645555742,0.41505045389637707
2022-02-15,2021-22,MIA,DAL,99,107,-210.0,180.0,-5.5,0,0.6005816114410685,0.6110713615119095,0.5900918613702273,0.6878222989157377,0.662831359828004,0.6837356127682949
2022-02-15,2021-22,ATL,CLE,124,116,-140.0,120.0,-2.5,1,0.5257922328177485,0.5154729908871917,0.5361114747483051,0.5369139925365367,0.5655647487838321,0.5873929722941529
2022-02-15,2021-22,MIL,IND,128,119,-1100.0,700.0,-14.5,1,0.7768611970990598,0.7831370451188733,0.7705853490792464,0.8215529277204741,0.905856887281654,0.8833327242620539
2022-02-15,2021-22,NOP,MEM,109,121,140.0,-160.0,3.5,0,0.33120418898934767,0.34242056747046895,0.31998781050822633,0.4230573446804661,0.3991225517760463,0.3816878509294548
2022-02-15,2021-22,MIN,CHA,126,120,-240.0,200.0,-6.0,1,0.7189312569535605,0.7080765574638975,0.7297859564432235,0.7514402580930378,0.6898984597215254,0.6985968682539574
2022-02-15,2021-22,PHX,LAC,103,96,-1000.0,650.0,-12.5,1,0.8537081395086445,0.8777388452034135,0.8296774338138755,0.8685452653134162,0.8977486451172207,0.8514281304931971
2022-02-16,2021-22,LAL,UTA,106,101,155.0,-175.0,4.0,1,0.38010382540748777,0.3650335002680213,0.3951741505469542,0.4217749875658763,0.376240667120052,0.3653952573222735
2022-02-16,2021-22,GSW,DEN,116,117,-200.0,175.0,-5.0,0,0.6256065561664841,0.63065450864122,0.6205586036917481,0.69370243172994,0.6537231647740015,0.6684893183469965
2022-02-16,2021-22,PHX,HOU,124,121,-2000.0,1000.0,-17.0,1,0.8918909814875007,0.9353020973020272,0.8484798656729741,0.956917729067866,0.9432825093841778,0.9147090605918388
2022-02-16,2021-22,MIN,TOR,91,103,-120.0,100.0,-1.0,0,0.5812615683329834,0.5727767791139177,0.589746357552049,0.6452824658798163,0.5232290461518811,0.5360128414112495
2022-02-16,2021-22,MEM,POR,119,123,-800.0,550.0,-12.5,0,0.844480325379277,0.8188018091569357,0.8701588416016184,0.8716939022053447,0.8766273349432749,0.8514281304931971
2022-02-16,2021-22,ORL,ATL,109,130,185.0,-215.0,6.0,0,0.4120913181613811,0.410826990646298,0.4133556456764642,0.3854606010890892,0.3314740182786757,0.30352831029681354
2022-02-16,2021-22,CHI,SAC,125,118,-240.0,200.0,-6.0,1,0.765080719453662,0.7768891535753323,0.7532722853319916,0.8073451597448705,0.6898984597215254,0.6985968682539574
2022-02-16,2021-22,BOS,DET,111,112,-900.0,600.0,-12.0,0,0.8724081910901962,0.9143916724127694,0.830424709767623,0.9361951744033912,0.8881535201562881,0.8424025365094192
2022-02-16,2021-22,IND,WAS,113,108,-110.0,-110.0,-1.0,1,0.5810318798088205,0.5697693789809343,0.5922943806367067,0.6218952052113217,0.5,0.5360128414112495
2022-02-16,2021-22,NYK,BKN,106,111,-190.0,170.0,-4.5,0,0.5399926262330021,0.5905047790269979,0.48948047343900647,0.6035430703133975,0.6441282024937907,0.6528811761685757
2022-02-16,2021-22,OKC,SAS,106,114,280.0,-340.0,8.0,0,0.38141801433175515,0.3851876633573611,0.37764836530614926,0.4648569492819726,0.2405577767761341,0.2480421029872373
2022-02-17,2021-22,LAC,HOU,142,111,-550.0,425.0,-11.0,1,0.8333412558143486,0.841636890573078,0.8250456210556192,0.8542849375756976,0.8343386613595238,0.8230207768240712
2022-02-17,2021-22,MIL,PHI,120,123,-260.0,220.0,-6.5,0,0.6202100167152724,0.6345991514277791,0.6058208820027658,0.6460061418091898,0.7083820436191438,0.7130528657723422
2022-02-17,2021-22,CHA,MIA,107,111,150.0,-170.0,4.0,0,0.3580362099190446,0.37699002633057316,0.33908239350751607,0.4252831623945127,0.3835663265450182,0.3653952573222735
2022-02-17,2021-22,BKN,WAS,103,117,-190.0,170.0,-4.5,0,0.6973087854124673,0.700956837009266,0.6936607338156687,0.7296043435036171,0.6441282024937907,0.6528811761685757
2022-02-17,2021-22,NOP,DAL,118,125,120.0,-140.0,2.5,0,0.39232977128186225,0.39272477364327685,0.39193476892044765,0.4685102673358552,0.434435251216168,0.41505045389637707
2022-02-24,2021-22,DET,CLE,106,103,190.0,-220.0,5.5,1,0.28669596536158415,0.25679958937255104,0.3165923413506172,0.2863301004549368,0.3259717594666138,0.31844658639079165
2022-02-24,2021-22,BKN,BOS,106,129,330.0,-400.0,9.0,0,0.30484248933630664,0.2733074947809039,0.3363774838917094,0.3670288280463433,0.2115206452829644,0.2229864782792013
2022-02-24,2021-22,CHI,ATL,112,108,-150.0,130.0,-3.0,1,0.5990316485657174,0.6213904368105824,0.5766728603208524,0.6562820659045412,0.5839826350363595,0.6041604400628688
2022-02-24,2021-22,OKC,PHX,104,124,450.0,-600.0,10.5,0,0.15058665164714707,0.1347036562479999,0.16646964704629424,0.1643913541092587,0.1550917683263714,0.18888924117694963
2022-02-24,2021-22,MIN,MEM,119,114,110.0,-130.0,2.0,1,0.4763265015696065,0.4535498086069068,0.49910319453230617,0.5107740472588989,0.4545972645555742,0.43204974195328455
2022-02-24,2021-22,POR,GSW,95,132,400.0,-500.0,10.0,0,0.33196730013397846,0.3389613523415591,0.3249732479263978,0.3844797075448318,0.1777344894951717,0.19978935629055913
2022-02-24,2021-22,SAC,DEN,110,128,145.0,-165.0,,0,0.30809889979406724,0.30800678726791486,0.30819101232021967,0.3541975420787675,0.391187433960939,
2022-02-25,2021-22,LAL,LAC,102,105,-145.0,125.0,-3.0,0,0.5345299195741935,0.5415695630055783,0.5274902761428086,0.587033311040676,0.5749769329552475,0.6041604400628688
2022-02-25,2021-22,PHX,NOP,102,117,-260.0,220.0,-6.5,0,0.8560874431983047,0.8324701170287594,0.8797047693678499,0.889182985940253,0.7083820436191438,0.7130528657723422
2022-02-25,2021-22,UTA,DAL,114,109,-235.0,195.0,-6.0,1,0.5593500536707873,0.5531131022889764,0.5655870050525982,0.6296257469422994,0.684897243131109,0.6985968682539574
2022-02-25,2021-22,MIN,PHI,102,133,120.0,-140.0,2.5,0,0.540479059495756,0.5541090074689253,0.5268491115225867,0.6145028326498722,0.434435251216168,0.41505045389637707
2022-02-25,2021-22,IND,OKC,125,129,-330.0,270.0,-8.0,0,0.6669322454439053,0.7238936229314908,0.6099708679563196,0.7142725580192972,0.7533643669158683,0.75383189663827
2022-02-25,2021-22,WAS,SAS,153,157,140.0,-160.0,3.5,0,0.4664852313550329,0.4672334730124324,0.4657369896976334,0.554394467188391,0.3991225517760463,0.3816878509294548
2022-02-25,2021-22,CHA,TOR,125,93,115.0,-135.0,2.0,1,0.39247958276599915,0.40124799012234075,0.3837111754096575,0.4780552107352901,0.4442827475634181,0.43204974195328455
2022-02-25,2021-22,ORL,HOU,119,111,-160.0,140.0,-3.5,1,0.5880990505984778,0.6027972144827674,0.5734008867141882,0.681470911299683,0.6008774482239536,0.6206865291604615
2022-02-25,2021-22,NYK,MIA,100,115,200.0,-240.0,6.0,0,0.37388472710193743,0.35683219870827754,0.3909372554955973,0.382038226008072,0.3101015402784747,0.30352831029681354
2022-02-26,2021-22,DEN,SAC,115,110,-350.0,290.0,-8.0,1,0.8108342684032874,0.8210315568532567,0.8006369799533181,0.865144648526654,0.7652217439493267,0.75383189663827
2022-02-26,2021-22,MIL,BKN,123,126,-500.0,400.0,-9.5,0,0.7555548219007742,0.7742874564203306,0.7368221873812177,0.7750757469771612,0.8222655105048283,0.790518217596245
2022-02-26,2021-22,CHI,MEM,110,116,115.0,-135.0,2.0,0,0.5056772840036421,0.48160617330427746,0.5297483947030067,0.5110771604498888,0.4442827475634181,0.43204974195328455
2022-02-26,2021-22,ATL,TOR,127,100,-180.0,160.0,-3.5,1,0.5704436775151656,0.602823020748896,0.5380643342814352,0.6021322421407121,0.6308066475528518,0.6206865291604615
2022-02-26,2021-22,MIA,SAS,133,129,-900.0,600.0,-13.0,1,0.7715337699168519,0.7692849369388061,0.7737826028948978,0.7923801286148765,0.8881535201562881,0.8600227189744314
2022-02-26,2021-22,CLE,WAS,92,86,-380.0,320.0,-8.5,1,0.7782221775503912,0.7845656318762267,0.7718787232245558,0.7967787221212017,0.7809784267740079,0.7665240746293874
2022-02-26,2021-22,DET,BOS,104,113,500.0,-700.0,12.5,0,0.19727826407922028,0.15176203481897144,0.24279449333946912,0.1947314003059254,0.137469340184383,0.149850591223406
2022-02-27,2021-22,LAL,NOP,95,123,-140.0,120.0,-2.5,0,0.5043190028336197,0.5092136655866666,0.499424340080573,0.5793002771840616,0.5655647487838321,0.5873929722941529
2022-02-27,2021-22,GSW,DAL,101,107,-160.0,140.0,-4.0,0,0.6126856137155912,0.6141857078396403,0.6111855195915421,0.6752307570691196,0.6008774482239536,0.6369372830124617
2022-02-27,2021-22,HOU,LAC,98,99,220.0,-260.0,7.5,0,0.3050891484417766,0.3110828286007769,0.29909546828277633,0.3206308720715437,0.2916179563808568,0.26125623891201216
2022-02-27,2021-22,POR,DEN,92,124,280.0,-340.0,,0,0.40562518289907146,0.4001223862661944,0.4111279795319485,0.3877557443043481,0.2405577767761341,
2022-02-27,2021-22,IND,BOS,128,107,350.0,-420.0,9.5,1,0.2862114012126573,0.27520193072016513,0.2972208717051495,0.2687222420711247,0.2027545142991849,0.21115472978709024
2022-02-27,2021-22,PHX,UTA,114,118,130.0,-150.0,3.0,0,0.6868601981071565,0.6844825016412733,0.6892378945730397,0.7573976616772936,0.4160173649636405,0.3982510126981278
2022-02-27,2021-22,NYK,PHI,109,125,280.0,-340.0,7.5,0,0.3728636356411327,0.3760219148290188,0.3697053564532465,0.396144118923565,0.2405577767761341,0.26125623891201216
2022-02-27,2021-22,CHA,DET,126,127,-600.0,450.0,-10.5,0,0.8203907622035683,0.8390476560439946,0.8017338683631421,0.823622380935146,0.8449082316736235,0.8126491965359115
2022-02-28,2021-22,ORL,IND,119,103,-140.0,120.0,-2.5,1,0.5292052951630655,0.514785906288154,0.5436246840379768,0.4970735401381694,0.5655647487838321,0.5873929722941529
2022-02-28,2021-22,CLE,MIN,122,127,140.0,-160.0,3.5,0,0.5899258189468723,0.6141653455239725,0.5656862923697721,0.6832776040012881,0.3991225517760463,0.3816878509294548
2022-02-28,2021-22,BKN,TOR,97,133,135.0,-155.0,3.0,0,0.47600406863258937,0.4547323528950349,0.4972757843701439,0.539803084970863,0.4073918645396744,0.3982510126981278
2022-02-28,2021-22,MIA,CHI,112,99,-190.0,170.0,-4.5,1,0.6898846225812928,0.691574474248178,0.6881947709144076,0.7584359380248524,0.6441282024937907,0.6528811761685757
2022-02-28,2021-22,MEM,SAS,118,105,-380.0,320.0,-8.5,1,0.7451082218766495,0.747547364737651,0.7426690790156479,0.8044370025247122,0.7809784267740079,0.7665240746293874
2022-02-28,2021-22,MIL,CHA,130,106,-550.0,425.0,-10.5,1,0.7260183618135335,0.7573735874518872,0.6946631361751798,0.7350933372859522,0.8343386613595238,0.8126491965359115
2022-02-28,2021-22,OKC,SAC,110,131,180.0,-210.0,5.5,0,0.5294249814048898,0.5236360084600103,0.5352139543497693,0.6200946449832202,0.3371686401719961,0.31844658639079165
2022-03-01,2021-22,MIN,GSW,129,114,150.0,-170.0,4.0,1,0.4533791321955832,0.42786175761791734,0.478896506773249,0.5219313994172972,0.3835663265450182,0.3653952573222735
2022-03-01,2021-22,LAL,DAL,104,109,175.0,-200.0,4.5,0,0.33445201868039753,0.33335271376316095,0.33555132359763407,0.3880700174613532,0.3462768352259985,0.3494051226951947
2022-03-01,2021-22,HOU,LAC,100,113,230.0,-270.0,7.0,0,0.3019096306050003,0.30472379292722424,0.29909546828277633,0.3151675491169186,0.283192915216782,0.2749169702416817
2022-03-01,2021-22,BOS,ATL,107,98,-260.0,220.0,-6.5,1,0.7168361246833966,0.7192155340405185,0.7144567153262747,0.7619051011288717,0.7083820436191438,0.7130528657723422
2022-03-01,2021-22,WAS,DET,116,113,-150.0,130.0,-3.0,1,0.7246763080352778,0.7099500080721363,0.7394026079984194,0.7529878025945901,0.5839826350363595,0.6041604400628688
2022-03-01,2021-22,TOR,BKN,109,108,-360.0,300.0,-8.0,1,0.789819980385532,0.7945576424476835,0.7850823183233806,0.7833659695682766,0.7707247769725477,0.75383189663827
2022-03-02,2021-22,DEN,OKC,107,119,-1600.0,900.0,-15.5,0,0.8762972085440965,0.8731684109529375,0.8794260061352555,0.8977048248338481,0.931755932037888,0.8969365809385075
2022-03-02,2021-22,HOU,UTA,127,132,850.0,-1500.0,15.0,0,0.19090050109210138,0.1491981402691487,0.23260286191505403,0.1955180458579272,0.0724765352617711,0.11066805468823976
2022-03-02,2021-22,NOP,SAC,125,95,-250.0,210.0,-6.5,1,0.763634006874927,0.757628702801045,0.7696393109488089,0.7967872474159448,0.6994298951228424,0.7130528657723422
2022-03-02,2021-22,PHX,POR,120,90,-650.0,475.0,-11.0,1,0.8905663186793176,0.878714539717743,0.9024180976408922,0.9064057702948728,0.8542372382782516,0.8230207768240712
2022-03-02,2021-22,PHI,NYK,123,108,-600.0,450.0,-10.5,1,0.7940678904768174,0.7882501745295517,0.799885606424083,0.843628497256368,0.8449082316736235,0.8126491965359115
2022-03-02,2021-22,ORL,IND,114,122,110.0,-130.0,2.0,0,0.5038131716578057,0.48629010663753147,0.5213362366780799,0.541297462008749,0.4545972645555742,0.43204974195328455
2022-03-02,2021-22,CLE,CHA,98,119,-170.0,150.0,-4.0,0,0.6908398007773254,0.6871513394500413,0.6945282621046096,0.7422204028748977,0.6164336734549818,0.6369372830124617
2022-03-02,2021-22,MIL,MIA,120,119,-180.0,160.0,-4.5,1,0.5137464715477793,0.5137151878093627,0.5137777552861958,0.5380997900583522,0.6308066475528518,0.6528811761685757
2022-03-03,2021-22,ATL,CHI,130,124,-130.0,110.0,-2.0,1,0.5610213677927329,0.5742520701818157,0.5477906654036502,0.6454673015479253,0.5454027354444257,0.5704202656032762
2022-03-03,2021-22,BKN,MIA,107,113,-145.0,125.0,-3.0,0,0.3610437701433674,0.3564305090885764,0.3656570311981585,0.3576382267736139,0.5749769329552475,0.6041604400628688
2022-03-03,2021-22,TOR,DET,106,108,-360.0,300.0,-8.0,0,0.8524127128254255,0.834206091515815,0.870619334135036,0.873552334580171,0.7707247769725477,0.75383189663827
2022-03-03,2021-22,BOS,MEM,120,107,-135.0,115.0,-2.0,1,0.5981914012098668,0.6055210731824089,0.5908617292373246,0.6372980026481723,0.5557172524365818,0.5704202656032762
2022-03-03,2021-22,SAS,SAC,112,115,-260.0,220.0,-6.5,0,0.7600847511749751,0.7618293110946049,0.7583401912553452,0.7668370713318885,0.7083820436191438,0.7130528657723422
2022-03-03,2021-22,DAL,GSW,122,113,-125.0,105.0,-1.5,1,0.6068832129617585,0.6199636055799433,0.5938028203435737,0.6568396449465976,0.5345862274328822,0.5532803541656142
2022-03-03,2021-22,LAC,LAL,132,111,-130.0,110.0,-2.0,1,0.7085848066695644,0.6817487495696688,0.73542086376946,0.7473152561117585,0.5454027354444257,0.5704202656032762
2022-03-04,2021-22,OKC,MIN,101,138,350.0,-420.0,10.0,0,0.3408391366943623,0.3358938744884396,0.34578439890028495,0.3733724059052173,0.2027545142991849,0.19978935629055913
2022-03-04,2021-22,PHX,NYK,115,114,-250.0,210.0,-6.5,1,0.8853138884699012,0.8812178166125301,0.8894099603272723,0.9016780967970504,0.6994298951228424,0.7130528657723422
2022-03-04,2021-22,DEN,HOU,116,101,-450.0,375.0,-8.5,1,0.8868452262548268,0.881567519363422,0.8921229331462316,0.915548453656079,0.808345338341749,0.7665240746293874
2022-03-04,2021-22,NOP,UTA,124,90,170.0,-190.0,4.5,1,0.4804535988341291,0.4676613852989887,0.4932458123692695,0.5220256780088229,0.3558717975062095,0.3494051226951947
2022-03-04,2021-22,WAS,ATL,114,117,195.0,-230.0,6.0,0,0.48074277501448737,0.49638594749635445,0.4650996025326203,0.4769502693331615,0.3178456195397612,0.30352831029681354
2022-03-04,2021-22,CHI,MIL,112,118,175.0,-200.0,5.0,0,0.4918390506674909,0.48677843452809777,0.496899666806884,0.5775346742697834,0.3462768352259985,0.3337467294155119
2022-03-04,2021-22,TOR,ORL,97,103,-310.0,260.0,-8.0,0,0.7981798304656138,0.799823656280468,0.7965360046507596,0.8604744889315584,0.7432301097396163,0.75383189663827
2022-03-04,2021-22,DET,IND,111,106,120.0,-140.0,2.5,1,0.47096936032954784,0.4450390538522116,0.496899666806884,0.5161899942772765,0.434435251216168,0.41505045389637707
2022-03-04,2021-22,PHI,CLE,125,119,-330.0,270.0,-7.5,1,0.7169163563374884,0.6999977742411257,0.7338349384338511,0.7490044856234434,0.7533643669158683,0.7406831670688772
2022-03-05,2021-22,DAL,SAC,114,113,-185.0,165.0,-4.5,1,0.8473645402698815,0.8396052537175474,0.8551238268222157,0.8734101360941355,0.63759140481802,0.6528811761685757
2022-03-05,2021-22,CHA,SAS,123,117,-170.0,150.0,-4.0,1,0.5699515185074735,0.5937292251326466,0.5461738118823005,0.6586398051919004,0.6164336734549818,0.6369372830124617
2022-03-05,2021-22,MEM,ORL,124,96,-1600.0,900.0,-16.0,1,0.8953500743419656,0.9034142289550127,0.8872859197289186,0.9030868183078544,0.931755932037888,0.9031979029732045
2022-03-05,2021-22,MIA,PHI,99,82,-200.0,175.0,-5.5,1,0.678947264600116,0.6972617387217622,0.6606327904784698,0.6659521446948592,0.6537231647740015,0.6837356127682949
2022-03-05,2021-22,MIN,POR,135,121,-1100.0,700.0,-14.0,1,0.7677915245035529,0.7572154255839421,0.7783676234231639,0.8253285545769364,0.905856887281654,0.8759629475140374
2022-03-05,2021-22,LAL,GSW,124,116,190.0,-220.0,5.5,1,0.3496462891235179,0.36734607207509756,0.33194650617193827,0.3905933016760583,0.3259717594666138,0.31844658639079165
2022-03-06,2021-22,LAC,NYK,93,116,-230.0,195.0,-5.5,0,0.7352123895554195,0.7317506013443676,0.7386741777664714,0.7755520732471725,0.6821543804602389,0.6837356127682949
2022-03-06,2021-22,DEN,NOP,138,130,-185.0,165.0,-4.5,1,0.5701236704250495,0.588146174962487,0.552101165887612,0.6736738735573795,0.63759140481802,0.6528811761685757
2022-03-06,2021-22,CLE,TOR,104,96,-200.0,175.0,-4.5,1,0.5977861985618342,0.5858649950622135,0.609707402061455,0.6260012023338232,0.6537231647740015,0.6528811761685757
2022-03-06,2021-22,HOU,MEM,123,112,450.0,-600.0,10.5,1,0.225564688522696,0.21272992727686768,0.23839944976852437,0.1750856972990934,0.1550917683263714,0.18888924117694963
2022-03-06,2021-22,BOS,BKN,126,120,-220.0,190.0,-6.0,1,0.8096761846282707,0.847834242381713,0.7715181268748286,0.8661286012494642,0.6740282405333864,0.6985968682539574
2022-03-06,2021-22,WAS,IND,133,123,-135.0,115.0,-2.0,1,0.6174851533632573,0.6212987963314102,0.6136715103951045,0.6428011094003937,0.5557172524365818,0.5704202656032762
2022-03-06,2021-22,MIL,PHX,132,122,-450.0,375.0,-9.0,1,0.4242207045749913,0.42711681654344663,0.4213245926065359,0.4659101022193913,0.808345338341749,0.7787539188531114
2022-03-06,2021-22,OKC,UTA,103,116,750.0,-1200.0,14.0,0,0.24640328475103634,0.23829475755653065,0.25451181194554207,0.2947076437274388,0.0872036410479673,0.12513564429237414
2022-03-07,2021-22,DEN,GSW,131,124,-350.0,290.0,-8.0,1,0.5799484151916702,0.572761095374951,0.5871357350083893,0.6449128607132256,0.7652217439493267,0.75383189663827
2022-03-07,2021-22,SAC,NYK,115,131,-170.0,150.0,-4.0,0,0.5639161495663552,0.5947146415664303,0.5331176575662799,0.5672970237138516,0.6164336734549818,0.6369372830124617
2022-03-07,2021-22,DAL,UTA,111,103,-105.0,-115.0,1.0,1,0.6635727330751784,0.6917550486570399,0.6353904174933168,0.6741138996524186,0.488395545501788,0.46649321075541333
2022-03-07,2021-22,SAS,LAL,117,110,-260.0,220.0,-6.5,1,0.621380213873836,0.619987545105479,0.6227728826421929,0.6884130087942678,0.7083820436191438,0.7130528657723422
2022-03-07,2021-22,MIA,HOU,123,106,-2500.0,1100.0,-16.5,1,0.904156543064331,0.9226134365014849,0.8856996496271771,0.9311551077404246,0.9529136327857252,0.9091173794696449
2022-03-07,2021-22,DET,ATL,113,110,250.0,-300.0,7.5,1,0.3593540995180109,0.3224452835224766,0.39626291551354526,0.3573653134534661,0.2636896222946976,0.26125623891201216
2022-03-07,2021-22,PHI,CHI,121,106,-330.0,270.0,-7.5,1,0.6526837397668811,0.6618500441286237,0.6435174354051385,0.7545796735712794,0.7533643669158683,0.7406831670688772
2022-03-07,2021-22,MIN,POR,124,81,-1200.0,750.0,-13.5,1,0.8035611198139867,0.7938067781112524,0.813315461516721,0.8317972566953684,0.91279635895203,0.868197092052344
2022-03-08,2021-22,CHA,BKN,121,132,150.0,-170.0,4.0,0,0.7087371351425138,0.6984673476773912,0.7190069226076365,0.7325585069476839,0.3835663265450182,0.3653952573222735
2022-03-08,2021-22,ORL,PHX,99,102,205.0,-245.0,6.0,0,0.18188302625027647,0.17250743018867318,0.19125862231187976,0.1976591889625696,0.305259879980807,0.30352831029681354
2022-03-08,2021-22,IND,CLE,124,127,125.0,-145.0,2.5,0,0.42648508269050667,0.4338630922744196,0.4191070731065937,0.4695696061509,0.4250230670447525,0.41505045389637707
2022-03-08,2021-22,MEM,NOP,132,111,-330.0,270.0,-8.0,1,0.61352574774064,0.6192292907673976,0.6078222047138824,0.7123595094188527,0.7533643669158683,0.75383189663827
2022-03-08,2021-22,OKC,MIL,115,142,700.0,-1100.0,13.5,0,0.24718035243616399,0.24679846891259904,0.24756223595972893,0.2971671954700269,0.0941431127183459,0.132959841458717
2022-03-08,2021-22,GSW,LAC,112,97,-240.0,200.0,-6.0,1,0.6825738280444333,0.669856229414226,0.6952914266746406,0.7435566220469925,0.6898984597215254,0.6985968682539574
2022-03-09,2021-22,LAC,WAS,115,109,-160.0,140.0,-3.5,1,0.6123848535661314,0.610857514579181,0.6139121925530818,0.7249021974983887,0.6008774482239536,0.6206865291604615
2022-03-09,2021-22,SAC,DEN,100,106,220.0,-260.0,6.5,0,0.280041389525976,0.30168338283971674,0.25839939621223523,0.3307830555050493,0.2916179563808568,0.2890125525275827
2022-03-09,2021-22,UTA,POR,123,85,-4000.0,1400.0,-19.5,1,0.826044899376648,0.8333415988350201,0.8187481999182759,0.8568988426715932,0.968861239182608,0.938237097476741
2022-03-09,2021-22,DAL,NYK,77,107,-400.0,330.0,-8.5,0,0.7812350531343504,0.7901009448872289,0.7723691613814719,0.8294630602328584,0.7884793547170356,0.7665240746293874
2022-03-09,2021-22,SAS,TOR,104,119,100.0,-120.0,1.0,0,0.568472798362377,0.5872617165342362,0.5496838801905177,0.57970380748618,0.4767709538481187,0.46649321075541333
2022-03-09,2021-22,MIN,OKC,132,102,-1400.0,800.0,-15.5,1,0.8869515092483711,0.8887331291974703,0.8851698892992719,0.8831819240703734,0.9227437399650972,0.8969365809385075
2022-03-09,2021-22,CHA,BOS,101,115,220.0,-260.0,7.0,0,0.3422253306142693,0.3408558620705695,0.3435947991579691,0.4006219533500132,0.2916179563808568,0.2749169702416817
2022-03-09,2021-22,HOU,LAL,139,130,260.0,-310.0,7.5,1,0.39564627353851123,0.3810220350001348,0.41027051207688764,0.4440804916790227,0.256769890260389,0.26125623891201216
2022-03-09,2021-22,MIL,ATL,124,115,-185.0,165.0,-4.5,1,0.6681346535653401,0.6599106292307227,0.6763586778999573,0.7214425413395357,0.63759140481802,0.6528811761685757
2022-03-09,2021-22,MIA,PHX,90,111,-180.0,160.0,-4.0,0,0.5746668191706124,0.608486989311537,0.5408466490296878,0.5851293685309126,0.6308066475528518,0.6369372830124617
2022-03-09,2021-22,DET,CHI,108,114,215.0,-255.0,6.5,0,0.40375530027060236,0.3797951966149388,0.42771540392626595,0.4162971397205029,0.2960250379699732,0.2890125525275827
2022-03-09,2021-22,NOP,ORL,102,108,-360.0,300.0,-8.5,0,0.8459023773219934,0.8591257220976848,0.832679032546302,0.8514994001826793,0.7707247769725477,0.7665240746293874
2022-03-10,2021-22,DEN,GSW,102,113,105.0,-125.0,1.5,0,0.5699064852124014,0.5720726264700725,0.5677403439547302,0.6577119649242807,0.4654137725671177,0.4492105947756774
2022-03-10,2021-22,PHI,BKN,100,129,-180.0,160.0,-3.5,0,0.7677038565245027,0.766652467722445,0.7687552453265605,0.8275936910278608,0.6308066475528518,0.6206865291604615
2022-03-11,2021-22,ORL,MIN,118,110,300.0,-360.0,8.5,1,0.25216547495468916,0.26506988675271564,0.23926106315666265,0.3257752269635193,0.2292752230274884,0.23528346065663988
2022-03-11,2021-22,PHX,TOR,112,117,-210.0,180.0,-5.0,0,0.790904786913895,0.8049810226973524,0.7768285511304377,0.8246635745009501,0.662831359828004,0.6684893183469965
2022-03-11,2021-22,SAS,UTA,104,102,190.0,-220.0,5.5,1,0.40531431153802483,0.38827895881533436,0.4223496642607153,0.4457620924172187,0.3259717594666138,0.31844658639079165
2022-03-11,2021-22,NOP,CHA,120,142,130.0,-150.0,3.5,0,0.6886795663109346,0.6890075211327736,0.6883516114890955,0.711113738648958,0.4160173649636405,0.3816878509294548
2022-03-11,2021-22,MIA,CLE,117,105,-340.0,280.0,-8.0,1,0.705951653092189,0.6958402396771011,0.7160630665072768,0.75698350476717,0.7594422232238837,0.75383189663827
2022-03-11,2021-22,LAL,WAS,122,109,-185.0,165.0,-4.5,1,0.5418171609757774,0.58320409528318,0.5004302266683748,0.6413286287809876,0.63759140481802,0.6528811761685757
2022-03-11,2021-22,HOU,DAL,100,113,450.0,-600.0,11.0,0,0.2281804257748582,0.2342376594078204,0.22212319214189596,0.2543849502942357,0.1550917683263714,0.17845119618871869
2022-03-11,2021-22,ATL,LAC,112,106,-280.0,240.0,-7.5,1,0.6246473446760397,0.6258203100668243,0.6234743792852552,0.6817115243825285,0.7247510069457442,0.7406831670688772
2022-03-11,2021-22,BOS,DET,114,103,-1100.0,700.0,-14.5,1,0.8681504516403076,0.8899201618157032,0.8463807414649119,0.917777836890921,0.905856887281654,0.8833327242620539
2022-03-11,2021-22,MEM,NYK,118,114,-410.0,340.0,-9.0,1,0.7376989562506493,0.7212103983285836,0.7541875141727149,0.7801859520349996,0.7929569774555982,0.7787539188531114
2022-03-12,2021-22,SAS,IND,108,119,-130.0,110.0,-1.5,0,0.6317191556289015,0.6321826512827246,0.6312556599750784,0.726350645229817,0.5454027354444257,0.5532803541656142
2022-03-12,2021-22,MIA,MIN,104,113,-165.0,145.0,-4.0,0,0.6697495716283335,0.6823732545961575,0.6571258886605094,0.7216341591337145,0.608812566039061,0.6369372830124617
2022-03-12,2021-22,CHI,CLE,101,91,-190.0,170.0,-5.0,1,0.6121592327489516,0.6456440470661705,0.5786744184317327,0.620758021443109,0.6441282024937907,0.6684893183469965
2022-03-12,2021-22,GSW,MIL,122,109,110.0,-130.0,2.0,1,0.5532619785538959,0.5794767067564507,0.5270472503513411,0.6407745234661915,0.4545972645555742,0.43204974195328455
2022-03-12,2021-22,UTA,SAC,134,125,-400.0,330.0,-8.5,1,0.8180535330958436,0.8180898131402222,0.8180172530514649,0.866678111358031,0.7884793547170356,0.7665240746293874
2022-03-12,2021-22,DEN,TOR,115,127,-275.0,235.0,-7.0,0,0.6899335259801678,0.7201011371614415,0.659765914798894,0.6855224386788737,0.7208365273452971,0.727086381207308
2022-03-12,2021-22,POR,WAS,127,118,230.0,-270.0,7.0,1,0.5345065073753024,0.5705535511799168,0.4984594635706879,0.5978822752580091,0.283192915216782,0.2749169702416817
2022-03-13,2021-22,NOP,HOU,130,105,-250.0,210.0,-7.0,1,0.8199514624928345,0.8306237967594367,0.8092791282262323,0.8515797202180184,0.6994298951228424,0.727086381207308
2022-03-13,2021-22,PHX,LAL,140,111,-330.0,270.0,-7.5,1,0.8636639359540182,0.842950658880612,0.8843772130274244,0.8915897098320762,0.7533643669158683,0.7406831670688772
2022-03-13,2021-22,ATL,IND,131,128,-800.0,550.0,-12.5,1,0.7636677071646543,0.7864311830954127,0.7409042312338959,0.7743271012633138,0.8766273349432749,0.8514281304931971
2022-03-13,2021-22,OKC,MEM,118,125,800.0,-1400.0,15.0,0,0.21559513410428127,0.2278002545231886,0.20339001368537396,0.2403165001556395,0.0772562600349027,0.11066805468823976
2022-03-13,2021-22,BOS,DAL,92,95,-280.0,240.0,-7.0,0,0.686705312269677,0.6798464413462533,0.6935641831931008,0.7219020078214703,0.7247510069457442,0.727086381207308
2022-03-13,2021-22,DET,LAC,102,106,155.0,-175.0,4.0,0,0.40297770084043966,0.4193972905939906,0.3865581110868887,0.4289707440187895,0.376240667120052,0.3653952573222735
2022-03-13,2021-22,BKN,NYK,110,107,-240.0,200.0,-5.5,1,0.5657290346908717,0.5709495196089074,0.5605085497728359,0.6179280756837658,0.6898984597215254,0.6837356127682949
2022-03-13,2021-22,ORL,PHI,114,116,500.0,-700.0,11.0,0,0.3299229661401738,0.3384957573980234,0.32135017488232426,0.3594226922184151,0.137469340184383,0.17845119618871869
2022-03-14,2021-22,UTA,MIL,111,117,-135.0,115.0,-2.0,0,0.5493098382355655,0.5736085031536531,0.5250111733174779,0.6459270069894333,0.5557172524365818,0.5704202656032762
2022-03-14,2021-22,LAL,TOR,103,114,165.0,-185.0,4.5,0,0.40173326581493013,0.3958552682482133,0.40761126338164694,0.436802488728236,0.3624085951819801,0.3494051226951947
2022-03-14,2021-22,SAC,CHI,112,103,160.0,-180.0,4.5,1,0.3848458518297878,0.40842760636111586,0.3612640972984597,0.4270347496633181,0.3691933524471482,0.3494051226951947
2022-03-14,2021-22,SAS,MIN,139,149,145.0,-165.0,3.5,0,0.3892052725076079,0.3754766539643299,0.4029338910508859,0.4568273804104364,0.391187433960939,0.3816878509294548
2022-03-14,2021-22,GSW,WAS,126,112,-800.0,550.0,-11.5,1,0.7948346367841219,0.8170050388917811,0.7726642346764628,0.8565805481295422,0.8766273349432749,0.8329362310205675
2022-03-14,2021-22,PHI,DEN,110,114,-165.0,145.0,-4.0,0,0.540220086471054,0.5395924624899646,0.5408477104521433,0.646123982145188,0.608812566039061,0.6369372830124617
2022-03-14,2021-22,ATL,POR,122,113,-1100.0,700.0,-14.0,1,0.7690638455647072,0.7573483093050516,0.7807793818243628,0.8062194147300753,0.905856887281654,0.8759629475140374
2022-03-14,2021-22,CLE,LAC,120,111,-280.0,240.0,-7.5,1,0.6392701942699219,0.6731822070881484,0.6053581814516955,0.6705801543289328,0.7247510069457442,0.7406831670688772
2022-03-14,2021-22,OKC,CHA,116,134,450.0,-600.0,11.5,0,0.321685533683144,0.30887313315996817,0.3344979342063198,0.3891152721877337,0.1550917683263714,0.16847015425964673
2022-03-15,2021-22,ORL,BKN,108,150,400.0,-500.0,10.0,0,0.41656458942476726,0.41336439353445487,0.41976478531507966,0.4753662692696093,0.1777344894951717,0.19978935629055913
2022-03-15,2021-22,IND,MEM,102,135,225.0,-265.0,6.5,0,0.29825393558266794,0.3360783205118943,0.2604295506534416,0.3448392149149186,0.2873425552709012,0.2890125525275827
2022-03-15,2021-22,MIA,DET,105,98,-1100.0,700.0,-14.0,1,0.862716149008264,0.8617034382898975,0.8637288597266306,0.9011230688117016,0.905856887281654,0.8759629475140374
2022-03-15,2021-22,NOP,PHX,115,131,160.0,-180.0,4.5,0,0.38403560690873756,0.37156530802879256,0.39650590578868256,0.3733218653230855,0.3691933524471482,0.3494051226951947
2022-03-16,2021-22,UTA,CHI,125,110,-270.0,230.0,-7.0,1,0.7160620554941397,0.7004262829264694,0.73169782806181,0.7394172469088196,0.716807084783219,0.727086381207308
2022-03-16,2021-22,SAC,MIL,126,135,330.0,-400.0,8.5,0,0.28905148751885235,0.29759859864166427,0.2805043763960404,0.330690193990063,0.2115206452829644,0.23528346065663988
2022-03-16,2021-22,SAS,OKC,122,120,-750.0,525.0,-11.5,1,0.7592607608792807,0.7546673004395632,0.7638542213189982,0.7943645001235595,0.8699506797724654,0.8329362310205675
2022-03-16,2021-22,LAC,TOR,100,103,120.0,-140.0,2.0,0,0.5053254417134629,0.4736381768562911,0.5370127065706347,0.5164571313717583,0.434435251216168,0.43204974195328455
2022-03-16,2021-22,GSW,BOS,88,110,-125.0,105.0,-2.0,0,0.5441627476866301,0.5737278678104284,0.5145976275628318,0.587525380587344,0.5345862274328822,0.5704202656032762
2022-03-16,2021-22,MIN,LAL,124,104,-420.0,350.0,-8.5,1,0.7997978101999225,0.8111123457733376,0.7884832746265074,0.8307562296188346,0.7972454857008152,0.7665240746293874
2022-03-16,2021-22,BKN,DAL,111,113,135.0,-155.0,3.0,0,0.48969623661489114,0.45799889816447437,0.5213935750653079,0.5080951874744337,0.4073918645396744,0.3982510126981278
2022-03-16,2021-22,HOU,PHX,112,129,425.0,-550.0,10.0,0,0.19035812342966588,0.16108873716986452,0.21962750968946723,0.142071520745325,0.1656613386404757,0.19978935629055913
2022-03-16,2021-22,NYK,POR,128,98,-850.0,575.0,-13.0,1,0.7522760923899443,0.7462909296396663,0.7582612551402222,0.7711150131263365,0.8826661195242046,0.8600227189744314
2022-03-16,2021-22,CLE,PHI,114,118,150.0,-170.0,4.0,0,0.5068007971769994,0.5101299228468891,0.5034716715071097,0.5816032992818685,0.3835663265450182,0.3653952573222735
2022-03-16,2021-22,WAS,DEN,109,127,240.0,-280.0,6.0,0,0.3729650558222761,0.3789523169742893,0.36697779467026287,0.3857988831056395,0.2752489930542572,0.30352831029681354
2022-03-16,2021-22,CHA,ATL,116,106,-110.0,-110.0,-1.0,1,0.5502167956018258,0.5789316374445997,0.5215019537590517,0.6015787304388236,0.5,0.5360128414112495
2022-03-17,2021-22,ORL,DET,120,134,-145.0,125.0,-3.0,0,0.5687196010696998,0.5841838502461998,0.5532553518931999,0.6542192510437593,0.5749769329552475,0.6041604400628688
2022-03-18,2021-22,SAC,BOS,97,126,425.0,-550.0,10.5,0,0.23245094288655335,0.23639281258985473,0.22850907318325198,0.2426551396108961,0.1656613386404757,0.18888924117694963
2022-03-18,2021-22,UTA,LAC,121,92,-220.0,190.0,-5.5,1,0.7416255073087168,0.7392356046477113,0.7440154099697223,0.7719003465737175,0.6740282405333864,0.6837356127682949
2022-03-18,2021-22,SAS,NOP,91,124,-130.0,110.0,-2.0,0,0.4923747894137829,0.487555046812677,0.4971945320148887,0.5682659716503209,0.5454027354444257,0.5704202656032762
2022-03-18,2021-22,MIA,OKC,120,108,-1600.0,900.0,-14.5,1,0.8828552323711941,0.8850171524866897,0.8806933122556986,0.9148250996773156,0.931755932037888,0.8833327242620539
2022-03-18,2021-22,HOU,IND,118,121,145.0,-165.0,4.0,0,0.42801514456431966,0.4437035590568595,0.4123267300717798,0.4856341801832378,0.391187433960939,0.3653952573222735
2022-03-18,2021-22,TOR,LAL,123,128,-370.0,310.0,-8.0,0,0.7806210340339128,0.7829637485324724,0.7782783195353533,0.8268911409599496,0.7759710501742187,0.75383189663827
2022-03-18,2021-22,ATL,MEM,120,105,210.0,-250.0,6.0,1,0.4263554332393944,0.45105034595811794,0.4016605205206708,0.4833047071675064,0.3005701048771581,0.30352831029681354
2022-03-18,2021-22,PHX,CHI,129,102,-190.0,170.0,-5.0,1,0.8250265731101618,0.8424713456192484,0.8075818006010752,0.8560145507070929,0.6441282024937907,0.6684893183469965
2022-03-18,2021-22,BKN,POR,128,123,-1200.0,750.0,-14.5,1,0.7845987464561548,0.7994805313599065,0.769716961552403,0.7919034448943261,0.91279635895203,0.8833327242620539
2022-03-18,2021-22,CLE,DEN,119,116,125.0,-145.0,2.5,1,0.48687577801701176,0.4702798845269139,0.5034716715071097,0.5402308051341297,0.4250230670447525,0.41505045389637707
2022-03-18,2021-22,PHI,DAL,111,101,-185.0,165.0,-4.5,1,0.5304355022845817,0.5520506000145465,0.5088204045546167,0.5922623988621706,0.63759140481802,0.6528811761685757
2022-03-18,2021-22,NYK,WAS,100,97,-250.0,210.0,-6.0,1,0.7029476794499296,0.7243902651269961,0.6815050937728633,0.7753586605288207,0.6994298951228424,0.6985968682539574
2022-03-19,2021-22,WAS,LAL,127,119,100.0,-120.0,1.0,1,0.5584593958916372,0.5727585167481805,0.5441602750350939,0.5876420116751215,0.4767709538481187,0.46649321075541333
2022-03-19,2021-22,CLE,DET,113,109,-235.0,195.0,-6.0,1,0.7393294126745291,0.736473697113528,0.7421851282355303,0.8270803798102152,0.684897243131109,0.6985968682539574
2022-03-19,2021-22,MIN,MIL,138,119,-155.0,135.0,-3.0,1,0.573954574926935,0.5948558075928901,0.5530533422609799,0.6233681707041172,0.5926081354603255,0.6041604400628688
2022-03-19,2021-22,CHA,DAL,129,108,-135.0,115.0,-2.5,1,0.5983022545041272,0.6089425333350946,0.5876619756731599,0.5239842101163107,0.5557172524365818,0.5873929722941529
2022-03-20,2021-22,PHI,TOR,88,93,-350.0,290.0,-8.0,0,0.6048698150583312,0.6070127277331749,0.6027269023834875,0.6586902887896288,0.7652217439493267,0.75383189663827
2022-03-20,2021-22,DEN,BOS,104,124,125.0,-145.0,3.0,0,0.4783888054898649,0.4586474679112426,0.4981301430684872,0.5027960226222377,0.4250230670447525,0.3982510126981278
2022-03-20,2021-22,NYK,UTA,93,108,140.0,-160.0,3.5,0,0.4852497104020854,0.4694255018679288,0.5010739189362421,0.5026145327436621,0.3991225517760463,0.3816878509294548
2022-03-20,2021-22,ORL,OKC,90,85,-350.0,290.0,-8.5,1,0.5948520289298629,0.6134011199859561,0.5763029378737696,0.6676781512350302,0.7652217439493267,0.7665240746293874
2022-03-20,2021-22,GSW,SAS,108,110,-265.0,225.0,-6.5,0,0.7927117700217556,0.8120781441481922,0.7733453958953189,0.8289791180186119,0.7126574447290995,0.7130528657723422
2022-03-20,2021-22,SAC,PHX,124,127,290.0,-350.0,8.0,0,0.1757569441908392,0.1699843651784746,0.18152952320320379,0.1938410443671352,0.2347782560506988,0.2480421029872373
2022-03-20,2021-22,IND,POR,129,98,-350.0,290.0,-8.0,1,0.6771099387112276,0.6730513034629249,0.6811685739595305,0.6853501313187556,0.7652217439493267,0.75383189663827
2022-03-20,2021-22,HOU,MEM,98,122,550.0,-800.0,12.5,0,0.19342341919420603,0.19228785352569056,0.1945589848627215,0.2018277484497268,0.1233726650567251,0.149850591223406
2022-03-20,2021-22,ATL,NOP,112,117,-200.0,175.0,-5.0,0,0.5426025853902374,0.5679647317403667,0.5172404390401082,0.6660531583857704,0.6537231647740015,0.6684893183469965
2022-03-21,2021-22,HOU,WAS,115,97,145.0,-165.0,3.5,1,0.3952137960724943,0.39762031429349715,0.39280727785149144,0.4814403154748244,0.391187433960939,0.3816878509294548
2022-03-21,2021-22,DET,POR,115,119,-450.0,375.0,-9.5,0,0.6744111103170192,0.6981448182117357,0.6506774024223027,0.6287387542912608,0.808345338341749,0.790518217596245
2022-03-21,2021-22,CLE,LAL,120,131,-200.0,175.0,-5.0,0,0.6930456804597624,0.6990927016773952,0.6869986592421298,0.7683268111082536,0.6537231647740015,0.6684893183469965
2022-03-21,2021-22,PHI,MIA,113,106,270.0,-330.0,8.0,1,0.4858646072903512,0.4723251493602708,0.49940406522043157,0.5736735302840928,0.2466356330841441,0.2480421029872373
2022-03-21,2021-22,CHA,NOP,106,103,-230.0,195.0,-5.5,1,0.635567535955899,0.6562965684932738,0.6148385034185243,0.6412833047666107,0.6821543804602389,0.6837356127682949
2022-03-21,2021-22,BKN,UTA,114,106,110.0,-130.0,2.5,1,0.5271052763468478,0.5666253513066772,0.4875852013870182,0.4890560172118393,0.4545972645555742,0.41505045389637707
2022-03-21,2021-22,CHI,TOR,113,99,-165.0,145.0,-3.5,1,0.5391084254679329,0.5411656461065686,0.5370512048292972,0.5247199200964449,0.608812566039061,0.6206865291604615
2022-03-21,2021-22,OKC,BOS,123,132,700.0,-1100.0,13.0,0,0.17071630056555986,0.15702234800751094,0.18441025312360879,0.1545029498980022,0.0941431127183459,0.14119429809104242
2022-03-21,2021-22,DAL,MIN,110,108,-125.0,105.0,-1.5,1,0.4887011976496314,0.497620334026459,0.4797820612728038,0.605860289394505,0.5345862274328822,0.5532803541656142
2022-03-22,2021-22,DEN,LAC,127,115,-260.0,220.0,-6.5,1,0.7300769669635241,0.7245852090079,0.7355687249191483,0.7539615115462094,0.7083820436191438,0.7130528657723422
2022-03-22,2021-22,MIL,CHI,126,98,-265.0,225.0,-6.5,1,0.7661653655092062,0.7783158605484765,0.7540148704699359,0.7476965727214826,0.7126574447290995,0.7130528657723422
2022-03-22,2021-22,NYK,ATL,111,117,145.0,-165.0,3.5,0,0.5266745178536988,0.5513899924928878,0.5019590432145098,0.583053423431374,0.391187433960939,0.3816878509294548
2022-03-22,2021-22,ORL,GSW,94,90,260.0,-310.0,7.5,1,0.24837697457083402,0.238427603625165,0.2583263455165031,0.2924804475302469,0.256769890260389,0.26125623891201216
2022-03-23,2021-22,POR,SAS,96,133,370.0,-440.0,9.5,0,0.5032434836881887,0.5086741265044282,0.49781284087194916,0.5504364036066056,0.1946980977674113,0.21115472978709024
2022-03-23,2021-22,LAL,PHI,121,126,375.0,-450.0,10.0,0,0.43746164672103566,0.4418480193982046,0.4330752740438667,0.4339471381804685,0.191654661658251,0.19978935629055913
2022-03-23,2021-22,MIN,PHX,116,125,-125.0,105.0,-2.0,0,0.45987048941850817,0.4457778409022983,0.473963137934718,0.4829666244290785,0.5345862274328822,0.5704202656032762
2022-03-23,2021-22,OKC,ORL,118,102,110.0,-130.0,2.0,1,0.5964242424597085,0.6199298995612561,0.5729185853581609,0.580022459765279,0.4545972645555742,0.43204974195328455
2022-03-23,2021-22,BOS,UTA,125,97,-200.0,175.0,-5.0,1,0.7259690506722906,0.7114338718226263,0.7405042295219548,0.7527335138929349,0.6537231647740015,0.6684893183469965
2022-03-23,2021-22,DAL,HOU,110,91,-500.0,400.0,-10.0,1,0.8752744060366122,0.8642594469443687,0.8862893651288556,0.9039669281097176,0.8222655105048283,0.8018161674873022
2022-03-23,2021-22,MIA,GSW,104,118,-500.0,400.0,-10.0,0,0.6817672112445106,0.6861551312483284,0.6773792912406927,0.6913419032485462,0.8222655105048283,0.8018161674873022
2022-03-23,2021-22,CHA,NYK,106,121,-360.0,300.0,-8.5,0,0.7115990294361662,0.7228014268907939,0.7003966319815385,0.7087871598442975,0.7707247769725477,0.7665240746293874
2022-03-23,2021-22,IND,SAC,109,110,-220.0,190.0,-6.0,0,0.7016391761374501,0.6646121674182617,0.7386661848566386,0.708564496977457,0.6740282405333864,0.6985968682539574
2022-03-23,2021-22,DET,ATL,122,101,175.0,-200.0,5.0,1,0.43871848009191344,0.4195446396344378,0.4578923205493891,0.3568241986818307,0.3462768352259985,0.3337467294155119
2022-03-23,2021-22,MEM,BKN,132,120,-110.0,-110.0,1.0,1,0.6675018271898122,0.6770257315716527,0.6579779228079717,0.7725483848693832,0.5,0.46649321075541333
2022-03-24,2021-22,TOR,CLE,117,104,-200.0,175.0,-5.5,1,0.6384318888085809,0.6555633192298304,0.6213004583873314,0.7140047546197323,0.6537231647740015,0.6837356127682949
2022-03-24,2021-22,MIL,WAS,114,102,-400.0,330.0,-8.5,1,0.8636502330948914,0.8511246223894063,0.8761758438003764,0.8704712952490036,0.7884793547170356,0.7665240746293874
2022-03-24,2021-22,NOP,CHI,126,109,-160.0,140.0,-3.5,1,0.673616392967312,0.6543275746959782,0.6929052112386457,0.6802218740854578,0.6008774482239536,0.6206865291604615
2022-03-24,2021-22,MEM,IND,133,103,-650.0,475.0,-11.5,1,0.8361978883463579,0.8437295452360459,0.8286662314566697,0.8645012826411086,0.8542372382782516,0.8329362310205675
2022-03-24,2021-22,DEN,PHX,130,140,-115.0,-105.0,-1.0,0,0.41010538881158265,0.431330893077009,0.38887988454615624,0.4264542104250475,0.5116044544982119,0.5360128414112495
2022-03-25,2021-22,POR,HOU,106,125,160.0,-180.0,4.5,0,0.6283518337700902,0.6391918437789204,0.61751182376126,0.6952148371138355,0.3691933524471482,0.3494051226951947
2022-03-25,2021-22,LAC,PHI,97,122,190.0,-220.0,5.0,0,0.4576255739293689,0.43998367053033366,0.4752674773284042,0.4742950733318903,0.3259717594666138,0.3337467294155119
2022-03-25,2021-22,MIA,NYK,103,111,-420.0,350.0,-9.5,0,0.6987608536732162,0.6806027937522345,0.7169189135941979,0.7513259780327927,0.7972454857008152,0.790518217596245
2022-03-25,2021-22,ATL,GSW,121,110,-130.0,110.0,-2.0,1,0.4844087453169822,0.46723815807494734,0.501579332559017,0.5351919929640119,0.5454027354444257,0.5704202656032762
2022-03-25,2021-22,DET,WAS,97,100,-170.0,150.0,-3.5,0,0.6404519113972369,0.6737317127504593,0.6071721100440146,0.6315011631169971,0.6164336734549818,0.6206865291604615
2022-03-25,2021-22,CHA,UTA,107,101,150.0,-170.0,4.0,1,0.5335765436744209,0.52057915046432,0.5465739368845217,0.5320241653434138,0.3835663265450182,0.3653952573222735
2022-03-25,2021-22,MIN,DAL,116,95,-165.0,145.0,-4.5,1,0.6332824361749163,0.6477237599523507,0.618841112397482,0.6485613346642825,0.608812566039061,0.6528811761685757
2022-03-26,2021-22,DEN,OKC,113,107,-1800.0,950.0,-17.0,1,0.8716241780000298,0.861256102442923,0.8819922535571365,0.8847906859322109,0.9380473804284508,0.9147090605918388
2022-03-26,2021-22,NOP,SAS,103,107,-240.0,200.0,-6.0,0,0.7113676623003069,0.7187752403327626,0.7039600842678512,0.7404064496352581,0.6898984597215254,0.6985968682539574
2022-03-26,2021-22,ORL,SAC,110,114,-140.0,120.0,-2.5,0,0.5136636209864616,0.5083505769987116,0.5189766649742116,0.5848630156527109,0.5655647487838321,0.5873929722941529
2022-03-26,2021-22,TOR,IND,131,91,-700.0,500.0,-12.0,1,0.720160956046655,0.7763800091166727,0.6639419029766372,0.8194093690240454,0.8625306598157729,0.8424025365094192
2022-03-26,2021-22,MIA,BKN,95,110,120.0,-140.0,2.5,0,0.5874397444641872,0.5866442370333765,0.5882352518949979,0.7240924395383252,0.434435251216168,0.41505045389637707
2022-03-26,2021-22,MEM,MIL,127,102,100.0,-120.0,1.0,1,0.5973214769965021,0.6220945286892141,0.5725484253037899,0.6807272244987792,0.4767709538481187,0.46649321075541333
2022-03-26,2021-22,CLE,CHI,94,98,-130.0,110.0,-2.0,0,0.6125129368691058,0.6048562486044445,0.620169625133767,0.6531289845204638,0.5454027354444257,0.5704202656032762
2022-03-26,2021-22,POR,HOU,98,115,160.0,-180.0,4.5,0,0.5777918829851909,0.6131126475294764,0.5424711184409056,0.6370287711525394,0.3691933524471482,0.3494051226951947
2022-03-27,2021-22,BKN,CHA,110,119,-265.0,225.0,-7.0,0,0.5951730845132179,0.6024041736475829,0.5879419953788529,0.6506359793557007,0.7126574447290995,0.727086381207308
2022-03-27,2021-22,NOP,LAL,116,108,-160.0,140.0,-4.0,1,0.7031194606310035,0.681536736499046,0.724702184762961,0.7591566906392475,0.6008774482239536,0.6369372830124617
2022-03-27,2021-22,PHX,PHI,114,104,-185.0,165.0,-4.5,1,0.7722426034553509,0.7837637285764362,0.7607214783342656,0.7899027548418659,0.63759140481802,0.6528811761685757
2022-03-27,2021-22,DAL,UTA,114,100,-170.0,150.0,-4.0,1,0.5247327746610722,0.5370860778008846,0.5123794715212598,0.6256178577074994,0.6164336734549818,0.6369372830124617
2022-03-27,2021-22,BOS,MIN,134,112,-250.0,210.0,-6.5,1,0.7364801195451414,0.7312163124885513,0.7417439266017313,0.7606999983500492,0.6994298951228424,0.7130528657723422
2022-03-27,2021-22,DET,NYK,102,104,165.0,-185.0,5.0,0,0.34770642184644085,0.3570974165543401,0.3383154271385416,0.4161126378949781,0.3624085951819801,0.3337467294155119
2022-03-27,2021-22,WAS,GSW,123,115,240.0,-280.0,7.0,1,0.30255001306645957,0.2931300402746734,0.3119699858582458,0.3579624351207813,0.2752489930542572,0.2749169702416817
2022-03-28,2021-22,MEM,GSW,123,95,-430.0,360.0,-9.0,1,0.7532919696754589,0.767623734194558,0.7389602051563597,0.7435186037077834,0.8013568152601406,0.7787539188531114
2022-03-28,2021-22,TOR,BOS,115,112,-360.0,300.0,-8.5,1,0.5011458025637395,0.4833275797888239,0.5189640253386552,0.4478751032503254,0.7707247769725477,0.7665240746293874
2022-03-28,2021-22,POR,OKC,131,134,-120.0,100.0,-1.5,0,0.568168878639999,0.5729506206882395,0.5633871365917585,0.6224943761440005,0.5232290461518811,0.5532803541656142
2022-03-28,2021-22,NYK,CHI,109,104,145.0,-165.0,3.5,1,0.6410090500802504,0.6237070910188327,0.6583110091416682,0.6720002741291581,0.391187433960939,0.3816878509294548
2022-03-28,2021-22,HOU,SAS,120,123,350.0,-420.0,9.5,0,0.43387093957039025,0.44220816748328146,0.4255337116574991,0.4568000627050249,0.2027545142991849,0.21115472978709024
2022-03-28,2021-22,IND,ATL,123,132,265.0,-320.0,7.5,0,0.4189009666939222,0.425119305115921,0.41268262827192337,0.4599913534307217,0.2516037413699005,0.26125623891201216
2022-03-28,2021-22,CLE,ORL,107,101,-400.0,330.0,-9.0,1,0.7685836019488399,0.7773835468113709,0.7597836570863089,0.8230408118940327,0.7884793547170356,0.7787539188531114
2022-03-28,2021-22,MIA,SAC,123,100,-1400.0,800.0,-14.0,1,0.7758472257395354,0.7804736077064697,0.771220843772601,0.8352500583060259,0.9227437399650972,0.8759629475140374
2022-03-28,2021-22,CHA,DEN,109,113,140.0,-160.0,3.5,0,0.5509055269581936,0.5373380283443703,0.564473025572017,0.6018379968018057,0.3991225517760463,0.3816878509294548
2022-03-29,2021-22,PHI,MIL,116,118,-110.0,-110.0,-0.0,0,0.5294499052239304,0.5580682186481466,0.5008315917997143,0.6422501961982389,0.5,0.5012591113806545
2022-03-29,2021-22,WAS,CHI,94,107,155.0,-175.0,4.0,0,0.5634718454976595,0.5381875885690752,0.5887561024262439,0.5015601809514763,0.376240667120052,0.3653952573222735
2022-03-29,2021-22,DAL,LAL,128,110,-800.0,550.0,-12.0,1,0.7301844021298178,0.7406066122020712,0.7197621920575643,0.8190183675500392,0.8766273349432749,0.8424025365094192
2022-03-29,2021-22,BKN,DET,130,123,-1200.0,750.0,-14.0,1,0.7930830580895669,0.8102463180622372,0.7759197981168966,0.821586736584174,0.91279635895203,0.8759629475140374
2022-03-29,2021-22,LAC,UTA,121,115,120.0,-140.0,2.5,1,0.41572877222271487,0.38395187766145833,0.44750566678397147,0.4612531860434157,0.434435251216168,0.41505045389637707
2022-03-30,2021-22,GSW,PHX,103,107,175.0,-200.0,5.0,0,0.31744690374464024,0.3082117329352272,0.3266820745540533,0.3881082650548397,0.3462768352259985,0.3337467294155119
2022-03-30,2021-22,POR,NOP,107,117,850.0,-1500.0,15.0,0,0.2912674170762398,0.2897520834247263,0.2927827507277533,0.3055822960648889,0.0724765352617711,0.11066805468823976
2022-03-30,2021-22,SAS,MEM,111,112,175.0,-200.0,5.0,0,0.3152229469857624,0.29488165003945904,0.3355642439320658,0.3713100888801192,0.3462768352259985,0.3337467294155119
2022-03-30,2021-22,OKC,ATL,118,136,600.0,-900.0,13.0,0,0.2727319406528421,0.30044153884148894,0.2450223424641953,0.3349390018875358,0.1118464798437118,0.14119429809104242
2022-03-30,2021-22,HOU,SAC,118,121,130.0,-150.0,3.0,0,0.5379222405696816,0.534255080751572,0.5415894003877912,0.5833444852619942,0.4160173649636405,0.3982510126981278
2022-03-30,2021-22,CLE,DAL,112,120,110.0,-130.0,2.5,0,0.5357562150223356,0.5256806622091578,0.5458317678355133,0.5014215210464877,0.4545972645555742,0.41505045389637707
2022-03-30,2021-22,TOR,MIN,125,102,-140.0,120.0,-2.5,1,0.598756292934803,0.5969006708970359,0.6006119149725702,0.6226423472342861,0.5655647487838321,0.5873929722941529
2022-03-30,2021-22,NYK,CHA,114,125,120.0,-140.0,2.5,0,0.5463918708156317,0.5860444122596581,0.5067393293716053,0.6336639353522923,0.434435251216168,0.41505045389637707
2022-03-30,2021-22,WAS,ORL,127,110,-165.0,145.0,-4.0,1,0.6446862125621539,0.6144629795463501,0.6749094455779576,0.7168012260965843,0.608812566039061,0.6369372830124617
2022-03-30,2021-22,IND,DEN,118,125,400.0,-500.0,10.0,0,0.34404221684179415,0.34675471827893234,0.3413297154046559,0.3833068301947052,0.1777344894951717,0.19978935629055913
2022-03-30,2021-22,BOS,MIA,98,106,-200.0,175.0,-5.0,0,0.7790258695466492,0.7804779534656874,0.777573785627611,0.8026794455904908,0.6537231647740015,0.6684893183469965
2022-03-31,2021-22,UTA,LAL,122,109,-1000.0,650.0,-13.5,1,0.7591583054747988,0.7554321291639615,0.762884481785636,0.8076414449070495,0.8977486451172207,0.868197092052344
2022-03-31,2021-22,CHI,LAC,135,130,-135.0,115.0,-2.5,1,0.6511384293879582,0.6512924097774528,0.6509844489984635,0.6953588528131567,0.5557172524365818,0.5873929722941529
2022-03-31,2021-22,ATL,CLE,131,107,-255.0,215.0,-6.5,1,0.7147347499620609,0.7319542034442784,0.6975152964798434,0.7152292587801431,0.7039749620300272,0.7130528657723422
2022-03-31,2021-22,BKN,MIL,119,120,-125.0,105.0,-2.0,0,0.548987059948508,0.5185592503547045,0.5794148695423116,0.5296204976890728,0.5345862274328822,0.5704202656032762
2022-03-31,2021-22,DET,PHI,102,94,375.0,-450.0,9.5,1,0.30708203259957223,0.3031676884645788,0.3109963767345657,0.3097389254936098,0.191654661658251,0.21115472978709024
2022-04-01,2021-22,LAL,NOP,111,114,-135.0,115.0,-2.0,0,0.39314850181392663,0.38281495471816407,0.4034820489096892,0.4684633582752863,0.5557172524365818,0.5704202656032762
2022-04-01,2021-22,SAS,POR,130,111,-1400.0,800.0,-13.5,1,0.7868279545519441,0.7766810788836367,0.7969748302202514,0.8367183552898855,0.9227437399650972,0.868197092052344
2022-04-01,2021-22,MEM,PHX,122,114,265.0,-320.0,8.0,1,0.5364338364345265,0.4778021930936134,0.5950654797754397,0.5346203474020943,0.2516037413699005,0.2480421029872373
2022-04-01,2021-22,OKC,DET,101,110,160.0,-180.0,4.5,0,0.5418930873911244,0.5750746035766824,0.5087115712055664,0.556247111827863,0.3691933524471482,0.3494051226951947
2022-04-01,2021-22,DEN,MIN,130,136,-140.0,120.0,-3.0,0,0.6089765990247019,0.6226428033213582,0.5953103947280456,0.6320212445262813,0.5655647487838321,0.6041604400628688
2022-04-01,2021-22,HOU,SAC,117,122,140.0,-160.0,3.5,0,0.5347215783890903,0.5208805138654242,0.5485626429127564,0.5655800660477549,0.3991225517760463,0.3816878509294548
2022-04-01,2021-22,BOS,IND,128,123,-1600.0,900.0,-15.0,1,0.8576375505171858,0.8852252949849685,0.8300498060494033,0.9122275767070892,0.931755932037888,0.8903194467136929
2022-04-01,2021-22,ORL,TOR,89,102,475.0,-650.0,11.5,0,0.2099850797014815,0.22334641565603794,0.19662374374692507,0.2538095934526147,0.1457627617217137,0.16847015425964673
2022-04-01,2021-22,WAS,DAL,135,103,275.0,-335.0,7.5,1,0.28439896208702115,0.312865373787986,0.2559325503860563,0.3466974779111587,0.243557956828456,0.26125623891201216
2022-04-01,2021-22,MIL,LAC,119,153,-165.0,145.0,-3.5,0,0.7815418757396095,0.7963152547929441,0.766768496686275,0.8088756360532453,0.608812566039061,0.6206865291604615
2022-04-02,2021-22,PHI,CHA,144,114,-220.0,190.0,-5.5,1,0.5719940056909342,0.5993700501175563,0.5446179612643121,0.6811157848061,0.6740282405333864,0.6837356127682949
2022-04-02,2021-22,NYK,CLE,101,119,-135.0,115.0,-2.0,0,0.6403361861791281,0.6710421174362557,0.6096302549220005,0.6888844573988178,0.5557172524365818,0.5704202656032762
2022-04-02,2021-22,ATL,BKN,122,115,115.0,-135.0,2.0,1,0.6016977300716134,0.6265079773465128,0.5768874827967141,0.6848405344452929,0.4442827475634181,0.43204974195328455
2022-04-02,2021-22,CHI,MIA,109,127,120.0,-140.0,2.5,0,0.4941573423904664,0.48239484187857984,0.5059198429023529,0.5377745237277675,0.434435251216168,0.41505045389637707
2022-04-02,2021-22,GSW,UTA,111,107,120.0,-140.0,2.5,1,0.5469369636866941,0.558558313025331,0.5353156143480572,0.6129028982776672,0.434435251216168,0.41505045389637707
2022-04-03,2021-22,SAS,POR,113,92,-1400.0,800.0,-13.5,1,0.7933530372477386,0.7932360998076775,0.7934699746877998,0.8436741043896276,0.9227437399650972,0.868197092052344
2022-04-03,2021-22,LAC,NOP,119,100,-130.0,110.0,-2.0,1,0.5009957424868057,0.5121854477360379,0.48980603723757354,0.5830347538763776,0.5454027354444257,0.5704202656032762
2022-04-03,2021-22,SAC,GSW,90,109,165.0,-185.0,4.5,0,0.4264731711147227,0.46729671673324263,0.38564962549620285,0.3990146168936125,0.3624085951819801,0.3494051226951947
2022-04-03,2021-22,HOU,MIN,132,139,750.0,-1200.0,13.5,0,0.22949189309227208,0.25145262480973457,0.20753116137480956,0.2640314844722365,0.0872036410479673,0.132959841458717
2022-04-03,2021-22,OKC,PHX,117,96,800.0,-1400.0,14.0,1,0.1456611261283908,0.10966419682297583,0.18165805543380578,0.1274020547894594,0.0772562600349027,0.12513564429237414
2022-04-03,2021-22,TOR,MIA,109,114,-190.0,170.0,-4.5,0,0.6669473825771619,0.6785493703082113,0.6553453948461125,0.6508045535012569,0.6441282024937907,0.6528811761685757
2022-04-03,2021-22,CLE,PHI,108,112,180.0,-210.0,5.5,0,0.5082829729701641,0.4947139815746567,0.5218519643656716,0.5079270702166968,0.3371686401719961,0.31844658639079165
2022-04-03,2021-22,IND,DET,117,121,-175.0,155.0,-4.5,0,0.553101645317583,0.5977207732891765,0.5084825173459895,0.6480289884568332,0.6237593328799479,0.6528811761685757
2022-04-03,2021-22,LAL,DEN,118,129,195.0,-230.0,5.5,0,0.350413208419221,0.3630542586910887,0.33777215814735334,0.4155399827895293,0.3178456195397612,0.31844658639079165
2022-04-03,2021-22,BOS,WAS,144,102,-1200.0,750.0,-13.0,1,0.8741773029381339,0.873011999965556,0.8753426059107117,0.8923665135149165,0.91279635895203,0.8600227189744314
2022-04-03,2021-22,MIL,DAL,112,118,-280.0,240.0,-6.5,0,0.5784653927230519,0.5913752602984836,0.56555552514762,0.6384151754554623,0.7247510069457442,0.7130528657723422
2022-04-03,2021-22,ORL,NYK,88,118,180.0,-210.0,5.0,0,0.4021793514239583,0.4038104084001568,0.40054829444775975,0.3831801114882777,0.3371686401719961,0.3337467294155119
2022-04-05,2021-22,PHX,LAL,121,110,-850.0,575.0,-13.0,1,0.8796878889938786,0.8701024532410819,0.8892733247466754,0.9010539354677144,0.8826661195242046,0.8600227189744314
2022-04-05,2021-22,SAC,NOP,109,123,265.0,-320.0,7.5,0,0.35043438269241156,0.38088095487659673,0.31998781050822633,0.4245200915569577,0.2516037413699005,0.26125623891201216
2022-04-05,2021-22,UTA,MEM,121,115,-240.0,200.0,-6.0,1,0.41502921135475684,0.4159855822293353,0.4140728404801784,0.4919790887270208,0.6898984597215254,0.6985968682539574
2022-04-05,2021-22,DEN,SAS,97,116,-400.0,330.0,-9.0,0,0.7345594535699567,0.7415551866824845,0.7275637204574289,0.760723779314613,0.7884793547170356,0.7787539188531114
2022-04-05,2021-22,CHI,MIL,106,127,235.0,-275.0,7.0,0,0.5121815542337605,0.497905918425576,0.526457190041945,0.5565981982713228,0.279163472654704,0.2749169702416817
2022-04-05,2021-22,OKC,POR,98,94,-160.0,140.0,-3.5,1,0.6693113764723972,0.6714687242030833,0.6671540287417111,0.7240873967139189,0.6008774482239536,0.6206865291604615
2022-04-05,2021-22,MIA,CHA,144,115,-190.0,170.0,-4.5,1,0.6763410794398481,0.6876057000855674,0.6650764587941289,0.732687412573835,0.6441282024937907,0.6528811761685757
2022-04-05,2021-22,BKN,HOU,118,105,-1800.0,950.0,-16.5,1,0.8033988451393647,0.8159358689374965,0.7908618213412328,0.8494935515904541,0.9380473804284508,0.9091173794696449
2022-04-05,2021-22,TOR,ATL,118,108,-180.0,160.0,-4.5,1,0.6032546748259626,0.6374528494681347,0.5690565001837905,0.687037517861181,0.6308066475528518,0.6528811761685757
2022-04-05,2021-22,IND,PHI,122,131,500.0,-700.0,11.0,0,0.30730222286913045,0.3057773858735945,0.3088270598646664,0.3343058417240606,0.137469340184383,0.17845119618871869
2022-04-05,2021-22,ORL,CLE,120,115,290.0,-350.0,8.0,1,0.322490288535884,0.3199232413321984,0.3250573357395696,0.364528153511594,0.2347782560506988,0.2480421029872373
2022-04-05,2021-22,MIN,WAS,114,132,-750.0,525.0,-12.0,0,0.7999355183413198,0.8150868199396888,0.7847842167429508,0.8320429828569322,0.8699506797724654,0.8424025365094192
2022-04-06,2021-22,DET,DAL,113,131,330.0,-400.0,9.0,0,0.3772916645739583,0.36576002913884553,0.38882330000907106,0.3773750767498635,0.2115206452829644,0.2229864782792013
2022-04-06,2021-22,NYK,BKN,98,110,230.0,-270.0,7.0,0,0.6126932132362157,0.6533916479594315,0.5719947785130001,0.62352828329774,0.283192915216782,0.2749169702416817
2022-04-06,2021-22,ATL,WAS,118,103,-550.0,425.0,-10.0,1,0.7542933790972449,0.7609179547715691,0.7476688034229207,0.7624158308302429,0.8343386613595238,0.8018161674873022
2022-04-06,2021-22,CHI,BOS,94,117,245.0,-290.0,7.5,0,0.27241062851359316,0.23724082313275327,0.307580433894433,0.328841248594884,0.2693490309922958,0.26125623891201216
2022-04-06,2021-22,UTA,OKC,137,101,-1600.0,900.0,-15.5,1,0.8328293972760756,0.8519582559192534,0.8137005386328979,0.8703179179948257,0.931755932037888,0.8969365809385075
2022-04-06,2021-22,LAC,PHX,113,109,-280.0,240.0,-7.5,1,0.40863670859204626,0.42313663695568593,0.39413678022840654,0.3950382061257672,0.7247510069457442,0.7406831670688772
2022-04-07,2021-22,GSW,LAL,128,112,-1200.0,750.0,-14.0,1,0.7494313380504465,0.7603350983445473,0.7385275777563456,0.8240550696305927,0.91279635895203,0.8759629475140374
2022-04-07,2021-22,DEN,MEM,122,109,-180.0,160.0,-4.5,1,0.429188133177886,0.44082164386953365,0.41755462248623837,0.4809511654189096,0.6308066475528518,0.6528811761685757
2022-04-07,2021-22,NOP,POR,127,94,-2000.0,1000.0,-16.5,1,0.8813096710211863,0.8683368058877885,0.894282536154584,0.8918388457691072,0.9432825093841778,0.9091173794696449
2022-04-07,2021-22,MIL,BOS,127,121,-360.0,300.0,-8.5,1,0.4418448109030348,0.43645733779464435,0.44723228401142523,0.4462117128491433,0.7707247769725477,0.7665240746293874
2022-04-07,2021-22,TOR,PHI,119,114,135.0,-155.0,3.5,1,0.6025023417865467,0.5916942341333414,0.6133104494397519,0.6409166482875044,0.4073918645396744,0.3816878509294548
2022-04-07,2021-22,CHA,ORL,128,101,-1000.0,650.0,-14.0,1,0.8193675104799515,0.8303691775438025,0.8083658434161005,0.8608702012288423,0.8977486451172207,0.8759629475140374
2022-04-07,2021-22,MIN,SAS,127,121,-280.0,240.0,-7.0,1,0.6905905291639656,0.6975834883178869,0.6835975700100444,0.7224920290866875,0.7247510069457442,0.727086381207308
2022-04-08,2021-22,UTA,PHX,105,111,-145.0,125.0,-3.0,0,0.4913103630831997,0.4577898378915396,0.5248308882748598,0.5043234217050446,0.5749769329552475,0.6041604400628688
2022-04-08,2021-22,DAL,POR,128,78,-3000.0,1200.0,-19.5,1,0.9071580028794018,0.9184750524124256,0.8958409533463781,0.9165963094227902,0.9597592685561106,0.938237097476741
2022-04-08,2021-22,CHI,CHA,117,133,-145.0,125.0,-2.5,0,0.5432823015771868,0.5692771666472386,0.5172874365071352,0.556147977693569,0.5749769329552475,0.5873929722941529
2022-04-08,2021-22,MIA,ATL,113,109,-125.0,105.0,-1.5,1,0.6725394420246028,0.6817734221774499,0.6633054618717558,0.712948628489923,0.5345862274328822,0.5532803541656142
2022-04-08,2021-22,LAL,OKC,120,101,-230.0,195.0,-6.0,1,0.6550946487551819,0.644256164273036,0.6659331332373276,0.710416092739558,0.6821543804602389,0.6985968682539574
2022-04-08,2021-22,TOR,HOU,117,115,-700.0,500.0,-11.5,1,0.8576532742538359,0.864670562424744,0.8506359860829276,0.9076145854371724,0.8625306598157729,0.8329362310205675
2022-04-08,2021-22,WAS,NYK,92,114,145.0,-165.0,3.5,0,0.5063660375354199,0.5132412989030833,0.49949077616775645,0.5769662235168719,0.391187433960939,0.3816878509294548
2022-04-08,2021-22,DET,MIL,101,131,400.0,-500.0,10.0,0,0.42843823903428646,0.4010295815144936,0.4558468965540793,0.3551363175937972,0.1777344894951717,0.19978935629055913
2022-04-08,2021-22,BKN,CLE,118,107,-360.0,300.0,-8.5,1,0.664280571048528,0.6657392050113379,0.6628219370857181,0.7066505015031138,0.7707247769725477,0.7665240746293874
2022-04-09,2021-22,PHI,IND,133,120,-1100.0,700.0,-14.5,1,0.8216061165001278,0.8340431093351508,0.809169123665105,0.8670032004754584,0.905856887281654,0.8833327242620539
2022-04-09,2021-22,LAC,SAC,117,98,-700.0,500.0,-11.5,1,0.7571974618206021,0.7684757581108105,0.7459191655303938,0.814472636071772,0.8625306598157729,0.8329362310205675
2022-04-09,2021-22,MEM,NOP,141,114,-350.0,290.0,-8.0,1,0.7105558603566122,0.725223622811924,0.6958880979013005,0.7687762822920686,0.7652217439493267,0.75383189663827
2022-04-09,2021-22,SAS,GSW,94,100,250.0,-300.0,7.5,0,0.49886149276569147,0.47606280598081446,0.5216601795505684,0.5371065786336723,0.2636896222946976,0.26125623891201216
2022-04-10,2021-22,CLE,MIL,133,115,-380.0,320.0,-7.5,1,0.4235137002230374,0.42497051969659994,0.4220568807494749,0.4697878261528292,0.7809784267740079,0.7406831670688772
2022-04-10,2021-22,HOU,ATL,114,130,550.0,-800.0,12.0,0,0.2970942741142233,0.2842636144728358,0.3099249337556108,0.3016656572469117,0.1233726650567251,0.15893936525971658
2022-04-10,2021-22,DEN,LAL,141,146,-240.0,200.0,-6.0,0,0.7787139277258837,0.8005391269805993,0.756888728471168,0.8176689660988495,0.6898984597215254,0.6985968682539574
2022-04-10,2021-22,PHI,DET,118,106,-255.0,215.0,-6.5,1,0.8532664867624268,0.8390320878427894,0.8675008856820642,0.8735916921502926,0.7039749620300272,0.7130528657723422
2022-04-10,2021-22,CHA,WAS,124,108,-900.0,600.0,-12.5,1,0.7332606818018375,0.7392956355946176,0.7272257280090573,0.7750936507293906,0.8881535201562881,0.8514281304931971
2022-04-10,2021-22,NOP,GSW,107,128,240.0,-280.0,7.0,0,0.5840273808984713,0.5933083690404986,0.5747463927564441,0.5751239832795066,0.2752489930542572,0.2749169702416817
2022-04-10,2021-22,PHX,SAC,109,116,-500.0,400.0,-9.0,0,0.8985014100099755,0.9210606124843234,0.8759422075356277,0.9205968324028084,0.8222655105048283,0.7787539188531114
2022-04-10,2021-22,NYK,TOR,105,94,-110.0,-110.0,-0.0,1,0.4912223015380195,0.47830576874514164,0.5041388343308973,0.5030582223505558,0.5,0.5012591113806545
2022-04-10,2021-22,POR,UTA,80,111,1100.0,-2500.0,17.0,0,0.219684242854914,0.21034257866566097,0.229025907044167,0.2282621799765368,0.0470863672142746,0.08608008154967674
2022-04-10,2021-22,MEM,BOS,110,139,330.0,-400.0,9.0,0,0.515295587919558,0.5150409069714582,0.5155502688676578,0.5866878980995208,0.2115206452829644,0.2229864782792013
2022-04-10,2021-22,MIN,CHI,120,124,-300.0,250.0,-7.0,0,0.7670979230482414,0.75865447131864,0.7755413747778429,0.7841030623114376,0.7363103777053058,0.727086381207308
2022-04-10,2021-22,DAL,SAS,130,120,-500.0,400.0,-10.0,1,0.7630632778139943,0.7879494820524348,0.738177073575554,0.7564464980920742,0.8222655105048283,0.8018161674873022
2022-04-10,2021-22,LAC,OKC,138,88,-800.0,550.0,-12.0,1,0.792213891083823,0.791632867142836,0.7927949150248101,0.8463277920904667,0.8766273349432749,0.8424025365094192
2022-04-10,2021-22,BKN,IND,134,126,-2000.0,1000.0,-16.5,1,0.799934847794836,0.8151725067384121,0.7846971888512599,0.8253806838770354,0.9432825093841778,0.9091173794696449
2022-04-10,2021-22,ORL,MIA,125,111,235.0,-275.0,6.0,1,0.19295618707052048,0.18428880772005807,0.2016235664209829,0.2183356570801279,0.279163472654704,0.30352831029681354
2022-10-18,2022-23,BOS,PHI,126,117,-155.0,135.0,-3.0,1,0.670488945763089,0.6522829101515404,0.6886949813746377,0.7319925003866691,0.5926081354603255,0.6041604400628688
2022-10-18,2022-23,GSW,LAL,123,109,-310.0,260.0,-7.5,1,0.7818042294298948,0.8077690732557652,0.7558393856040245,0.8598063872281212,0.7432301097396163,0.7406831670688772
2022-10-19,2022-23,SAC,POR,108,115,-160.0,140.0,-4.0,0,0.6866789534610541,0.6846744447569503,0.688683462165158,0.7543398694773494,0.6008774482239536,0.6369372830124617
2022-10-19,2022-23,PHX,DAL,107,105,-180.0,160.0,-4.0,1,0.5017806655748926,0.5206385053126208,0.48292282583716445,0.6281669612189347,0.6308066475528518,0.6369372830124617
2022-10-19,2022-23,UTA,DEN,123,102,220.0,-260.0,7.0,1,0.5276935348486587,0.5384652188172124,0.516921850880105,0.6671829981025369,0.2916179563808568,0.2749169702416817
2022-10-19,2022-23,MIN,OKC,115,108,-650.0,475.0,-11.0,1,0.7860777853544851,0.7870909264824825,0.7850646442264877,0.8284915427009382,0.8542372382782516,0.8230207768240712
2022-10-19,2022-23,SAS,CHA,102,129,100.0,-120.0,1.0,0,0.48535692552113546,0.4682583210087098,0.5024555300335611,0.5872942197611756,0.4767709538481187,0.46649321075541333
2022-10-19,2022-23,MIA,CHI,108,116,-300.0,250.0,-7.5,0,0.754072642068903,0.7649902836916946,0.7431550004461113,0.8233129273689657,0.7363103777053058,0.7406831670688772
2022-10-19,2022-23,TOR,CLE,108,105,-145.0,125.0,-2.5,1,0.6457398996425214,0.6533186041392783,0.6381611951457644,0.7222345842612182,0.5749769329552475,0.5873929722941529
2022-10-19,2022-23,BKN,NOP,108,130,-150.0,130.0,-3.0,0,0.5309777629173509,0.5199564615109281,0.5419990643237738,0.6306194322876818,0.5839826350363595,0.6041604400628688
2022-10-19,2022-23,MEM,NYK,115,112,-185.0,165.0,-4.5,1,0.6824364042128082,0.6750610446332552,0.6898117637923612,0.7436939139554793,0.63759140481802,0.6528811761685757
2022-10-19,2022-23,DET,ORL,113,109,-175.0,155.0,-4.0,1,0.5941679546969716,0.5929248508907543,0.595411058503189,0.6741506165613506,0.6237593328799479,0.6369372830124617
2022-10-19,2022-23,IND,WAS,107,114,115.0,-135.0,2.5,0,0.506633346980149,0.492233321367717,0.521033372592581,0.5848410592169974,0.4442827475634181,0.41505045389637707
2022-10-19,2022-23,ATL,HOU,117,107,-500.0,400.0,-10.5,1,0.7803855401760718,0.7770393215414357,0.7837317588107078,0.8349513145776642,0.8222655105048283,0.8126491965359115
2022-10-20,2022-23,PHI,MIL,88,90,-175.0,155.0,-4.0,0,0.6205953107857048,0.6551799826060194,0.5860106389653903,0.6325280543908176,0.6237593328799479,0.6369372830124617
2022-10-20,2022-23,LAL,LAC,97,103,170.0,-190.0,5.0,0,0.4600327985407624,0.4769402087178936,0.44312538836363113,0.5257070905611108,0.3558717975062095,0.3337467294155119
2022-10-21,2022-23,BKN,TOR,109,105,-140.0,120.0,-2.5,1,0.4465322403631715,0.45779456006346153,0.4352699206628815,0.5711524805777142,0.5655647487838321,0.5873929722941529
2022-10-21,2022-23,GSW,DEN,123,128,-230.0,195.0,-5.5,0,0.6931284997498823,0.7049759931193751,0.6812810063803896,0.8021059574934406,0.6821543804602389,0.6837356127682949
2022-10-21,2022-23,MIN,UTA,126,132,-320.0,265.0,-8.0,0,0.5428949984673093,0.537588149651726,0.5482018472828926,0.6223335268106186,0.7483962586301076,0.75383189663827
2022-10-21,2022-23,HOU,MEM,122,129,230.0,-270.0,7.0,0,0.26579683439944257,0.2354709465112612,0.29612272228762393,0.2902715260446896,0.283192915216782,0.2749169702416817
2022-10-21,2022-23,ATL,ORL,108,98,-400.0,330.0,-9.0,1,0.7608107926736467,0.7793967874130597,0.7422247979342338,0.8264371895908867,0.7884793547170356,0.7787539188531114
2022-10-21,2022-23,IND,SAS,134,137,-125.0,105.0,-1.5,0,0.486853446677694,0.474205460894641,0.49950143246074696,0.5396010037241493,0.5345862274328822,0.5532803541656142
2022-10-21,2022-23,MIA,BOS,104,111,115.0,-135.0,2.0,0,0.44545791064322116,0.4420052222518302,0.44891059903461217,0.5553993813148592,0.4442827475634181,0.43204974195328455
2022-10-21,2022-23,CHA,NOP,112,124,210.0,-250.0,7.0,0,0.5890923105768562,0.5583168836630783,0.6198677374906342,0.6309386327580302,0.3005701048771581,0.2749169702416817
2022-10-21,2022-23,POR,PHX,113,111,175.0,-200.0,5.5,1,0.2317120685597771,0.21331775135298645,0.25010638576656774,0.2873285685037298,0.3462768352259985,0.31844658639079165
2022-10-21,2022-23,WAS,CHI,102,100,-130.0,110.0,-2.0,1,0.5383652761798341,0.5429220549178114,0.5338084974418568,0.6203079783296458,0.5454027354444257,0.5704202656032762
2022-10-21,2022-23,NYK,DET,130,106,-265.0,225.0,-7.5,1,0.7118674006445748,0.7040997116926426,0.7196350895965069,0.774172923669959,0.7126574447290995,0.7406831670688772
2022-10-22,2022-23,DEN,OKC,122,117,-400.0,330.0,-9.0,1,0.7519370347702561,0.7656930576119908,0.7381810119285215,0.818488964374411,0.7884793547170356,0.7787539188531114
2022-10-22,2022-23,DAL,MEM,137,96,-190.0,170.0,-6.0,1,0.5408150826297549,0.6017198676913638,0.4799102975681459,0.6147134367221511,0.6441282024937907,0.6985968682539574
2022-10-22,2022-23,SAC,LAC,109,111,120.0,-140.0,2.5,0,0.3775376839433767,0.3431484616310988,0.4119269062556546,0.459872679322891,0.434435251216168,0.41505045389637707
2022-10-22,2022-23,MIL,HOU,125,105,-1000.0,650.0,-13.5,1,0.8538936315518052,0.8466661687904169,0.8611210943131935,0.8764582791582936,0.8977486451172207,0.868197092052344
2022-10-22,2022-23,ORL,BOS,120,126,300.0,-360.0,8.5,0,0.19219645515417014,0.1908610140440811,0.19353189626425918,0.2355191757023815,0.2292752230274884,0.23528346065663988
2022-10-22,2022-23,MIA,TOR,112,109,-160.0,140.0,-3.5,1,0.6752655643397578,0.6642519984616786,0.686279130217837,0.6918064764099398,0.6008774482239536,0.6206865291604615
2022-10-22,2022-23,PHI,SAS,105,114,-1100.0,700.0,-13.5,0,0.7590392021691587,0.7789357933298441,0.7391426110084732,0.7595652814751791,0.905856887281654,0.868197092052344
2022-10-22,2022-23,CHI,CLE,96,128,105.0,-125.0,1.5,0,0.4847199676296974,0.48634088035167633,0.48309905490771843,0.6118878531644868,0.4654137725671177,0.4492105947756774
2022-10-22,2022-23,IND,DET,124,115,-110.0,-110.0,-1.0,1,0.5920256188223915,0.5960393375750508,0.5880119000697321,0.6289369814677205,0.5,0.5360128414112495
2022-10-23,2022-23,LAC,PHX,95,112,110.0,-130.0,1.5,0,0.4839433200019515,0.4927747943263175,0.47511184567758546,0.5718443525218112,0.4545972645555742,0.4492105947756774
2022-10-23,2022-23,LAL,POR,104,106,-170.0,150.0,-4.0,0,0.6753254791969295,0.6620884898663999,0.6885624685274592,0.7483366786415802,0.6164336734549818,0.6369372830124617
2022-10-23,2022-23,ATL,CHA,109,126,-500.0,400.0,-10.0,0,0.5647594622699355,0.5613041867752352,0.5682147377646358,0.650005339033557,0.8222655105048283,0.8018161674873022
2022-10-23,2022-23,NOP,UTA,121,122,-340.0,280.0,-8.5,0,0.5589905901326577,0.5660732129139666,0.551907967351349,0.6426828844096688,0.7594422232238837,0.7665240746293874
2022-10-23,2022-23,CLE,WAS,117,107,-175.0,155.0,-4.0,1,0.637149072306377,0.6012187979533672,0.6730793466593867,0.710307689975234,0.6237593328799479,0.6369372830124617
2022-10-23,2022-23,OKC,MIN,106,116,350.0,-420.0,9.5,0,0.29890507879136036,0.2746710061520758,0.3231391514306449,0.3986599543456208,0.2027545142991849,0.21115472978709024
2022-10-23,2022-23,GSW,SAC,130,125,-500.0,400.0,-10.0,1,0.8780301141177362,0.8735452299899341,0.8825149982455383,0.8827549058820141,0.8222655105048283,0.8018161674873022
2022-10-24,2022-23,POR,DEN,135,110,190.0,-220.0,5.0,1,0.27783816661411487,0.23660898570827937,0.3190673475199504,0.3837734347881079,0.3259717594666138,0.3337467294155119
2022-10-24,2022-23,HOU,UTA,114,108,115.0,-135.0,2.5,1,0.3253524830884651,0.3212798480797651,0.329425118097165,0.3212380640669174,0.4442827475634181,0.41505045389637707
2022-10-24,2022-23,CHI,BOS,120,102,180.0,-210.0,5.5,1,0.24647165301196333,0.237113597933198,0.2558297080907287,0.3120866713444333,0.3371686401719961,0.31844658639079165
2022-10-24,2022-23,MEM,BKN,134,124,-120.0,100.0,-1.5,1,0.6371107864578245,0.6658949599325013,0.6083266129831476,0.7364506382167495,0.5232290461518811,0.5532803541656142
2022-10-24,2022-23,PHI,IND,120,106,-800.0,550.0,-12.5,1,0.7420436369008452,0.7525236959875006,0.7315635778141897,0.8173498476422713,0.8766273349432749,0.8514281304931971
2022-10-24,2022-23,MIA,TOR,90,98,-170.0,150.0,-3.5,0,0.6536198596362701,0.6382601070109142,0.6689796122616259,0.699939060078955,0.6164336734549818,0.6206865291604615
2022-10-24,2022-23,NYK,ORL,115,102,-300.0,250.0,-7.5,1,0.7592477981685004,0.7550022633952621,0.7634933329417387,0.8189634019869599,0.7363103777053058,0.7406831670688772
2022-10-24,2022-23,MIN,SAS,106,115,-360.0,300.0,-8.5,0,0.632209476871788,0.6211279672284287,0.6432909865151473,0.7123956509534984,0.7707247769725477,0.7665240746293874
2022-10-25,2022-23,OKC,LAC,108,94,190.0,-220.0,5.5,1,0.30928209469221585,0.2900000957416304,0.3285640936428013,0.4172970873521345,0.3259717594666138,0.31844658639079165
2022-10-25,2022-23,PHX,GSW,134,105,-120.0,100.0,-1.5,1,0.46658203780154117,0.46419771761613315,0.46896635798694924,0.5711449522041284,0.5232290461518811,0.5532803541656142
2022-10-25,2022-23,NOP,DAL,113,111,180.0,-210.0,5.0,1,0.5050402169139313,0.4656147239449467,0.544465709882916,0.5743033646116043,0.3371686401719961,0.3337467294155119
2022-10-25,2022-23,WAS,DET,120,99,-220.0,190.0,-5.5,1,0.6619868022506151,0.6460435771905153,0.6779300273107149,0.7177436891479055,0.6740282405333864,0.6837356127682949
2022-10-26,2022-23,POR,MIA,98,119,120.0,-140.0,2.5,0,0.2995319375083706,0.26110093858834466,0.3379629364283965,0.35509723585407,0.434435251216168,0.41505045389637707
2022-10-26,2022-23,CLE,ORL,103,92,-390.0,325.0,-9.0,1,0.7643975129379866,0.7746761864131624,0.7541188394628109,0.816095191728033,0.7847926142494098,0.7787539188531114
2022-10-26,2022-23,DET,ATL,113,118,250.0,-300.0,7.5,0,0.33687653306376075,0.30565704447326786,0.3680960216542536,0.4358301157978894,0.2636896222946976,0.26125623891201216
2022-10-26,2022-23,NYK,CHA,134,131,-300.0,250.0,-7.5,1,0.48582585460061833,0.49635907789015865,0.4752926313110781,0.605110369948918,0.7363103777053058,0.7406831670688772
2022-10-26,2022-23,MIL,BKN,110,99,-160.0,140.0,-3.0,1,0.6611045265473812,0.6663176753575388,0.6558913777372236,0.7442135287238747,0.6008774482239536,0.6041604400628688
2022-10-26,2022-23,TOR,PHI,119,109,-115.0,-105.0,-1.0,1,0.48913054824688074,0.48932428235130127,0.4889368141424602,0.6420978062110425,0.5116044544982119,0.5360128414112495
2022-10-26,2022-23,MIN,SAS,134,122,-450.0,375.0,-9.5,1,0.5940011635659898,0.6074903430960404,0.5805119840359391,0.6769236626554943,0.808345338341749,0.790518217596245
2022-10-26,2022-23,CHI,IND,124,109,-280.0,240.0,-7.0,1,0.6220096837729265,0.632086369838923,0.6119329977069302,0.7284550267270846,0.7247510069457442,0.727086381207308
2022-10-26,2022-23,UTA,HOU,109,101,-360.0,300.0,-8.5,1,0.780158531349393,0.7868582788234515,0.7734587838753344,0.8521141526257066,0.7707247769725477,0.7665240746293874
2022-10-26,2022-23,DEN,LAL,110,99,-200.0,175.0,-5.0,1,0.7027367543957469,0.7124608492095923,0.6930126595819015,0.7390757211665644,0.6537231647740015,0.6684893183469965
2022-10-27,2022-23,BKN,DAL,125,129,120.0,-140.0,2.5,0,0.34553279757429606,0.3185422731369749,0.3725233220116172,0.4872292297740734,0.434435251216168,0.41505045389637707
2022-10-27,2022-23,OKC,LAC,118,110,220.0,-260.0,7.0,1,0.3603767242396326,0.3407336068680866,0.3800198416111785,0.4659671835137933,0.2916179563808568,0.2749169702416817
2022-10-27,2022-23,GSW,MIA,123,110,-240.0,200.0,-6.0,1,0.6499889218739212,0.6726084531464405,0.6273693906014018,0.6891010651897026,0.6898984597215254,0.6985968682539574
2022-10-27,2022-23,SAC,MEM,110,125,120.0,-140.0,2.5,0,0.3130269163849987,0.287455639775382,0.3385981929946153,0.3600468044372372,0.434435251216168,0.41505045389637707
2022-10-28,2022-23,DEN,UTA,117,101,-310.0,260.0,-7.5,1,0.5150529693303572,0.5000054776431779,0.5301004610175365,0.5652023346983464,0.7432301097396163,0.7406831670688772
2022-10-28,2022-23,SAS,CHI,129,124,150.0,-170.0,4.0,1,0.5702923045127375,0.5708386938204798,0.5697459152049953,0.6733193092441296,0.3835663265450182,0.3653952573222735
2022-10-28,2022-23,POR,HOU,125,111,-180.0,160.0,-4.0,1,0.5205255065431783,0.5339768208764936,0.507074192209863,0.6554598059503699,0.6308066475528518,0.6369372830124617
2022-10-28,2022-23,PHX,NOP,124,111,-320.0,265.0,-8.0,1,0.6038068326535975,0.5912312134950567,0.6163824518121384,0.6997689459688096,0.7483962586301076,0.75383189663827
2022-10-28,2022-23,MIL,NYK,119,108,-230.0,195.0,-6.0,1,0.6347201535838232,0.6273840223708851,0.6420562847967612,0.7198501559255085,0.6821543804602389,0.6985968682539574
2022-10-28,2022-23,MIN,LAL,111,102,-310.0,260.0,-8.0,1,0.7321385131147761,0.7487674531103309,0.7155095731192213,0.7793949827950589,0.7432301097396163,0.75383189663827
2022-10-28,2022-23,WAS,IND,117,127,-210.0,180.0,-4.5,0,0.6649063080213422,0.6504435928909817,0.6793690231517027,0.7337654293820932,0.662831359828004,0.6528811761685757
2022-10-28,2022-23,BOS,CLE,123,132,-265.0,225.0,-7.0,0,0.7284684940144005,0.7209751727549886,0.7359618152738124,0.78599992543933,0.7126574447290995,0.727086381207308
2022-10-28,2022-23,TOR,PHI,90,112,-160.0,140.0,-3.5,0,0.5243041526084109,0.5468468076627647,0.5017614975540571,0.661480130189884,0.6008774482239536,0.6206865291604615
2022-10-28,2022-23,ORL,CHA,113,93,105.0,-125.0,1.5,1,0.29441979802669405,0.2688705702608066,0.31996902579258146,0.3666000409384174,0.4654137725671177,0.4492105947756774
2022-10-28,2022-23,DET,ATL,112,136,200.0,-240.0,6.0,0,0.33391007511865733,0.32851095542655717,0.33930919481075755,0.4203365007036412,0.3101015402784747,0.30352831029681354
2022-10-29,2022-23,UTA,MEM,124,123,140.0,-160.0,3.0,1,0.47245725076723777,0.44245897150091446,0.5024555300335611,0.5683960923485712,0.3991225517760463,0.3982510126981278
2022-10-29,2022-23,MIL,ATL,123,115,-215.0,185.0,-5.5,1,0.6724625189025503,0.6701668105368769,0.6747582272682237,0.7150392645038407,0.6685259817213243,0.6837356127682949
2022-10-29,2022-23,CHI,PHI,109,114,120.0,-140.0,2.5,0,0.4243626306544641,0.42183074857282177,0.42689451273610646,0.4843736531491489,0.434435251216168,0.41505045389637707
2022-10-29,2022-23,DAL,OKC,111,117,-500.0,400.0,-10.5,0,0.7969331685259737,0.8423287023405551,0.7515376347113922,0.8693233342629816,0.8222655105048283,0.8126491965359115
2022-10-29,2022-23,CHA,GSW,120,113,400.0,-500.0,10.0,1,0.40944059491891716,0.3691615548694172,0.44971963496841716,0.4833798001207294,0.1777344894951717,0.19978935629055913
2022-10-29,2022-23,SAC,MIA,119,113,145.0,-165.0,4.0,1,0.31703548817109445,0.2957480386545378,0.3383229376876511,0.3638115801925843,0.391187433960939,0.3653952573222735
2022-10-29,2022-23,BKN,IND,116,125,-600.0,450.0,-11.0,0,0.7256890516088901,0.72417823028233,0.7271998729354502,0.7555216759376219,0.8449082316736235,0.8230207768240712
2022-10-30,2022-23,LAC,NOP,91,112,-130.0,110.0,-2.0,0,0.5000218034316586,0.44768285336692265,0.5523607534963946,0.5361372280610351,0.5454027354444257,0.5704202656032762
2022-10-30,2022-23,BOS,WAS,112,94,-420.0,350.0,-9.5,1,0.789919630170131,0.8049613711503082,0.7748778891899538,0.8391735253158278,0.7972454857008152,0.790518217596245
2022-10-30,2022-23,CLE,NYK,121,108,-170.0,150.0,-4.0,1,0.5923338176397878,0.5972259834464285,0.587441651833147,0.6542300391515147,0.6164336734549818,0.6369372830124617
2022-10-30,2022-23,DET,GSW,128,114,260.0,-310.0,7.5,1,0.2636305565542749,0.24745701597579028,0.2798040971327595,0.2755290383299547,0.256769890260389,0.26125623891201216
2022-10-30,2022-23,SAS,MIN,107,98,200.0,-240.0,6.0,1,0.48143399379006224,0.479768932672406,0.48309905490771843,0.5818459751934342,0.3101015402784747,0.30352831029681354
2022-10-30,2022-23,DAL,ORL,114,105,-400.0,330.0,-9.5,1,0.776010882114734,0.8022737868586391,0.7497479773708289,0.8628658822796588,0.7884793547170356,0.790518217596245
2022-10-30,2022-23,PHX,HOU,124,109,-900.0,600.0,-13.0,1,0.8592464360919576,0.8518126533905044,0.8666802187934107,0.8981311863304936,0.8881535201562881,0.8600227189744314
2022-10-30,2022-23,LAL,DEN,121,110,130.0,-150.0,2.5,1,0.36984033913888564,0.354944085274015,0.3847365930037563,0.4879620057863221,0.4160173649636405,0.41505045389637707
2022-10-31,2022-23,UTA,MEM,121,105,120.0,-140.0,2.5,1,0.49149292819706153,0.483270445137623,0.49971541125650004,0.5786486836210687,0.434435251216168,0.41505045389637707
2022-10-31,2022-23,LAC,HOU,95,93,-370.0,310.0,-8.5,1,0.7456469063317066,0.7397774939244486,0.7515163187389647,0.7871474321282569,0.7759710501742187,0.7665240746293874
2022-10-31,2022-23,TOR,ATL,139,109,-130.0,110.0,-2.0,1,0.5384779674799586,0.5460758856524357,0.5308800493074814,0.6479397378665571,0.5454027354444257,0.5704202656032762
2022-10-31,2022-23,MIL,DET,110,108,-900.0,600.0,-13.5,1,0.831442276788264,0.8630532671715805,0.7998312864049475,0.8663614420017378,0.8881535201562881,0.868197092052344
2022-10-31,2022-23,CHA,SAC,108,115,140.0,-160.0,3.5,0,0.7416259871769983,0.7339644927960423,0.7492874815579545,0.7959358022752394,0.3991225517760463,0.3816878509294548
2022-10-31,2022-23,WAS,PHI,111,118,115.0,-135.0,2.5,0,0.3560149090441779,0.31776415215075454,0.39426566593760115,0.4395134581612639,0.4442827475634181,0.41505045389637707
2022-10-31,2022-23,BKN,IND,116,109,-330.0,270.0,-8.0,1,0.6404963572203823,0.621340516434522,0.6596521980062425,0.7200802624374508,0.7533643669158683,0.75383189663827
2022-11-01,2022-23,BKN,CHI,99,108,-130.0,110.0,-2.0,0,0.5842472679722623,0.5455569340528628,0.6229376018916618,0.674127127055299,0.5454027354444257,0.5704202656032762
2022-11-01,2022-23,OKC,ORL,116,108,-155.0,135.0,-3.0,1,0.5683563339564757,0.5589851613472407,0.5777275065657105,0.6731721030695124,0.5926081354603255,0.6041604400628688
2022-11-01,2022-23,MIA,GSW,116,109,-115.0,-105.0,-1.5,1,0.5016630273116176,0.4981018633651524,0.5052241912580828,0.5973681228028567,0.5116044544982119,0.5532803541656142
2022-11-01,2022-23,PHX,MIN,116,107,-170.0,150.0,-4.0,1,0.71346002263478,0.703046541605631,0.7238735036639291,0.7534773344072394,0.6164336734549818,0.6369372830124617
2022-11-02,2022-23,SAS,TOR,100,143,210.0,-250.0,6.5,0,0.48700098151911464,0.46784695676155225,0.506155006276677,0.5678872318079115,0.3005701048771581,0.2890125525275827
2022-11-02,2022-23,LAL,NOP,120,117,110.0,-130.0,2.5,1,0.32886948885156003,0.2949423755841962,0.36279660211892384,0.4227251852222019,0.4545972645555742,0.41505045389637707
2022-11-02,2022-23,POR,MEM,106,111,180.0,-210.0,5.5,0,0.268441802005156,0.25050524780480177,0.28637835620551017,0.3444336089307697,0.3371686401719961,0.31844658639079165
2022-11-02,2022-23,DAL,UTA,103,100,-250.0,210.0,-6.5,1,0.6395845200897479,0.6371248171941041,0.6420442229853918,0.684015899699469,0.6994298951228424,0.7130528657723422
2022-11-02,2022-23,MIL,DET,116,91,-650.0,475.0,-11.5,1,0.8022360788869604,0.8269809382461091,0.7774912195278116,0.8678138581759562,0.8542372382782516,0.8329362310205675
2022-11-02,2022-23,HOU,LAC,101,109,190.0,-220.0,6.0,0,0.40001779653758135,0.3922965507999442,0.4077390422752185,0.4556127445428832,0.3259717594666138,0.30352831029681354
2022-11-02,2022-23,MIA,SAC,110,107,-190.0,170.0,-4.5,1,0.7270617484489755,0.712020944481639,0.7421025524163121,0.8218805829247566,0.6441282024937907,0.6528811761685757
2022-11-02,2022-23,CHI,CHA,106,88,-240.0,200.0,-6.0,1,0.47324170223686,0.4707923168365202,0.47569108763719986,0.5730277874907701,0.6898984597215254,0.6985968682539574
2022-11-02,2022-23,CLE,BOS,114,113,105.0,-125.0,1.5,1,0.4457398987296759,0.42218547633681164,0.4692943211225401,0.5175066718907383,0.4654137725671177,0.4492105947756774
2022-11-02,2022-23,PHI,WAS,111,121,-220.0,190.0,-5.5,0,0.739729955182976,0.7608951851601445,0.7185647252058075,0.8131895728584257,0.6740282405333864,0.6837356127682949
2022-11-02,2022-23,NYK,ATL,99,112,-135.0,115.0,-2.5,0,0.5581970468751721,0.5523171047040357,0.5640769890463085,0.6347409226722547,0.5557172524365818,0.5873929722941529
2022-11-03,2022-23,ORL,GSW,130,129,350.0,-420.0,9.5,1,0.2655488866462149,0.27195705479106513,0.25914071850136466,0.3271751404504214,0.2027545142991849,0.21115472978709024
2022-11-03,2022-23,OKC,DEN,110,122,210.0,-250.0,6.5,0,0.43024682246829893,0.39527909825515906,0.46521454668143875,0.497962515575705,0.3005701048771581,0.2890125525275827
2022-11-04,2022-23,NOP,GSW,114,105,-500.0,400.0,-10.5,1,0.5672606962181577,0.5952685105064484,0.5392528819298669,0.6172943908755942,0.8222655105048283,0.8126491965359115
2022-11-04,2022-23,PHX,POR,106,108,-700.0,500.0,-12.5,0,0.8677471525476437,0.8540045739800307,0.8814897311152565,0.8880060935321231,0.8625306598157729,0.8514281304931971
2022-11-04,2022-23,DAL,TOR,111,110,-180.0,160.0,-4.5,1,0.5893510107022333,0.6025004465524393,0.5762015748520274,0.6587133880563238,0.6308066475528518,0.6528811761685757
2022-11-04,2022-23,LAL,UTA,116,130,-165.0,145.0,-3.5,0,0.3722152906812901,0.35447285833930187,0.38995772302327836,0.4569091222656788,0.608812566039061,0.6206865291604615
2022-11-04,2022-23,MIN,MIL,102,115,115.0,-135.0,2.0,0,0.47475813045218407,0.43143703153177426,0.5180792293725939,0.5215290500643363,0.4442827475634181,0.43204974195328455
2022-11-04,2022-23,SAS,LAC,106,113,140.0,-160.0,3.5,0,0.556274048049147,0.5574340060367547,0.5551140900615392,0.6335862748360207,0.3991225517760463,0.3816878509294548
2022-11-04,2022-23,WAS,BKN,86,128,-150.0,130.0,-3.0,0,0.5190151271428854,0.5440263672586082,0.49400388702716264,0.614383016622118,0.5839826350363595,0.6041604400628688
2022-11-04,2022-23,BOS,CHI,123,119,-270.0,230.0,-7.0,1,0.7424115245455002,0.721780206521477,0.7630428425695234,0.8043021505925956,0.716807084783219,0.727086381207308
2022-11-04,2022-23,DET,CLE,88,112,145.0,-165.0,3.5,0,0.30958719068343193,0.28745339679207527,0.3317209845747886,0.3966744189578516,0.391187433960939,0.3816878509294548
2022-11-04,2022-23,PHI,NYK,104,106,-130.0,110.0,-1.0,0,0.6575917780679998,0.6596345953206547,0.6555489608153449,0.721071781077431,0.5454027354444257,0.5360128414112495
2022-11-04,2022-23,IND,MIA,101,99,130.0,-150.0,3.0,1,0.3859429840440113,0.364665070675326,0.4072208974126966,0.400416012965503,0.4160173649636405,0.3982510126981278
2022-11-04,2022-23,MEM,CHA,130,99,-600.0,450.0,-11.0,1,0.6702377764020402,0.6725732502262852,0.6679023025777951,0.7439540647333289,0.8449082316736235,0.8230207768240712
2022-11-05,2022-23,PHX,POR,102,82,-650.0,475.0,-12.5,1,0.8664804915140687,0.8601848121727464,0.872776170855391,0.8749911159491092,0.8542372382782516,0.8514281304931971
2022-11-05,2022-23,MIL,OKC,108,94,-210.0,180.0,-5.5,1,0.7829764917454134,0.7951103548401922,0.7708426286506345,0.8680931339727556,0.662831359828004,0.6837356127682949
2022-11-05,2022-23,MIN,HOU,129,117,-300.0,250.0,-8.0,1,0.7644901610738166,0.7559880633849325,0.7729922587627006,0.8348150354619134,0.7363103777053058,0.75383189663827
2022-11-05,2022-23,DEN,SAS,126,101,-600.0,450.0,-11.5,1,0.6925161454269461,0.7124281098875361,0.672604180966356,0.7099817439420484,0.8449082316736235,0.8329362310205675
2022-11-05,2022-23,ATL,NOP,124,121,-130.0,110.0,-2.0,1,0.5628329299651169,0.5727331583858083,0.5529327015444254,0.5822464468945975,0.5454027354444257,0.5704202656032762
2022-11-05,2022-23,CHA,BKN,94,98,140.0,-160.0,3.5,0,0.5357227671263021,0.5509396723559306,0.5205058618966737,0.6283638506680871,0.3991225517760463,0.3816878509294548
2022-11-05,2022-23,ORL,SAC,123,126,160.0,-180.0,4.5,0,0.5280598200233965,0.5151413477406633,0.5409782923061296,0.5943425741808537,0.3691933524471482,0.3494051226951947
2022-11-05,2022-23,NYK,BOS,118,133,155.0,-175.0,4.5,0,0.4424794476386915,0.42599220134869054,0.4589666939286925,0.4689754553473079,0.376240667120052,0.3494051226951947
2022-11-06,2022-23,LAL,CLE,100,114,180.0,-210.0,5.5,0,0.35374826646991747,0.3215991791317159,0.38589735380811907,0.4419433133321109,0.3371686401719961,0.31844658639079165
2022-11-06,2022-23,TOR,CHI,113,104,-175.0,155.0,-4.0,1,0.6858628859679741,0.6823921638387518,0.6893336080971963,0.7654865521649793,0.6237593328799479,0.6369372830124617
2022-11-06,2022-23,MEM,WAS,103,97,-400.0,330.0,-9.5,1,0.7740930370836708,0.7715542074845613,0.7766318666827804,0.8375498403231932,0.7884793547170356,0.790518217596245
2022-11-06,2022-23,LAC,UTA,102,110,-170.0,150.0,-4.0,0,0.4510346558032158,0.4147372024519102,0.4873321091545214,0.5243625231509795,0.6164336734549818,0.6369372830124617
2022-11-07,2022-23,MIN,NYK,107,120,-140.0,120.0,-2.5,0,0.5759293564531061,0.5884685884046784,0.5633901245015337,0.6666847268612593,0.5655647487838321,0.5873929722941529
2022-11-07,2022-23,UTA,LAL,139,116,-275.0,235.0,-7.0,1,0.7895415837124589,0.8058893535621362,0.7731938138627815,0.825904373658045,0.7208365273452971,0.727086381207308
2022-11-07,2022-23,LAC,CLE,119,117,160.0,-180.0,4.0,1,0.44785990717576085,0.41771291738239613,0.4780068969691255,0.5123430869323822,0.3691933524471482,0.3653952573222735
2022-11-07,2022-23,GSW,SAC,116,113,-330.0,270.0,-8.0,1,0.7406020999593277,0.7507338851335176,0.7304703147851377,0.8207549362924187,0.7533643669158683,0.75383189663827
2022-11-07,2022-23,DAL,BKN,96,94,-220.0,190.0,-6.0,1,0.7031018647091963,0.6985933237053704,0.7076104057130223,0.7547079603122332,0.6740282405333864,0.6985968682539574
2022-11-07,2022-23,SAS,DEN,109,115,270.0,-330.0,7.5,0,0.44274622967524246,0.4207968715791626,0.46469558777132236,0.5333041897848838,0.2466356330841441,0.26125623891201216
2022-11-07,2022-23,MEM,BOS,106,109,140.0,-160.0,3.5,0,0.49124821116385525,0.4593230290988173,0.5231733932288932,0.5865804423924577,0.3991225517760463,0.3816878509294548
2022-11-07,2022-23,ORL,HOU,127,134,-190.0,170.0,-5.0,0,0.6539977409146857,0.639740983048556,0.6682544987808153,0.6914528770031592,0.6441282024937907,0.6684893183469965
2022-11-07,2022-23,MIA,POR,107,110,-200.0,175.0,-5.0,0,0.7809174182436266,0.7775700649812323,0.7842647715060209,0.8454892627666133,0.6537231647740015,0.6684893183469965
2022-11-07,2022-23,ATL,MIL,117,98,190.0,-220.0,5.5,1,0.47995520619976184,0.4496680802231463,0.5102423321763774,0.5217186001795565,0.3259717594666138,0.31844658639079165
2022-11-07,2022-23,PHI,PHX,100,88,110.0,-130.0,1.0,1,0.489679491356741,0.45781302933089074,0.5215459533825912,0.5532550443160008,0.4545972645555742,0.46649321075541333
2022-11-07,2022-23,IND,NOP,129,122,170.0,-190.0,5.0,1,0.36779537640474774,0.34451261005095307,0.3910781427585424,0.4167776510632933,0.3558717975062095,0.3337467294155119
2022-11-07,2022-23,DET,OKC,112,103,110.0,-130.0,2.0,1,0.5070798958546383,0.501322725390446,0.5128370663188305,0.5990776204722471,0.4545972645555742,0.43204974195328455
2022-11-07,2022-23,CHA,WAS,100,108,-130.0,110.0,-2.0,0,0.6874729616644921,0.6804989968154452,0.6944469265135391,0.7296221372904864,0.5454027354444257,0.5704202656032762
2022-11-07,2022-23,CHI,TOR,111,97,-135.0,115.0,-2.0,1,0.430630930814746,0.44093100278506325,0.4203308588444288,0.4799666297321766,0.5557172524365818,0.5704202656032762
2022-11-09,2022-23,SAS,MEM,122,124,175.0,-200.0,6.0,0,0.3471998279363208,0.3648840753349652,0.32951558053767643,0.4265675718139373,0.3462768352259985,0.30352831029681354
2022-11-09,2022-23,LAC,LAL,114,101,-150.0,130.0,-3.0,1,0.6798014197614586,0.6709078581482796,0.6886949813746377,0.7382901806883031,0.5839826350363595,0.6041604400628688
2022-11-09,2022-23,SAC,CLE,127,120,150.0,-170.0,4.0,1,0.34020286656851206,0.3489888000004743,0.33141693313654985,0.4253109627088856,0.3835663265450182,0.3653952573222735
2022-11-09,2022-23,CHI,NOP,111,115,110.0,-130.0,2.0,0,0.4818858033030996,0.47342103438737176,0.4903505722188274,0.5405101297368649,0.4545972645555742,0.43204974195328455
2022-11-09,2022-23,OKC,MIL,132,136,-105.0,-115.0,1.0,0,0.2958804216145523,0.27610859666633,0.3156522465627746,0.3276973109803983,0.488395545501788,0.46649321075541333
2022-11-09,2022-23,ATL,UTA,119,125,-180.0,160.0,-4.5,0,0.49115047223816644,0.4992018895686144,0.48309905490771843,0.6001741210388342,0.6308066475528518,0.6528811761685757
2022-11-09,2022-23,MIN,PHX,117,129,-125.0,105.0,-2.0,0,0.40212925355795676,0.3987882467971347,0.4054702603187788,0.4857690171224864,0.5345862274328822,0.5704202656032762
2022-11-09,2022-23,BKN,NYK,112,85,-160.0,140.0,-3.5,1,0.5693616361917684,0.555448289572833,0.5832749828107039,0.6324335160907513,0.6008774482239536,0.6206865291604615
2022-11-09,2022-23,BOS,DET,128,112,-800.0,550.0,-13.5,1,0.8668151886345944,0.8652679927155413,0.8683623845536474,0.8977265612399353,0.8766273349432749,0.868197092052344
2022-11-09,2022-23,TOR,HOU,116,109,-450.0,375.0,-10.0,1,0.8449361325948328,0.8264116587591445,0.8634606064305212,0.8723330801211414,0.808345338341749,0.8018161674873022
2022-11-09,2022-23,ORL,DAL,94,87,320.0,-380.0,8.5,1,0.25274889463278655,0.2545583041307237,0.25093948513484937,0.2964905992762972,0.2190215732260639,0.23528346065663988
2022-11-09,2022-23,CHA,POR,95,105,110.0,-130.0,2.0,0,0.6111428346296948,0.6171444454333957,0.6051412238259938,0.7420035980401554,0.4545972645555742,0.43204974195328455
2022-11-09,2022-23,IND,DEN,119,122,170.0,-190.0,5.0,0,0.40146559877718974,0.3831121336133387,0.4198190639410408,0.4849523764276606,0.3558717975062095,0.3337467294155119
2022-11-10,2022-23,WAS,DAL,113,105,190.0,-220.0,6.0,1,0.40035307867398157,0.40508123508448973,0.3956249222634734,0.4067308728017922,0.3259717594666138,0.30352831029681354
2022-11-10,2022-23,ATL,PHI,104,95,-120.0,100.0,-1.0,1,0.48703316928533646,0.4909672836629545,0.48309905490771843,0.6109637059544938,0.5232290461518811,0.5360128414112495
2022-11-10,2022-23,MIA,CHA,117,112,-600.0,450.0,-11.0,1,0.7503625371130462,0.7711876744931866,0.7295373997329058,0.7658277948428542,0.8449082316736235,0.8230207768240712
2022-11-10,2022-23,NOP,POR,95,106,-400.0,330.0,-10.0,0,0.7804591437187148,0.777616908217225,0.7833013792202047,0.8208616602754442,0.7884793547170356,0.8018161674873022
2022-11-11,2022-23,LAL,SAC,114,120,150.0,-170.0,4.0,0,0.47620065559094893,0.47520992807674745,0.47719138310515047,0.604689201683983,0.3835663265450182,0.3653952573222735
2022-11-11,2022-23,GSW,CLE,106,101,-150.0,130.0,-3.0,1,0.5712786794280935,0.5629450999116751,0.5796122589445121,0.6744964982800854,0.5839826350363595,0.6041604400628688
2022-11-11,2022-23,MEM,MIN,114,103,-170.0,150.0,-4.0,1,0.7010555151797606,0.6969696708436681,0.7051413595158532,0.7693515279914451,0.6164336734549818,0.6369372830124617
2022-11-11,2022-23,OKC,TOR,132,113,175.0,-200.0,5.0,1,0.3094025548225164,0.29112654257059534,0.32767856707443743,0.3657837103742402,0.3462768352259985,0.3337467294155119
2022-11-11,2022-23,ORL,PHX,114,97,250.0,-300.0,7.5,1,0.2403114106095725,0.24288642053740467,0.23773640068174032,0.297959366449174,0.2636896222946976,0.26125623891201216
2022-11-11,2022-23,NYK,DET,121,112,-380.0,320.0,-9.5,1,0.7461988407100537,0.7455689885771929,0.7468286928429145,0.7902169566813164,0.7809784267740079,0.790518217596245
2022-11-11,2022-23,BOS,DEN,131,112,-180.0,160.0,-4.5,1,0.6652126726977261,0.6603308008355664,0.6700945445598857,0.768409421489861,0.6308066475528518,0.6528811761685757
2022-11-11,2022-23,SAS,MIL,111,93,-125.0,105.0,-1.5,1,0.338012482722452,0.3427202754878048,0.33330468995709917,0.3974976885792057,0.5345862274328822,0.5532803541656142
2022-11-12,2022-23,MIA,CHA,132,115,-170.0,150.0,-8.0,1,0.723458973051869,0.733805032402828,0.71311291370091,0.7720431558634816,0.6164336734549818,0.75383189663827
2022-11-12,2022-23,DAL,POR,117,112,-255.0,215.0,-6.5,1,0.6983845825815129,0.7369235874181885,0.6598455777448373,0.812768868024676,0.7039749620300272,0.7130528657723422
2022-11-12,2022-23,PHI,ATL,121,109,-150.0,130.0,-3.0,1,0.5668596623080298,0.5729981416843472,0.5607211829317125,0.6482146160581282,0.5839826350363595,0.6041604400628688
2022-11-12,2022-23,NOP,HOU,119,106,-500.0,400.0,-11.0,1,0.7888347948281131,0.7981421881205982,0.7795274015356279,0.8552561812775932,0.8222655105048283,0.8230207768240712
2022-11-12,2022-23,DET,BOS,108,117,310.0,-370.0,8.5,0,0.21733412369391986,0.20692566814422236,0.22774257924361732,0.2482265140608769,0.2240289498258324,0.23528346065663988
2022-11-12,2022-23,WAS,UTA,121,112,160.0,-180.0,4.0,1,0.33950372034378873,0.3401232415538734,0.338884199133704,0.4198651463246389,0.3691933524471482,0.3653952573222735
2022-11-12,2022-23,LAC,BKN,95,110,-120.0,100.0,-1.5,0,0.48013645152606543,0.4913065450651816,0.46896635798694924,0.5972983052836349,0.5232290461518811,0.5532803541656142
2022-11-12,2022-23,IND,TOR,118,104,-150.0,130.0,-3.0,1,0.45223465575467037,0.44785672515866765,0.45661258635067314,0.4546186273320802,0.5839826350363595,0.6041604400628688
2022-11-13,2022-23,NYK,OKC,135,145,-210.0,180.0,-5.5,0,0.6727448596824619,0.6684553070467736,0.6770344123181503,0.7568381784828335,0.662831359828004,0.6837356127682949
2022-11-13,2022-23,WAS,MEM,102,92,-125.0,105.0,-1.5,1,0.3241661218457053,0.31181927560033096,0.33651296809107967,0.4258688592810787,0.5345862274328822,0.5532803541656142
2022-11-13,2022-23,CLE,MIN,124,129,-110.0,-110.0,-0.0,0,0.6633618571182955,0.6622290377031407,0.6644946765334504,0.7214254097156538,0.5,0.5012591113806545
2022-11-13,2022-23,PHI,UTA,105,98,-160.0,140.0,-3.5,1,0.5646048284494003,0.5787826284830747,0.550427028415726,0.623139457877956,0.6008774482239536,0.6206865291604615
2022-11-13,2022-23,CHI,DEN,103,126,105.0,-125.0,1.5,0,0.5175784557789691,0.5021584994576979,0.5329984121002405,0.5699692031482032,0.4654137725671177,0.4492105947756774
2022-11-13,2022-23,SAC,GSW,122,115,160.0,-180.0,4.0,1,0.3488680412434841,0.3706083157289964,0.3271277667579718,0.4254886841352281,0.3691933524471482,0.3653952573222735
2022-11-13,2022-23,LAL,BKN,116,103,175.0,-200.0,5.0,1,0.43023335824757036,0.4187787760590065,0.44168794043613424,0.4305379760180394,0.3462768352259985,0.3337467294155119
2022-11-14,2022-23,GSW,SAS,132,95,-380.0,320.0,-9.0,1,0.7110973804272519,0.6799996226318005,0.7421951382227033,0.7735032103298286,0.7809784267740079,0.7787539188531114
2022-11-14,2022-23,MIL,ATL,106,121,-170.0,150.0,-4.0,0,0.622413792128593,0.5966609807025753,0.6481666035546106,0.6963574030270017,0.6164336734549818,0.6369372830124617
2022-11-14,2022-23,HOU,LAC,106,122,170.0,-190.0,5.0,0,0.43672873499750886,0.3855656832468532,0.48789178674816447,0.4438211517946237,0.3558717975062095,0.3337467294155119
2022-11-14,2022-23,MIA,PHX,113,112,-140.0,120.0,-2.5,1,0.49551248475044285,0.5020202320124431,0.4890047374884426,0.605673706657403,0.5655647487838321,0.5873929722941529
2022-11-14,2022-23,DET,TOR,111,115,150.0,-170.0,4.5,0,0.2854499008426721,0.2810205012438646,0.28987930044147964,0.3911832850175619,0.3835663265450182,0.3494051226951947
2022-11-14,2022-23,ORL,CHA,105,112,105.0,-125.0,1.5,0,0.5631731726818374,0.5664205806589481,0.5599257647047267,0.5744166192190379,0.4654137725671177,0.4492105947756774
2022-11-14,2022-23,BOS,OKC,126,122,-650.0,475.0,-12.0,1,0.8662029786347285,0.8423606149036358,0.8900453423658211,0.8754998792696042,0.8542372382782516,0.8424025365094192
2022-11-15,2022-23,NOP,MEM,113,102,-120.0,100.0,-1.5,1,0.5160486127901646,0.4989391232961628,0.5331581022841664,0.5859333165442935,0.5232290461518811,0.5532803541656142
2022-11-15,2022-23,DAL,LAC,103,101,-260.0,220.0,-6.5,1,0.735297288752259,0.7261867691853562,0.7444078083191618,0.755291574601515,0.7083820436191438,0.7130528657723422
2022-11-15,2022-23,UTA,NYK,111,118,-175.0,155.0,-4.0,0,0.7113114987300814,0.6804278592374594,0.7421951382227033,0.7502825235186046,0.6237593328799479,0.6369372830124617
2022-11-15,2022-23,POR,SAS,117,110,-360.0,300.0,-8.5,1,0.5825435551756291,0.6079364975143366,0.5571506128369214,0.6011791338691513,0.7707247769725477,0.7665240746293874
2022-11-15,2022-23,SAC,BKN,153,121,-125.0,105.0,-2.0,1,0.4692044324368275,0.47314161792495557,0.46526724694869953,0.5326862808511216,0.5345862274328822,0.5704202656032762
2022-11-16,2022-23,NOP,CHI,124,110,-125.0,105.0,-1.5,1,0.6765990552937038,0.622248870622139,0.7309492399652687,0.7556783396254804,0.5345862274328822,0.5532803541656142
2022-11-16,2022-23,PHX,GSW,130,119,120.0,-140.0,2.5,1,0.565434377431125,0.5709570044306308,0.5599117504316193,0.6479634716818433,0.434435251216168,0.41505045389637707
2022-11-16,2022-23,DEN,NYK,103,106,-130.0,110.0,-2.0,0,0.7034094468235772,0.7242034758226948,0.6826154178244594,0.7106459771965752,0.5454027354444257,0.5704202656032762
2022-11-16,2022-23,DAL,HOU,92,101,-250.0,210.0,-6.5,0,0.8483313194358688,0.8106732904543053,0.8859893484174324,0.8879796735178059,0.6994298951228424,0.7130528657723422
2022-11-16,2022-23,MIL,CLE,113,98,-130.0,110.0,-2.0,1,0.5413438278450163,0.5526633679815716,0.5300242877084611,0.6814825656158192,0.5454027354444257,0.5704202656032762
2022-11-16,2022-23,CHA,IND,113,125,-110.0,-110.0,1.0,0,0.528425771907689,0.5399296929352732,0.516921850880105,0.663426025383078,0.5,0.46649321075541333
2022-11-16,2022-23,ATL,BOS,101,126,-110.0,-110.0,-0.0,0,0.48242399453094786,0.43416236438647665,0.530685624675419,0.5070020083022826,0.5,0.5012591113806545
2022-11-16,2022-23,WAS,OKC,120,121,-190.0,170.0,-5.0,0,0.6078157393933936,0.5724550087280346,0.6431764700587528,0.6976171069282157,0.6441282024937907,0.6684893183469965
2022-11-16,2022-23,TOR,MIA,112,104,-160.0,140.0,-3.5,1,0.5233060093874597,0.5188235362337672,0.5277884825411522,0.5974478823760769,0.6008774482239536,0.6206865291604615
2022-11-16,2022-23,ORL,MIN,108,126,250.0,-300.0,8.0,0,0.4245013878868351,0.42436614035759096,0.4246366354160793,0.4886628723007032,0.2636896222946976,0.2480421029872373
2022-11-17,2022-23,POR,BKN,107,109,-140.0,120.0,-3.0,0,0.47764063375374777,0.4704900454875775,0.48479122201991803,0.5429737482837692,0.5655647487838321,0.6041604400628688
2022-11-17,2022-23,SAC,SAS,130,112,-290.0,245.0,-7.5,1,0.6268279402871426,0.6339858316663677,0.6196700489079174,0.670605288832603,0.7306509690077064,0.7406831670688772
2022-11-17,2022-23,LAC,DET,96,91,-500.0,400.0,-10.5,1,0.748966265373135,0.7539961115476544,0.7439364191986158,0.7882755136749485,0.8222655105048283,0.8126491965359115
2022-11-18,2022-23,MEM,OKC,121,110,-240.0,200.0,-6.5,1,0.7196162499975802,0.7122954082824202,0.7269370917127403,0.8124924758541483,0.6898984597215254,0.7130528657723422
2022-11-18,2022-23,LAL,DET,128,121,-250.0,210.0,-6.0,1,0.7146620117211413,0.7319301631148468,0.6973938603274357,0.7059987954400634,0.6994298951228424,0.6985968682539574
2022-11-18,2022-23,GSW,NYK,111,101,-270.0,230.0,-7.5,1,0.673800032719383,0.6652719239349889,0.6823281415037772,0.7282210359429868,0.716807084783219,0.7406831670688772
2022-11-18,2022-23,UTA,PHX,134,133,-105.0,-115.0,1.0,1,0.5113179085829825,0.49841769144577636,0.5242181257201887,0.589575723518519,0.488395545501788,0.46649321075541333
2022-11-18,2022-23,NOP,BOS,109,117,130.0,-150.0,3.0,0,0.4375269347410769,0.4105343779188018,0.464519491563352,0.4798775345448122,0.4160173649636405,0.3982510126981278
2022-11-18,2022-23,DAL,DEN,127,99,-400.0,330.0,-10.0,1,0.5152073190297819,0.5362335478817157,0.49418109017784795,0.6614272741049178,0.7884793547170356,0.8018161674873022
2022-11-18,2022-23,CLE,CHA,132,122,-500.0,400.0,-10.0,1,0.7328531762221109,0.7214705862092767,0.744235766234945,0.7518153998265487,0.8222655105048283,0.8018161674873022
2022-11-18,2022-23,HOU,IND,91,99,190.0,-220.0,5.5,0,0.41780890388210173,0.415719526779127,0.4198982809850765,0.4915656588099806,0.3259717594666138,0.31844658639079165
2022-11-18,2022-23,PHI,MIL,110,102,100.0,-120.0,1.0,1,0.5922457725400105,0.5688486598285859,0.6156428852514353,0.634427873602058,0.4767709538481187,0.46649321075541333
2022-11-18,2022-23,WAS,MIA,107,106,-310.0,260.0,-8.0,1,0.4024899462152399,0.4134911421142167,0.39148875031626307,0.4920221387977578,0.7432301097396163,0.75383189663827
2022-11-18,2022-23,CHI,ORL,107,108,-385.0,320.0,-8.5,0,0.6538548436805718,0.6554743415515972,0.6522353458095462,0.7421601734992757,0.7824003002494886,0.7665240746293874
2022-11-19,2022-23,POR,UTA,113,118,-185.0,165.0,-4.5,0,0.4422347386580406,0.4437306830789397,0.44073879423714146,0.4407052907398926,0.63759140481802,0.6528811761685757
2022-11-19,2022-23,LAC,SAS,119,97,-400.0,330.0,-8.5,1,0.6712237401334407,0.6457518505375812,0.6966956297293002,0.7063204807614979,0.7884793547170356,0.7665240746293874
2022-11-19,2022-23,PHI,MIN,109,112,140.0,-160.0,3.5,0,0.6313439415559815,0.6183681227562814,0.6443197603556816,0.7303420096579516,0.3991225517760463,0.3816878509294548
2022-11-19,2022-23,ATL,TOR,124,122,-215.0,185.0,-5.5,1,0.4917657083924838,0.5095134503804767,0.47401796640449084,0.6397661406089841,0.6685259817213243,0.6837356127682949
2022-11-19,2022-23,IND,ORL,114,113,-310.0,260.0,-7.5,1,0.6966528871140744,0.6747623080800331,0.7185434661481156,0.7378866664767884,0.7432301097396163,0.7406831670688772
2022-11-20,2022-23,DAL,DEN,97,98,-500.0,400.0,-10.5,0,0.5951984418671972,0.5809302629899943,0.6094666207444001,0.6962940378803767,0.8222655105048283,0.8126491965359115
2022-11-20,2022-23,HOU,GSW,120,127,400.0,-500.0,10.5,0,0.2649573970867499,0.2369609037893838,0.29295389038411607,0.3026473730293325,0.1777344894951717,0.18888924117694963
2022-11-20,2022-23,BKN,MEM,127,115,-300.0,250.0,-7.5,1,0.5312939359189773,0.4818742178913184,0.5807136539466363,0.5284222242236997,0.7363103777053058,0.7406831670688772
2022-11-20,2022-23,LAL,SAS,123,92,-240.0,200.0,-6.0,1,0.6059326956253612,0.6345643461629306,0.5773010450877919,0.6205983923798465,0.6898984597215254,0.6985968682539574
2022-11-20,2022-23,WAS,CHA,106,102,-190.0,170.0,-5.0,1,0.6300617034923941,0.6295525938755232,0.630570813109265,0.6788449124968687,0.6441282024937907,0.6684893183469965
2022-11-20,2022-23,SAC,DET,137,129,-550.0,425.0,-10.5,1,0.7736271403691359,0.7955885032264345,0.7516657775118373,0.7891382810016218,0.8343386613595238,0.8126491965359115
2022-11-20,2022-23,PHX,NYK,116,95,-240.0,200.0,-6.0,1,0.7191426708644355,0.709251777696498,0.729033564032373,0.7539773641078058,0.6898984597215254,0.6985968682539574
2022-11-20,2022-23,CLE,MIA,113,87,-265.0,225.0,-7.0,1,0.5353759738637724,0.5505776922556332,0.5201742554719118,0.6070165113791446,0.7126574447290995,0.727086381207308
2022-11-21,2022-23,CLE,ATL,114,102,-150.0,130.0,-3.5,1,0.5858871725529283,0.568134182084937,0.6036401630209196,0.6400758991902111,0.5839826350363595,0.6206865291604615
2022-11-21,2022-23,IND,ORL,123,102,-270.0,230.0,-7.0,1,0.6604898672006623,0.6477301000770117,0.6732496343243127,0.7422974161320565,0.716807084783219,0.727086381207308
2022-11-21,2022-23,NOP,GSW,128,83,-600.0,450.0,-11.5,1,0.5540406456415616,0.5731319858608979,0.5349493054222253,0.5998404173243344,0.8449082316736235,0.8329362310205675
2022-11-21,2022-23,MIL,POR,119,111,-450.0,375.0,-9.5,1,0.7189177525446278,0.7273723851780682,0.7104631199111872,0.8126633722344974,0.808345338341749,0.790518217596245
2022-11-21,2022-23,OKC,NYK,119,129,-125.0,105.0,-2.0,0,0.5712691403205928,0.5879817273471629,0.5545565532940228,0.5413970156478702,0.5345862274328822,0.5704202656032762
2022-11-21,2022-23,CHI,BOS,121,107,175.0,-200.0,5.5,1,0.27150942836161374,0.2678221486720641,0.27519670805116336,0.3134180585556504,0.3462768352259985,0.31844658639079165
2022-11-21,2022-23,MIN,MIA,105,101,-360.0,300.0,-8.5,1,0.5902697900018266,0.6202929963770606,0.5602465836265925,0.6040955409239659,0.7707247769725477,0.7665240746293874
2022-11-21,2022-23,LAC,UTA,121,114,-140.0,120.0,-2.0,1,0.4935834621002084,0.4866174529455485,0.5005494712548684,0.536554195317111,0.5655647487838321,0.5704202656032762
2022-11-22,2022-23,PHX,LAL,115,105,-420.0,350.0,-9.5,1,0.7429174072470541,0.7607439305146924,0.725090883979416,0.8308409904166824,0.7972454857008152,0.790518217596245
2022-11-22,2022-23,DEN,DET,108,110,-650.0,475.0,-12.0,0,0.8032793433843941,0.8276581996307357,0.7789004871380526,0.8439680097543261,0.8542372382782516,0.8424025365094192
2022-11-22,2022-23,PHI,BKN,115,106,265.0,-320.0,8.0,1,0.6253801599278173,0.620388009542342,0.6303723103132924,0.7129318382518786,0.2516037413699005,0.2480421029872373
2022-11-22,2022-23,MEM,SAC,109,113,-150.0,130.0,-3.0,0,0.6053270676943161,0.6032122436942339,0.6074418916943982,0.7509640699428267,0.5839826350363595,0.6041604400628688
2022-11-23,2022-23,GSW,LAC,124,107,-450.0,375.0,-10.0,1,0.5942413850959619,0.6116371463043886,0.5768456238875352,0.7132971220761942,0.808345338341749,0.8018161674873022
2022-11-23,2022-23,UTA,DET,116,125,-650.0,475.0,-12.0,0,0.8394119315472415,0.8584759150681085,0.8203479480263743,0.8551656105362591,0.8542372382782516,0.8424025365094192
2022-11-23,2022-23,SAS,NOP,110,129,175.0,-200.0,5.5,0,0.3400703949116953,0.31124380290870685,0.3688969869146837,0.3941073845637516,0.3462768352259985,0.31844658639079165
2022-11-23,2022-23,OKC,DEN,126,131,-110.0,-110.0,-1.0,0,0.47499500713808707,0.4754837562136956,0.47450625806247854,0.4760918065312943,0.5,0.5360128414112495
2022-11-23,2022-23,ATL,SAC,115,106,-185.0,165.0,-4.5,1,0.6501640229633134,0.6335667510364961,0.6667612948901309,0.7062091035851477,0.63759140481802,0.6528811761685757
2022-11-23,2022-23,MIL,CHI,113,118,-260.0,220.0,-7.0,0,0.6574320904117098,0.6548327716508258,0.6600314091725938,0.7632024440695643,0.7083820436191438,0.727086381207308
2022-11-23,2022-23,MIA,WAS,113,105,-190.0,170.0,-5.0,1,0.6384079733777899,0.6398061975104432,0.6370097492451364,0.7287499123342441,0.6441282024937907,0.6684893183469965
2022-11-23,2022-23,TOR,BKN,98,112,120.0,-140.0,2.5,0,0.694423872928953,0.694677145325898,0.6941706005320081,0.6845859256475949,0.434435251216168,0.41505045389637707
2022-11-23,2022-23,CLE,POR,114,96,-280.0,240.0,-7.5,1,0.7548889232355245,0.7622354559235393,0.7475423905475098,0.8035731100600875,0.7247510069457442,0.7406831670688772
2022-11-23,2022-23,CHA,PHI,107,101,-175.0,155.0,-4.0,1,0.44080796984943327,0.4102861063768207,0.47132983332204587,0.4296063196171912,0.6237593328799479,0.6369372830124617
2022-11-23,2022-23,IND,MIN,101,115,115.0,-135.0,2.0,0,0.5010723847383007,0.48822452021434926,0.5139202492622522,0.5677004846988882,0.4442827475634181,0.43204974195328455
2022-11-23,2022-23,BOS,DAL,125,112,-215.0,185.0,-6.0,1,0.7062482119288571,0.699196730354163,0.7132996935035513,0.7549537655274399,0.6685259817213243,0.6985968682539574
2022-11-25,2022-23,BOS,SAC,122,104,-300.0,250.0,-7.5,1,0.7674291026371591,0.7585521438219617,0.7763060614523566,0.838236986547838,0.7363103777053058,0.7406831670688772
2022-11-25,2022-23,LAC,DEN,104,114,150.0,-170.0,4.0,0,0.5082852978323951,0.5134941384755999,0.5030764571891904,0.5888448735671488,0.3835663265450182,0.3653952573222735
2022-11-25,2022-23,GSW,UTA,129,118,-315.0,260.0,-8.0,1,0.5922020508590786,0.5979147476487683,0.586489354069389,0.6767685456472985,0.7451142744804072,0.75383189663827
2022-11-25,2022-23,PHX,DET,108,102,-900.0,600.0,-12.0,1,0.8402516009506757,0.8309075101529835,0.8495956917483681,0.8713279231987975,0.8881535201562881,0.8424025365094192
2022-11-25,2022-23,SAS,LAL,94,105,145.0,-165.0,4.0,0,0.48778247050669626,0.5157981099477449,0.45976683106564764,0.6025386839444887,0.391187433960939,0.3653952573222735
2022-11-25,2022-23,OKC,CHI,123,119,130.0,-150.0,3.0,1,0.4977322479080776,0.47529024034424333,0.5201742554719118,0.5296501342163348,0.4160173649636405,0.3982510126981278
2022-11-25,2022-23,MIA,WAS,110,107,-155.0,135.0,-3.0,1,0.668227559162114,0.6669415750747488,0.6695135432494791,0.739220498542984,0.5926081354603255,0.6041604400628688
2022-11-25,2022-23,MIL,CLE,117,102,-180.0,160.0,-4.0,1,0.5021290855301068,0.5034341224161405,0.5008240486440733,0.6389591134829344,0.6308066475528518,0.6369372830124617
2022-11-25,2022-23,IND,BKN,128,117,135.0,-155.0,3.5,1,0.4801671839188606,0.4804339106411719,0.4799004571965493,0.5401413461413225,0.4073918645396744,0.3816878509294548
2022-11-25,2022-23,MEM,NOP,132,111,-130.0,110.0,-2.5,1,0.48869504820096754,0.47263382776956075,0.5047562686323743,0.5988119669309133,0.5454027354444257,0.5873929722941529
2022-11-25,2022-23,NYK,POR,129,132,-170.0,150.0,-4.0,0,0.6713796100925331,0.6647182235687304,0.6780409966163357,0.7533038299547444,0.6164336734549818,0.6369372830124617
2022-11-25,2022-23,ORL,PHI,99,107,-125.0,105.0,-1.5,0,0.3816450504289821,0.3410127017014395,0.4222773991565247,0.3615709785521985,0.5345862274328822,0.5532803541656142
2022-11-25,2022-23,CHA,MIN,110,108,210.0,-250.0,6.5,1,0.4081583001573069,0.3858811316273053,0.43043546868730853,0.5039227153539276,0.3005701048771581,0.2890125525275827
2022-11-25,2022-23,HOU,ATL,128,122,245.0,-290.0,7.0,1,0.28892820360392807,0.29065429604662313,0.287202111161233,0.3401004307609644,0.2693490309922958,0.2749169702416817
2022-11-26,2022-23,TOR,DAL,105,100,120.0,-140.0,2.5,1,0.5344819688163779,0.5257852974675836,0.5431786401651721,0.5885766459138505,0.434435251216168,0.41505045389637707
2022-11-26,2022-23,HOU,OKC,118,105,110.0,-130.0,2.0,1,0.49076084833241884,0.49537213568673677,0.48614956097810097,0.5491800100745183,0.4545972645555742,0.43204974195328455
2022-11-26,2022-23,SAS,LAL,138,143,-115.0,-105.0,-1.0,0,0.4977639903727683,0.5233809665973864,0.47214701414815013,0.5662574737321657,0.5116044544982119,0.5360128414112495
2022-11-26,2022-23,PHX,UTA,113,112,-220.0,190.0,-6.0,1,0.6754174275299041,0.6952504347660858,0.6555844202937222,0.7295722064476183,0.6740282405333864,0.6985968682539574
2022-11-27,2022-23,MIL,DAL,124,115,-220.0,190.0,-5.5,1,0.6451694031952988,0.6364368008653032,0.6539020055252943,0.6605713352566475,0.6740282405333864,0.6837356127682949
2022-11-27,2022-23,DET,CLE,94,102,250.0,-300.0,7.5,0,0.31143681312529614,0.28734920673190045,0.3355244195186918,0.3824255511578862,0.2636896222946976,0.26125623891201216
2022-11-27,2022-23,NYK,MEM,123,127,105.0,-125.0,1.5,0,0.47119361861703424,0.46493821429209886,0.4774490229419696,0.5268341860715755,0.4654137725671177,0.4492105947756774
2022-11-27,2022-23,BOS,WAS,130,121,-330.0,270.0,-8.0,1,0.8155643600097076,0.8141028341580028,0.8170258858614122,0.8598931322218547,0.7533643669158683,0.75383189663827
2022-11-27,2022-23,MIN,GSW,114,137,100.0,-120.0,1.5,0,0.4997534219785258,0.5238157563198517,0.47569108763719986,0.5769787776220436,0.4767709538481187,0.4492105947756774
2022-11-27,2022-23,ATL,MIA,98,106,-165.0,145.0,-4.0,0,0.5448562540595032,0.5495226034856285,0.540189904633378,0.626216410416151,0.608812566039061,0.6369372830124617
2022-11-27,2022-23,LAC,IND,114,100,105.0,-125.0,1.5,1,0.5803653330720566,0.5929942622524312,0.5677364038916821,0.6630831032623943,0.4654137725671177,0.4492105947756774
2022-11-27,2022-23,BKN,POR,111,97,-310.0,260.0,-8.0,1,0.6931130679024831,0.6838027284009566,0.7024234074040095,0.7582814761808216,0.7432301097396163,0.75383189663827
2022-11-27,2022-23,ORL,PHI,103,133,-110.0,-110.0,-1.0,0,0.2955517143934092,0.3131002421453589,0.2780031866414595,0.3466559605541028,0.5,0.5360128414112495
2022-11-28,2022-23,DEN,HOU,129,113,-600.0,450.0,-11.0,1,0.7790389201544238,0.7719835081306989,0.7860943321781486,0.8402989966105676,0.8449082316736235,0.8230207768240712
2022-11-28,2022-23,LAL,IND,115,116,-165.0,145.0,-3.5,0,0.5965583784903696,0.6135394176812479,0.5795773392994914,0.6210148018392073,0.608812566039061,0.6206865291604615
2022-11-28,2022-23,SAC,PHX,117,122,-110.0,-110.0,-0.0,0,0.4377889521733953,0.4238776042403453,0.45170030010644524,0.45839526156001,0.5,0.5012591113806545
2022-11-28,2022-23,UTA,CHI,107,114,-135.0,115.0,-2.0,0,0.6307164116731252,0.6026611163670991,0.6587717069791513,0.709649683434423,0.5557172524365818,0.5704202656032762
2022-11-28,2022-23,BOS,CHA,140,105,-650.0,475.0,-11.5,1,0.8575200332001821,0.8308679707362905,0.8841720956640737,0.8717053443579915,0.8542372382782516,0.8329362310205675
2022-11-28,2022-23,BKN,ORL,109,102,-700.0,500.0,-12.0,1,0.791632531554369,0.7949033177785276,0.7883617453302103,0.8270539361147191,0.8625306598157729,0.8424025365094192
2022-11-28,2022-23,TOR,CLE,100,88,-200.0,175.0,-5.0,1,0.5663454149522049,0.5743383877795193,0.5583524421248905,0.6008421227588009,0.6537231647740015,0.6684893183469965
2022-11-28,2022-23,NOP,OKC,105,101,-210.0,180.0,-5.5,1,0.7534341412394778,0.7582962599089008,0.7485720225700548,0.8325777680700721,0.662831359828004,0.6837356127682949
2022-11-28,2022-23,WAS,MIN,142,127,-115.0,-105.0,-1.0,1,0.5258313709025182,0.5311204459570965,0.5205422958479399,0.5661660503098693,0.5116044544982119,0.5360128414112495
2022-11-28,2022-23,PHI,ATL,104,101,-130.0,110.0,-2.5,1,0.7007209369608945,0.7058390447585217,0.6956028291632674,0.7181358631767799,0.5454027354444257,0.5873929722941529
2022-11-29,2022-23,DET,NYK,110,140,155.0,-175.0,4.5,0,0.4030488919074866,0.4122411201187283,0.39385666369624495,0.4681722483183309,0.376240667120052,0.3494051226951947
2022-11-29,2022-23,DAL,GSW,116,113,-115.0,-105.0,-1.5,1,0.47688172421043634,0.4780723607836728,0.47569108763719986,0.5771722397357673,0.5116044544982119,0.5532803541656142
2022-11-29,2022-23,POR,LAC,112,118,-165.0,145.0,-4.0,0,0.4778774206981671,0.45167201679042357,0.5040828246059106,0.5287758430189711,0.608812566039061,0.6369372830124617
2022-11-30,2022-23,SAC,IND,137,114,-180.0,160.0,-4.5,1,0.615580033790895,0.6323797895072545,0.5987802780745356,0.6555166244330497,0.6308066475528518,0.6528811761685757
2022-11-30,2022-23,PHX,CHI,132,113,-210.0,180.0,-5.5,1,0.7288652035158817,0.7107456420533479,0.7469847649784155,0.7851668155508932,0.662831359828004,0.6837356127682949
2022-11-30,2022-23,UTA,LAC,125,112,-300.0,250.0,-7.5,1,0.6292669029934277,0.6417667402027628,0.6167670657840927,0.6663018229144759,0.7363103777053058,0.7406831670688772
2022-11-30,2022-23,DEN,HOU,120,100,-700.0,500.0,-11.0,1,0.7868513432133377,0.7928190915570434,0.7808835948696319,0.8462359071207299,0.8625306598157729,0.8230207768240712
2022-11-30,2022-23,NOP,TOR,126,108,125.0,-145.0,2.5,1,0.6379711694694923,0.6268989021325952,0.6490434368063892,0.6890371214244644,0.4250230670447525,0.41505045389637707
2022-11-30,2022-23,MIN,MEM,109,101,130.0,-150.0,3.0,1,0.5062294604368545,0.48631528792704964,0.5261436329466593,0.5247106685454369,0.4160173649636405,0.3982510126981278
2022-11-30,2022-23,LAL,POR,128,109,-230.0,195.0,-6.0,1,0.6505196377267934,0.6798266348077053,0.6212126406458816,0.6835499497977687,0.6821543804602389,0.6985968682539574
2022-11-30,2022-23,BKN,WAS,113,107,-220.0,190.0,-5.5,1,0.6411088433165735,0.6359676446629653,0.6462500419701818,0.7102819458617946,0.6740282405333864,0.6837356127682949
2022-11-30,2022-23,NYK,MIL,103,109,200.0,-240.0,6.0,0,0.4745938209734014,0.4595284828049855,0.48965915914181735,0.5378256773898588,0.3101015402784747,0.30352831029681354
2022-11-30,2022-23,BOS,MIA,134,121,-460.0,380.0,-9.5,1,0.7744847395128931,0.7621505083972144,0.7868189706285719,0.7850855622434333,0.8112971060494051,0.790518217596245
2022-11-30,2022-23,ORL,ATL,108,125,200.0,-240.0,6.5,0,0.343347588502577,0.35683790641620633,0.3298572705889477,0.3962665279356563,0.3101015402784747,0.2890125525275827
2022-11-30,2022-23,CLE,PHI,113,85,-165.0,145.0,-4.0,1,0.49396590388626516,0.5048327528648119,0.48309905490771843,0.5877170546493318,0.608812566039061,0.6369372830124617
2022-11-30,2022-23,OKC,SAS,119,111,-150.0,130.0,-3.0,1,0.6095762306112611,0.6152642638633761,0.6038881973591461,0.6696697269001113,0.5839826350363595,0.6041604400628688
2022-12-01,2022-23,DET,DAL,131,125,265.0,-320.0,8.0,1,0.3145286215534131,0.2858841648744585,0.34317307823236765,0.3476952134887262,0.2516037413699005,0.2480421029872373
2022-12-02,2022-23,GSW,CHI,119,111,-270.0,230.0,-7.0,1,0.7152265721353726,0.699571005901449,0.7308821383692959,0.7685529997695489,0.716807084783219,0.727086381207308
2022-12-02,2022-23,UTA,IND,139,119,-170.0,150.0,-3.5,1,0.6813016116902084,0.6798309753027921,0.6827722480776247,0.7358100555464976,0.6164336734549818,0.6206865291604615
2022-12-02,2022-23,PHX,HOU,121,122,-650.0,475.0,-11.5,0,0.8647066602753232,0.8561875283211502,0.8732257922294961,0.895289142660095,0.8542372382782516,0.8329362310205675
2022-12-02,2022-23,SAS,NOP,99,117,235.0,-275.0,7.0,0,0.28195266835296473,0.27286080111695943,0.2910445355889701,0.3336075879214684,0.279163472654704,0.2749169702416817
2022-12-02,2022-23,MEM,PHI,117,109,-190.0,170.0,-4.5,1,0.5626484037395779,0.5265544634511792,0.5987423440279767,0.6402964687241696,0.6441282024937907,0.6528811761685757
2022-12-02,2022-23,CLE,ORL,107,96,-600.0,450.0,-11.0,1,0.8489104988592613,0.8327717569290782,0.8650492407894442,0.8705597887123533,0.8449082316736235,0.8230207768240712
2022-12-02,2022-23,ATL,DEN,117,109,175.0,-200.0,5.0,1,0.4864332706323373,0.49208221638089106,0.4807843248837836,0.6104617346949549,0.3462768352259985,0.3337467294155119
2022-12-02,2022-23,MIL,LAL,129,133,-360.0,300.0,-8.5,0,0.7040145948594173,0.714279590979954,0.6937495987388806,0.7988192712019567,0.7707247769725477,0.7665240746293874
2022-12-02,2022-23,BOS,MIA,116,120,-275.0,235.0,-7.0,0,0.774713159211477,0.7626073477943821,0.7868189706285719,0.7942394843903804,0.7208365273452971,0.727086381207308
2022-12-02,2022-23,CHA,WAS,117,116,150.0,-170.0,4.0,1,0.4988703583667957,0.4980488392223986,0.49969187751119276,0.6045986588841723,0.3835663265450182,0.3653952573222735
2022-12-02,2022-23,BKN,TOR,114,105,-125.0,105.0,-1.5,1,0.5803773504481594,0.5807400980710997,0.5800146028252191,0.6363145553423583,0.5345862274328822,0.5532803541656142
2022-12-03,2022-23,UTA,POR,111,116,-190.0,170.0,-5.0,0,0.7371547396142109,0.7281494821794371,0.7461599970489847,0.800546221507387,0.6441282024937907,0.6684893183469965
2022-12-03,2022-23,NYK,DAL,100,121,100.0,-120.0,1.5,0,0.5493755973786278,0.48423223139580146,0.6145189633614542,0.5776670657566699,0.4767709538481187,0.4492105947756774
2022-12-03,2022-23,LAC,SAC,96,123,140.0,-160.0,3.5,0,0.5248183567211477,0.5349117520421961,0.5147249614000993,0.647045207106898,0.3991225517760463,0.3816878509294548
2022-12-03,2022-23,CHA,MIL,96,105,105.0,-125.0,1.5,0,0.42358480531630005,0.4264074559802116,0.42076215465238853,0.4507199910567295,0.4654137725671177,0.4492105947756774
2022-12-03,2022-23,TOR,ORL,121,108,-600.0,450.0,-11.5,1,0.804172222081382,0.8060008383346118,0.8023436058281521,0.8411715541599621,0.8449082316736235,0.8329362310205675
2022-12-03,2022-23,MIN,OKC,128,135,-210.0,180.0,-5.5,0,0.6965556427211236,0.6938239181999624,0.6992873672422848,0.7646951342944422,0.662831359828004,0.6837356127682949
2022-12-03,2022-23,GSW,HOU,120,101,-600.0,450.0,-11.5,1,0.8656400060501132,0.8569722219044161,0.8743077901958102,0.8752236346177081,0.8449082316736235,0.8329362310205675
2022-12-04,2022-23,POR,IND,116,100,-200.0,175.0,-5.0,1,0.5125531135190871,0.5031626926762748,0.5219435343618994,0.5931901678230708,0.6537231647740015,0.6684893183469965
2022-12-04,2022-23,NYK,CLE,92,81,125.0,-145.0,2.5,1,0.4250447252517644,0.37376874224666523,0.4763207082568636,0.5116426973802856,0.4250230670447525,0.41505045389637707
2022-12-04,2022-23,BKN,BOS,92,103,110.0,-130.0,2.5,0,0.38102997565390695,0.3701489277659488,0.39191102354186513,0.4436870698822573,0.4545972645555742,0.41505045389637707
2022-12-04,2022-23,WAS,LAL,119,130,-135.0,115.0,-2.0,0,0.5363810001986906,0.5599849030725866,0.5127770973247947,0.6428996757846309,0.5557172524365818,0.5704202656032762
2022-12-04,2022-23,SAS,PHX,95,133,375.0,-450.0,10.0,0,0.2352864796679558,0.22497154567793543,0.24560141365797616,0.2941830048503645,0.191654661658251,0.19978935629055913
2022-12-04,2022-23,SAC,CHI,110,101,-150.0,130.0,-3.0,1,0.6253206347672995,0.610245367803135,0.6403959017314639,0.6827867760488537,0.5839826350363595,0.6041604400628688
2022-12-04,2022-23,NOP,DEN,121,106,-130.0,110.0,-1.5,1,0.6200080379432719,0.6186535819071286,0.6213624939794151,0.704843958114537,0.5454027354444257,0.5532803541656142
2022-12-04,2022-23,DET,MEM,112,122,210.0,-250.0,7.0,0,0.3339202007118942,0.3213725289304515,0.3464678724933369,0.3340952736538512,0.3005701048771581,0.2749169702416817
2022-12-05,2022-23,GSW,IND,104,112,-700.0,500.0,-12.0,0,0.8089757869518723,0.8376824641708298,0.780269109732915,0.8247226519083695,0.8625306598157729,0.8424025365094192
2022-12-05,2022-23,MEM,MIA,101,93,180.0,-210.0,5.0,1,0.5825310098820019,0.5396375197575832,0.6254245000064206,0.6674088250475855,0.3371686401719961,0.3337467294155119
2022-12-05,2022-23,HOU,PHI,132,123,270.0,-330.0,8.0,1,0.28888416568099623,0.27448903405213015,0.3032792973098623,0.3453361323567494,0.2466356330841441,0.2480421029872373
2022-12-05,2022-23,DAL,PHX,130,111,-150.0,130.0,-3.0,1,0.5192961208031608,0.5382146997640362,0.5003775418422852,0.5547039556518204,0.5839826350363595,0.6041604400628688
2022-12-05,2022-23,TOR,BOS,110,116,-120.0,100.0,-1.5,0,0.4535315009296602,0.39172292556685995,0.5153400762924605,0.419988810485377,0.5232290461518811,0.5532803541656142
2022-12-05,2022-23,CHA,LAC,117,119,200.0,-240.0,6.0,0,0.4981983192553663,0.5087045633343047,0.48769207517642793,0.5972441187997881,0.3101015402784747,0.30352831029681354
2022-12-05,2022-23,ORL,MIL,102,109,425.0,-550.0,10.5,0,0.24466554574755062,0.2476938986863982,0.24163719280870302,0.2939912674786626,0.1656613386404757,0.18888924117694963
2022-12-05,2022-23,ATL,OKC,114,121,-240.0,200.0,-6.5,0,0.7199813179689161,0.716292440110694,0.723670195827138,0.7815817566615627,0.6898984597215254,0.7130528657723422
2022-12-06,2022-23,CLE,LAL,116,102,-215.0,185.0,-6.0,1,0.6752951306754569,0.6769911556320735,0.6735991057188402,0.7447542646724348,0.6685259817213243,0.6985968682539574
2022-12-06,2022-23,MIA,DET,96,116,-300.0,250.0,-7.5,0,0.7493003259489326,0.750784341780532,0.7478163101173333,0.8524405481105458,0.7363103777053058,0.7406831670688772
2022-12-06,2022-23,DEN,DAL,115,116,-185.0,165.0,-4.0,0,0.595544785177769,0.5957602613703108,0.5953293089852272,0.586733182725386,0.63759140481802,0.6369372830124617
2022-12-07,2022-23,NOP,DET,104,98,-550.0,425.0,-11.0,1,0.8329530558092509,0.8485676590002639,0.817338452618238,0.8622670980231371,0.8343386613595238,0.8230207768240712
2022-12-07,2022-23,PHX,BOS,98,125,-130.0,110.0,-2.0,0,0.48254675440577843,0.43756889830898626,0.5275246105025706,0.5281426632819384,0.5454027354444257,0.5704202656032762
2022-12-07,2022-23,UTA,GSW,124,123,-210.0,180.0,-5.5,1,0.505632093445147,0.4833172957343413,0.5279468911559528,0.5595494820943065,0.662831359828004,0.6837356127682949
2022-12-07,2022-23,CHI,WAS,115,111,-200.0,175.0,-5.0,1,0.5783532537921392,0.5833879339628215,0.5733185736214568,0.6741562352606318,0.6537231647740015,0.6684893183469965
2022-12-07,2022-23,MIL,SAC,126,113,-250.0,210.0,-6.5,1,0.6205408535452697,0.6234026337297415,0.6176790733607979,0.7261121204871728,0.6994298951228424,0.7130528657723422
2022-12-07,2022-23,MEM,OKC,123,102,-350.0,290.0,-8.5,1,0.7310277089456669,0.7399579813221238,0.7220974365692102,0.8160706644704085,0.7652217439493267,0.7665240746293874
2022-12-07,2022-23,BKN,CHA,122,116,-450.0,375.0,-10.0,1,0.7293272412456314,0.7136666063400435,0.7449878761512193,0.7588853541978029,0.808345338341749,0.8018161674873022
2022-12-07,2022-23,NYK,ATL,113,89,-140.0,120.0,-2.5,1,0.5098689805290293,0.49709557474956056,0.5226423863084979,0.5952820664709473,0.5655647487838321,0.5873929722941529
2022-12-07,2022-23,TOR,LAL,126,113,-750.0,525.0,-12.5,1,0.6935791608660671,0.7063400797125069,0.6808182420196272,0.7094230859911665,0.8699506797724654,0.8514281304931971
2022-12-07,2022-23,ORL,LAC,116,111,210.0,-250.0,6.5,1,0.38342711679871616,0.36541447095145396,0.40143976264597836,0.4380192164175487,0.3005701048771581,0.2890125525275827
2022-12-07,2022-23,MIN,IND,121,115,-190.0,170.0,-5.0,1,0.6771246842261505,0.6676376898973483,0.6866116785549528,0.6987256793678193,0.6441282024937907,0.6684893183469965
2022-12-08,2022-23,MIA,LAC,115,110,-250.0,210.0,-6.5,1,0.6625300275209538,0.6762697266270127,0.6487903284148948,0.7175170478014009,0.6994298951228424,0.7130528657723422
2022-12-08,2022-23,SAS,HOU,118,109,110.0,-130.0,2.0,1,0.5210305795511037,0.5366084930450213,0.505452666057186,0.6096980180101143,0.4545972645555742,0.43204974195328455
2022-12-08,2022-23,POR,DEN,120,121,110.0,-130.0,2.0,0,0.4056491273455072,0.3601364675491855,0.4511617871418289,0.4790742486245336,0.4545972645555742,0.43204974195328455
2022-12-09,2022-23,IND,WAS,121,111,-165.0,145.0,-4.0,1,0.521424237642286,0.5300957024549323,0.5127527728296396,0.6396409119400961,0.608812566039061,0.6369372830124617
2022-12-09,2022-23,UTA,MIN,108,118,-110.0,-110.0,-0.0,0,0.6134908913393903,0.6041616228929129,0.6228201597858677,0.6776585722913677,0.5,0.5012591113806545
2022-12-09,2022-23,NOP,PHX,128,117,105.0,-125.0,1.5,1,0.5888827254533113,0.6062034917933127,0.57156195911331,0.6623869337534539,0.4654137725671177,0.4492105947756774
2022-12-09,2022-23,MEM,DET,114,103,-550.0,425.0,-11.0,1,0.7648878961018013,0.7798388399693513,0.7499369522342512,0.8573119614801099,0.8343386613595238,0.8230207768240712
2022-12-09,2022-23,BKN,ATL,120,116,-280.0,240.0,-7.0,1,0.6348171134602967,0.6356304594620945,0.6340037674584988,0.6693613706475577,0.7247510069457442,0.727086381207308
2022-12-09,2022-23,ORL,TOR,113,109,290.0,-350.0,8.5,1,0.32046351249444205,0.3095100918523342,0.33141693313654985,0.3698463781808741,0.2347782560506988,0.23528346065663988
2022-12-09,2022-23,CLE,SAC,95,106,-160.0,140.0,-3.5,0,0.6424391951952653,0.6403148958267618,0.6445634945637687,0.7072643299888387,0.6008774482239536,0.6206865291604615
2022-12-09,2022-23,DAL,MIL,105,106,-115.0,-105.0,-1.0,0,0.6030193862655264,0.583937061210971,0.622101711320082,0.6233166031490263,0.5116044544982119,0.5360128414112495
2022-12-09,2022-23,CHA,NYK,102,121,155.0,-175.0,4.0,0,0.47267362604194246,0.4622481971761665,0.48309905490771843,0.5265129612632866,0.376240667120052,0.3653952573222735
2022-12-09,2022-23,PHI,LAL,133,122,-200.0,175.0,-5.0,1,0.7312363209632842,0.708679284241192,0.7537933576853763,0.7483755433253435,0.6537231647740015,0.6684893183469965
2022-12-10,2022-23,DEN,UTA,115,110,-600.0,450.0,-11.5,1,0.6540019974424987,0.6936457113788022,0.614358283506195,0.6718961960054128,0.8449082316736235,0.8329362310205675
2022-12-10,2022-23,GSW,BOS,123,107,115.0,-135.0,2.5,1,0.38373904931953917,0.3771177217317073,0.39036037690737097,0.4539728102380648,0.4442827475634181,0.41505045389637707
2022-12-10,2022-23,POR,MIN,124,118,-210.0,180.0,-5.5,1,0.5260525848416759,0.5014148229283408,0.5506903467550109,0.5045333790509027,0.662831359828004,0.6837356127682949
2022-12-10,2022-23,CHI,DAL,144,115,-200.0,175.0,-5.0,1,0.506434047863137,0.487671596739512,0.5251964989867619,0.5008581613426429,0.6537231647740015,0.6684893183469965
2022-12-10,2022-23,CLE,OKC,110,102,-190.0,170.0,-4.5,1,0.7188509675579076,0.7164856073779702,0.721216327737845,0.7835340085917594,0.6441282024937907,0.6528811761685757
2022-12-10,2022-23,WAS,LAC,107,114,175.0,-200.0,5.0,0,0.5275244308742009,0.5296563928795777,0.5253924688688242,0.6096596818139683,0.3462768352259985,0.3337467294155119
2022-12-10,2022-23,IND,BKN,133,136,-330.0,270.0,-8.5,0,0.45093420423957775,0.43668422269394785,0.4651841857852076,0.5222185968502664,0.7533643669158683,0.7665240746293874
2022-12-10,2022-23,MIA,SAS,111,115,-700.0,500.0,-12.0,0,0.7656753841440439,0.77067289232665,0.7606778759614378,0.828120270955178,0.8625306598157729,0.8424025365094192
2022-12-11,2022-23,ATL,CHI,123,122,-160.0,140.0,-3.5,1,0.6088218355055286,0.6228759087684455,0.5947677622426116,0.6446445240768314,0.6008774482239536,0.6206865291604615
2022-12-11,2022-23,DET,LAL,117,124,175.0,-200.0,5.0,0,0.4901290338684936,0.4971590128292688,0.48309905490771843,0.5377327659073469,0.3462768352259985,0.3337467294155119
2022-12-11,2022-23,PHI,CHA,131,113,-500.0,400.0,-10.5,1,0.7615184243185009,0.7758284912439055,0.7472083573930962,0.8046605673269627,0.8222655105048283,0.8126491965359115
2022-12-11,2022-23,HOU,MIL,97,92,375.0,-450.0,10.0,1,0.28015090755558125,0.25576311691006753,0.30453869820109497,0.3114770110077832,0.191654661658251,0.19978935629055913
2022-12-11,2022-23,NYK,SAC,112,99,-140.0,120.0,-2.5,1,0.5908503520552397,0.5481802347293219,0.6335204693811577,0.6310622315968926,0.5655647487838321,0.5873929722941529
2022-12-11,2022-23,NOP,PHX,129,124,-165.0,145.0,-3.5,1,0.6066525101598801,0.6202637385327198,0.5930412817870405,0.6810054288790577,0.608812566039061,0.6206865291604615
2022-12-11,2022-23,ORL,TOR,111,99,210.0,-250.0,6.5,1,0.3496597841694976,0.3459825619395615,0.3533370063994337,0.3954646120747342,0.3005701048771581,0.2890125525275827
2022-12-12,2022-23,IND,MIA,82,87,135.0,-155.0,3.5,0,0.46944141477887863,0.45272167222034976,0.4861611573374075,0.5420345811951943,0.4073918645396744,0.3816878509294548
2022-12-12,2022-23,WAS,BKN,100,112,175.0,-200.0,6.0,0,0.39912319265159435,0.38173481056737546,0.4165115747358132,0.4788020635149307,0.3462768352259985,0.30352831029681354
2022-12-12,2022-23,MEM,ATL,128,103,-420.0,350.0,-9.5,1,0.7423710038549725,0.733825836317768,0.750916171392177,0.7506302743250416,0.7972454857008152,0.790518217596245
2022-12-12,2022-23,SAS,CLE,112,111,340.0,-410.0,9.5,1,0.32632829731192214,0.3156497586555282,0.33700683596831615,0.3785011995539358,0.2070430225444016,0.21115472978709024
2022-12-12,2022-23,DAL,OKC,121,114,-350.0,290.0,-8.5,1,0.7537673677507986,0.7661879890426603,0.741346746458937,0.7913010154087968,0.7652217439493267,0.7665240746293874
2022-12-12,2022-23,POR,MIN,133,112,-170.0,150.0,-4.0,1,0.490130664195065,0.4644499339371871,0.5158113944529429,0.5284099743558335,0.6164336734549818,0.6369372830124617
2022-12-12,2022-23,LAC,BOS,113,93,155.0,-175.0,4.0,1,0.2422892455416237,0.2433253548133665,0.2412531362698809,0.3279898187601348,0.376240667120052,0.3653952573222735
2022-12-13,2022-23,LAL,BOS,118,122,150.0,-170.0,4.0,0,0.3592217002829129,0.3571760850748282,0.36126731549099766,0.3569744358767952,0.3835663265450182,0.3653952573222735
2022-12-13,2022-23,UTA,NOP,121,100,110.0,-130.0,2.0,1,0.4250404111931224,0.40341430662223926,0.44666651576400557,0.485455127962345,0.4545972645555742,0.43204974195328455
2022-12-13,2022-23,HOU,PHX,111,97,200.0,-240.0,6.5,1,0.29641102175738393,0.2919146788933723,0.30090736462139556,0.3544801130880758,0.3101015402784747,0.2890125525275827
2022-12-13,2022-23,MIL,GSW,128,111,-145.0,125.0,-3.0,1,0.5310078505589517,0.5359007393976177,0.5261149617202858,0.629780358626871,0.5749769329552475,0.6041604400628688
2022-12-13,2022-23,PHI,SAC,123,103,-165.0,145.0,-4.0,1,0.6620151473041818,0.662480408046326,0.6615498865620375,0.6921963435488795,0.608812566039061,0.6369372830124617
2022-12-14,2022-23,LAC,MIN,99,88,-265.0,225.0,-7.0,1,0.5456245384263105,0.5520129400672419,0.5392361367853792,0.6508105704541566,0.7126574447290995,0.727086381207308
2022-12-14,2022-23,DEN,WAS,141,128,-650.0,475.0,-11.5,1,0.7498579535731069,0.7505589893129389,0.749156917833275,0.7862793301339835,0.8542372382782516,0.8329362310205675
2022-12-14,2022-23,SAS,POR,112,128,260.0,-310.0,7.5,0,0.4507778791924412,0.44269895594782044,0.458856802437062,0.5455591359935287,0.256769890260389,0.26125623891201216
2022-12-14,2022-23,OKC,MIA,108,110,120.0,-140.0,2.5,0,0.4475217625429268,0.4011880362722904,0.4938554888135632,0.4946752659317996,0.434435251216168,0.41505045389637707
2022-12-14,2022-23,DAL,CLE,90,105,-140.0,120.0,-2.5,0,0.6033182780333175,0.6238293424577595,0.5828072136088757,0.6532000621379198,0.5655647487838321,0.5873929722941529
2022-12-14,2022-23,TOR,SAC,123,124,-200.0,175.0,-5.0,0,0.6230875246631642,0.6236099996007413,0.6225650497255872,0.6315838868037529,0.6537231647740015,0.6684893183469965
2022-12-14,2022-23,CHA,DET,134,141,-185.0,165.0,-4.5,0,0.5641642022530797,0.5763326194654617,0.5519957850406978,0.6797039612391568,0.63759140481802,0.6528811761685757
2022-12-14,2022-23,ORL,ATL,135,124,125.0,-145.0,3.0,1,0.4114954257739265,0.3789968950845625,0.44399395646329054,0.4487468141207646,0.4250230670447525,0.3982510126981278
2022-12-14,2022-23,IND,GSW,125,119,100.0,-120.0,1.5,1,0.42852269167971757,0.38343241781346077,0.4736129655459744,0.4333109074586924,0.4767709538481187,0.4492105947756774
2022-12-14,2022-23,CHI,NYK,120,128,-155.0,135.0,-3.5,0,0.5169687998744514,0.5328014920708031,0.5011361076780998,0.5950429494014872,0.5926081354603255,0.6206865291604615
2022-12-15,2022-23,MEM,MIL,142,101,-145.0,125.0,-3.5,1,0.5799307906202856,0.5855347047730218,0.5743268764675494,0.6518771156296196,0.5749769329552475,0.6206865291604615
2022-12-15,2022-23,HOU,MIA,108,111,135.0,-155.0,3.0,0,0.49089025483323157,0.4506491635663966,0.5311313461000665,0.4515522281768609,0.4073918645396744,0.3982510126981278
2022-12-15,2022-23,UTA,NOP,132,129,100.0,-120.0,1.5,1,0.5004208693653742,0.4823793063431585,0.51846243238759,0.540409690388852,0.4767709538481187,0.4492105947756774
2022-12-15,2022-23,LAC,PHX,95,111,200.0,-240.0,6.5,0,0.45383366525876373,0.44021303745061124,0.4674542930669162,0.5642609640569156,0.3101015402784747,0.2890125525275827
2022-12-16,2022-23,OKC,MIN,110,112,-175.0,155.0,-4.5,0,0.4788081959144934,0.456277341611881,0.5013390502171058,0.5506884276441679,0.6237593328799479,0.6528811761685757
2022-12-16,2022-23,LAL,DEN,126,108,110.0,-130.0,2.0,1,0.4477752821585207,0.3827134979982109,0.5128370663188305,0.5194144520156669,0.4545972645555742,0.43204974195328455
2022-12-16,2022-23,CHI,NYK,91,114,-140.0,120.0,-2.5,0,0.5038548748296521,0.5065736419812042,0.5011361076780998,0.5655374732128219,0.5655647487838321,0.5873929722941529
2022-12-16,2022-23,PHI,GSW,118,106,-380.0,320.0,-8.5,1,0.5530370845976391,0.5643587387327922,0.5417154304624859,0.6344069973672595,0.7809784267740079,0.7665240746293874
2022-12-16,2022-23,DAL,POR,130,110,-180.0,160.0,-4.0,1,0.6505017886399538,0.6680253483341478,0.6329782289457596,0.7423152129890033,0.6308066475528518,0.6369372830124617
2022-12-16,2022-23,TOR,BKN,116,119,100.0,-120.0,1.0,0,0.4702478063590173,0.4464271127995284,0.49406849991850627,0.5683116351627653,0.4767709538481187,0.46649321075541333
2022-12-16,2022-23,BOS,ORL,109,117,-1000.0,650.0,-13.0,0,0.8772588350061397,0.8698522687484149,0.8846654012638644,0.906188675493542,0.8977486451172207,0.8600227189744314
2022-12-16,2022-23,CHA,ATL,106,125,-140.0,120.0,-2.5,0,0.45570284411992257,0.4371521765543057,0.47425351168553936,0.5108282463888525,0.5655647487838321,0.5873929722941529
2022-12-16,2022-23,CLE,IND,118,112,-300.0,250.0,-8.0,1,0.7053793916606259,0.7154172414444558,0.6953415418767961,0.7773133030976719,0.7363103777053058,0.75383189663827
2022-12-16,2022-23,DET,SAC,113,122,200.0,-240.0,6.0,0,0.4120570390476963,0.41509148560018577,0.4090225924952069,0.4567896009364827,0.3101015402784747,0.30352831029681354
2022-12-17,2022-23,MIL,UTA,123,97,-125.0,105.0,-1.5,1,0.6034764646434672,0.6104205952663107,0.5965323340206237,0.6993453962766818,0.5345862274328822,0.5532803541656142
2022-12-17,2022-23,OKC,MEM,115,109,425.0,-550.0,11.0,1,0.24216230976495967,0.22847541307341748,0.25584920645650183,0.3380387458476881,0.1656613386404757,0.17845119618871869
2022-12-17,2022-23,CLE,DAL,100,99,-350.0,290.0,-8.5,1,0.5713892758796416,0.594081040037096,0.5486975117221872,0.6670491443074674,0.7652217439493267,0.7665240746293874
2022-12-17,2022-23,PHX,NOP,118,114,-150.0,130.0,-3.0,1,0.5300250681069021,0.5518793603808444,0.5081707758329597,0.6123490525709256,0.5839826350363595,0.6041604400628688
2022-12-17,2022-23,SAS,MIA,101,111,270.0,-330.0,8.0,0,0.39752898656161684,0.3516633562598939,0.4433946168633398,0.3955447926436987,0.2466356330841441,0.2480421029872373
2022-12-17,2022-23,LAC,WAS,102,93,-200.0,175.0,-5.0,1,0.6018336516318827,0.6251326426395342,0.5785346606242312,0.7346895971823316,0.6537231647740015,0.6684893183469965
2022-12-17,2022-23,HOU,POR,95,107,130.0,-150.0,3.0,0,0.5194535998941019,0.5058799355760191,0.5330272642121848,0.5592158395125075,0.4160173649636405,0.3982510126981278
2022-12-18,2022-23,BOS,ORL,92,95,-550.0,425.0,-10.5,0,0.8483155490686561,0.8325581829833001,0.8640729151540122,0.8829077005120567,0.8343386613595238,0.8126491965359115
2022-12-18,2022-23,IND,NYK,106,109,-110.0,-110.0,-1.0,0,0.40536792763955964,0.4030194957544267,0.40771635952469265,0.4760549585462851,0.5,0.5360128414112495
2022-12-18,2022-23,DET,BKN,121,124,290.0,-350.0,8.0,0,0.3282866770184912,0.3114857146751122,0.34508763936187015,0.3869101541072462,0.2347782560506988,0.2480421029872373
2022-12-18,2022-23,TOR,GSW,110,126,-220.0,190.0,-6.0,0,0.4503892845926144,0.4434733030904186,0.4573052660948102,0.5379631203990499,0.6740282405333864,0.6985968682539574
2022-12-18,2022-23,MIN,CHI,150,126,110.0,-130.0,1.5,1,0.5608711767219954,0.5758281912599954,0.5459141621839952,0.6619082540747522,0.4545972645555742,0.4492105947756774
2022-12-18,2022-23,DEN,CHA,119,115,-380.0,320.0,-9.0,1,0.7768005991594412,0.7902466874244413,0.7633545108944412,0.8116503609685948,0.7809784267740079,0.7787539188531114
2022-12-18,2022-23,LAL,WAS,119,117,-150.0,130.0,-3.5,1,0.7043549463691439,0.7085286149115884,0.7001812778266993,0.7267111379511763,0.5839826350363595,0.6206865291604615
2022-12-19,2022-23,HOU,SAS,105,124,-185.0,165.0,-4.5,0,0.5529117017833767,0.5609473090823432,0.5448760944844102,0.6732090174627843,0.63759140481802,0.6528811761685757
2022-12-19,2022-23,SAC,CHA,119,125,-500.0,400.0,-10.0,0,0.773512507676039,0.7883215455663597,0.7587034697857181,0.806577688375058,0.8222655105048283,0.8018161674873022
2022-12-19,2022-23,PHX,LAL,130,104,-600.0,450.0,-11.0,1,0.7514021284656334,0.7496413413122496,0.7531629156190172,0.7596244176248743,0.8449082316736235,0.8230207768240712
2022-12-19,2022-23,NOP,MIL,119,128,-110.0,-110.0,-0.0,0,0.5777509793901263,0.5838175129148734,0.5716844458653793,0.6372618166626478,0.5,0.5012591113806545
2022-12-19,2022-23,ATL,ORL,126,125,-350.0,290.0,-8.5,1,0.7457432174525254,0.7494721451127933,0.7420142897922574,0.7487287063203764,0.7652217439493267,0.7665240746293874
2022-12-19,2022-23,MIN,DAL,116,106,180.0,-210.0,5.5,1,0.47560274774111555,0.4650443381448236,0.4861611573374075,0.5747191639866542,0.3371686401719961,0.31844658639079165
2022-12-19,2022-23,PHI,TOR,104,101,-265.0,225.0,-6.5,1,0.7630910439362637,0.7772583783591219,0.7489237095134055,0.7604580578158548,0.7126574447290995,0.7130528657723422
2022-12-19,2022-23,CLE,UTA,122,99,-250.0,210.0,-7.0,1,0.623197352634371,0.642390169718546,0.6040045355501961,0.7024907615388403,0.6994298951228424,0.727086381207308
2022-12-19,2022-23,OKC,POR,123,121,150.0,-170.0,4.0,1,0.4690108645444667,0.4572374042051499,0.4807843248837836,0.5883439415704121,0.3835663265450182,0.3653952573222735
2022-12-20,2022-23,DET,UTA,111,126,120.0,-140.0,2.0,0,0.4851229914136596,0.48194251952791306,0.48830346329940616,0.445504158978622,0.434435251216168,0.43204974195328455
2022-12-20,2022-23,NYK,GSW,132,94,-220.0,190.0,-6.5,1,0.5197738119148207,0.5411419581962525,0.498405665633389,0.6211104801301874,0.6740282405333864,0.7130528657723422
2022-12-20,2022-23,MIA,CHI,103,113,-120.0,100.0,-1.5,0,0.6563892091648753,0.6669370926124218,0.6458413257173288,0.742218549353447,0.5232290461518811,0.5532803541656142
2022-12-20,2022-23,PHX,WAS,110,113,-290.0,245.0,-7.5,0,0.7722839033357496,0.7619331649438591,0.7826346417276401,0.8364844782190652,0.7306509690077064,0.7406831670688772
2022-12-20,2022-23,DEN,MEM,105,91,105.0,-125.0,1.5,1,0.5109483453309002,0.49742915567551355,0.5244675349862868,0.5271111890425757,0.4654137725671177,0.4492105947756774
2022-12-21,2022-23,HOU,ORL,110,116,-110.0,-110.0,-1.0,0,0.49190130265497334,0.46288177378661005,0.5209208315233367,0.5669173369341587,0.5,0.5360128414112495
2022-12-21,2022-23,MIN,DAL,99,104,110.0,-130.0,2.5,0,0.5063410754165245,0.5265209934956414,0.4861611573374075,0.6003164398197981,0.4545972645555742,0.41505045389637707
2022-12-21,2022-23,OKC,POR,101,98,145.0,-165.0,3.5,1,0.46368135208204886,0.4611017113611749,0.4662609928029228,0.5997342471289017,0.391187433960939,0.3816878509294548
2022-12-21,2022-23,NYK,TOR,106,113,-130.0,110.0,-2.0,0,0.6899774752708769,0.6693378020721541,0.7106171484695999,0.7705222390018327,0.5454027354444257,0.5704202656032762
2022-12-21,2022-23,CLE,MIL,114,106,-140.0,120.0,-2.5,1,0.5337068009700354,0.5464461680904019,0.5209674338496688,0.6099985452805956,0.5655647487838321,0.5873929722941529
2022-12-21,2022-23,ATL,CHI,108,110,-200.0,175.0,-5.0,0,0.6706033659611259,0.6658225133777315,0.6753842185445202,0.6783463813459745,0.6537231647740015,0.6684893183469965
2022-12-21,2022-23,BOS,IND,112,117,-450.0,375.0,-9.5,0,0.7586580904131215,0.7673792285919917,0.7499369522342512,0.8464510368440693,0.808345338341749,0.790518217596245
2022-12-21,2022-23,PHI,DET,113,93,-700.0,500.0,-12.0,1,0.8457166381773225,0.8506056277549076,0.8408276485997372,0.8625043030408112,0.8625306598157729,0.8424025365094192
2022-12-21,2022-23,SAC,LAL,134,120,-310.0,260.0,-8.0,1,0.6338685628518529,0.6145240494910548,0.653213076212651,0.6904334450293959,0.7432301097396163,0.75383189663827
2022-12-21,2022-23,BKN,GSW,143,113,-550.0,425.0,-10.5,1,0.6421855400811736,0.6707990378292547,0.6135720423330925,0.6404572782849343,0.8343386613595238,0.8126491965359115
2022-12-21,2022-23,LAC,CHA,126,105,-350.0,290.0,-9.0,1,0.6850992520337986,0.6688578302954946,0.7013406737721025,0.7633638521253855,0.7652217439493267,0.7787539188531114
2022-12-22,2022-23,UTA,WAS,120,112,-260.0,220.0,-7.0,1,0.714326604606105,0.6967073496485008,0.7319458595637093,0.7675239539651503,0.7083820436191438,0.727086381207308
2022-12-22,2022-23,NOP,SAS,126,117,-350.0,290.0,-8.5,1,0.7876232176974192,0.791061765258043,0.7841846701367953,0.8516960668618139,0.7652217439493267,0.7665240746293874
2022-12-23,2022-23,LAL,CHA,130,134,-150.0,130.0,-3.0,0,0.6771662309983856,0.660685837616972,0.6936466243797992,0.7382160231309622,0.5839826350363595,0.6041604400628688
2022-12-23,2022-23,PHX,MEM,100,125,130.0,-150.0,3.0,0,0.5198283455314336,0.5314859152299075,0.5081707758329597,0.606145727340856,0.4160173649636405,0.3982510126981278
2022-12-23,2022-23,SAC,WAS,111,125,-330.0,270.0,-7.5,0,0.7543600386478995,0.7593235123275115,0.7493965649682874,0.766110124991781,0.7533643669158683,0.7406831670688772
2022-12-23,2022-23,OKC,NOP,125,128,-120.0,100.0,-1.5,0,0.4337501103765845,0.4138331934492088,0.45366702730396025,0.4312664688276834,0.5232290461518811,0.5532803541656142
2022-12-23,2022-23,HOU,DAL,106,112,220.0,-260.0,7.0,0,0.3294762406658248,0.2780981408227142,0.38085434050893546,0.3635481593708515,0.2916179563808568,0.2749169702416817
2022-12-23,2022-23,MIA,IND,108,111,-245.0,205.0,-6.0,0,0.6404808487619136,0.6505189434568822,0.630442754066945,0.7254429743599459,0.6947401200191933,0.6985968682539574
2022-12-23,2022-23,DEN,POR,120,107,-200.0,175.0,-5.5,1,0.6760728329638801,0.6666503247034018,0.6854953412243584,0.7539934501996385,0.6537231647740015,0.6837356127682949
2022-12-23,2022-23,NYK,CHI,117,118,-230.0,195.0,-6.0,0,0.6672736268148453,0.6605955989537144,0.6739516546759761,0.7524827748866764,0.6821543804602389,0.6985968682539574
2022-12-23,2022-23,CLE,TOR,107,118,-190.0,170.0,-4.5,0,0.6866294130929981,0.6782491189482314,0.6950097072377648,0.7580624157262191,0.6441282024937907,0.6528811761685757
2022-12-23,2022-23,BOS,MIN,121,109,-450.0,375.0,-9.5,1,0.6685003366642295,0.6576392301983691,0.6793614431300897,0.7842527514843424,0.808345338341749,0.790518217596245
2022-12-23,2022-23,BKN,MIL,118,100,-140.0,120.0,-2.0,1,0.5786160185952021,0.6080142478615228,0.5492177893288812,0.6134127430387966,0.5655647487838321,0.5704202656032762
2022-12-23,2022-23,PHI,LAC,119,114,-170.0,150.0,-4.0,1,0.7062557197661321,0.705737383339421,0.7067740561928433,0.7437062504719604,0.6164336734549818,0.6369372830124617
2022-12-23,2022-23,ORL,SAS,133,113,-230.0,195.0,-6.0,1,0.6929830452463026,0.688531434562424,0.6974346559301813,0.698810618489398,0.6821543804602389,0.6985968682539574
2022-12-23,2022-23,ATL,DET,130,105,-420.0,350.0,-9.5,1,0.7186486959048908,0.7278274081698817,0.7094699836399,0.7959165218235525,0.7972454857008152,0.790518217596245
2022-12-25,2022-23,NYK,PHI,112,119,105.0,-125.0,2.0,0,0.5458769007479876,0.530547803459475,0.5612059980365,0.6087298247045597,0.4654137725671177,0.43204974195328455
2022-12-25,2022-23,DAL,LAL,124,115,-310.0,260.0,-7.5,1,0.6988961552934302,0.694247718499322,0.7035445920875384,0.7563149156804686,0.7432301097396163,0.7406831670688772
2022-12-25,2022-23,BOS,MIL,139,118,-220.0,190.0,-5.5,1,0.6117604011315612,0.6041186400787639,0.6194021621843583,0.6943428553984915,0.6740282405333864,0.6837356127682949
2022-12-25,2022-23,GSW,MEM,123,109,230.0,-270.0,7.0,1,0.48801805814895083,0.4627948587657471,0.5132412575321545,0.5296912520965049,0.283192915216782,0.2749169702416817
2022-12-25,2022-23,DEN,PHX,128,125,-170.0,150.0,-4.0,1,0.6055969259528997,0.6093880951408415,0.6018057567649581,0.637896576318129,0.6164336734549818,0.6369372830124617
2022-12-26,2022-23,SAS,UTA,126,122,165.0,-185.0,4.5,1,0.35767603248905955,0.3779885477004687,0.3373635172776504,0.4075563843529289,0.3624085951819801,0.3494051226951947
2022-12-26,2022-23,POR,CHA,124,113,-210.0,180.0,-5.5,1,0.68147891543322,0.6740094974865742,0.6889483333798658,0.7083105809782425,0.662831359828004,0.6837356127682949
2022-12-26,2022-23,NOP,IND,113,93,-130.0,110.0,-2.0,1,0.7071361839996152,0.7145961700913042,0.6996761979079262,0.7809250389693311,0.5454027354444257,0.5704202656032762
2022-12-26,2022-23,CHI,HOU,118,133,-270.0,230.0,-7.0,0,0.7653999738108732,0.7835915902286502,0.7472083573930962,0.8025548135136018,0.716807084783219,0.727086381207308
2022-12-26,2022-23,MIA,MIN,113,110,-125.0,105.0,-1.0,1,0.5585690097152612,0.5795250824397069,0.5376129369908156,0.6670434609723798,0.5345862274328822,0.5360128414112495
2022-12-26,2022-23,DET,LAC,131,142,190.0,-220.0,6.0,0,0.39962956099054975,0.3905641954972496,0.4086949264838499,0.435221299809418,0.3259717594666138,0.30352831029681354
2022-12-26,2022-23,CLE,BKN,117,125,-130.0,110.0,-2.0,0,0.4860107269355341,0.5029556654262252,0.46906578844484303,0.6156427305489518,0.5454027354444257,0.5704202656032762
2022-12-27,2022-23,GSW,CHA,110,105,-190.0,170.0,-5.0,1,0.7951017713716038,0.8129001173883371,0.7773034253548705,0.8271242671458242,0.6441282024937907,0.6684893183469965
2022-12-27,2022-23,SAC,DEN,106,113,135.0,-155.0,3.0,0,0.48427802970082,0.45353847128006847,0.5150175881215715,0.5564862603555898,0.4073918645396744,0.3982510126981278
2022-12-27,2022-23,OKC,SAS,130,114,-280.0,240.0,-7.0,1,0.6514681139327727,0.6611143395145282,0.6418218883510173,0.7118685915805744,0.7247510069457442,0.727086381207308
2022-12-27,2022-23,MEM,PHX,108,125,-310.0,260.0,-8.0,0,0.6546831807424416,0.6608357253276674,0.6485306361572156,0.7173680254985653,0.7432301097396163,0.75383189663827
2022-12-27,2022-23,DAL,NYK,126,121,-210.0,180.0,-5.5,1,0.5270537311521637,0.5413507581284889,0.5127567041758384,0.6371820641214108,0.662831359828004,0.6837356127682949
2022-12-27,2022-23,IND,ATL,129,114,105.0,-125.0,1.5,1,0.4968000804281171,0.49246405317813435,0.5011361076780998,0.5770587075772974,0.4654137725671177,0.4492105947756774
2022-12-27,2022-23,BOS,HOU,126,102,-1500.0,850.0,-15.0,1,0.8799423005718198,0.8740907721479095,0.88579382899573,0.8941388539521534,0.9275234647382288,0.8903194467136929
2022-12-27,2022-23,WAS,PHI,116,111,170.0,-190.0,4.5,1,0.35558663637457766,0.3216908492788284,0.38948242347032697,0.405496068871858,0.3558717975062095,0.3494051226951947
2022-12-27,2022-23,ORL,LAL,110,129,-150.0,130.0,-3.0,0,0.5445146945106749,0.5497366094805162,0.5392927795408338,0.611182662751422,0.5839826350363595,0.6041604400628688
2022-12-27,2022-23,TOR,LAC,113,124,-170.0,150.0,-4.0,0,0.6280454166200145,0.6652861667060549,0.5908046665339741,0.6436771698448355,0.6164336734549818,0.6369372830124617
2022-12-28,2022-23,SAC,DEN,127,126,-150.0,130.0,-3.0,1,0.48835617290300437,0.47440493629116176,0.502307409514847,0.5309850071834807,0.5839826350363595,0.6041604400628688
2022-12-28,2022-23,DET,ORL,121,101,100.0,-120.0,1.0,1,0.5257220020114755,0.531734605273522,0.5197093987494289,0.5512749020419929,0.4767709538481187,0.46649321075541333
2022-12-28,2022-23,WAS,PHX,127,102,120.0,-140.0,2.0,1,0.4212373494198895,0.43370637516687816,0.40876832367290084,0.4575004443365646,0.434435251216168,0.43204974195328455
2022-12-28,2022-23,MIA,LAL,112,98,-370.0,310.0,-9.0,1,0.6872880483838835,0.7021370933408025,0.6724390034269644,0.7048903885654136,0.7759710501742187,0.7787539188531114
2022-12-28,2022-23,ATL,BKN,107,108,245.0,-290.0,7.0,0,0.3605999368362015,0.3296093564662658,0.39159051720613713,0.4867440679585442,0.2693490309922958,0.2749169702416817
2022-12-28,2022-23,NOP,MIN,119,118,-250.0,210.0,-6.5,1,0.6743272156450102,0.6866225567791029,0.6620318745109176,0.7598510741578519,0.6994298951228424,0.7130528657723422
2022-12-28,2022-23,CHI,MIL,119,113,120.0,-140.0,2.5,1,0.44586212346610266,0.47660051480771193,0.41512373212449344,0.4808512894877463,0.434435251216168,0.41505045389637707
2022-12-28,2022-23,GSW,UTA,112,107,160.0,-180.0,4.5,1,0.625944290811042,0.6085975951069366,0.6432909865151473,0.6942929884602405,0.3691933524471482,0.3494051226951947
2022-12-29,2022-23,SAS,NYK,122,115,160.0,-180.0,4.5,1,0.33641559597711707,0.335824355985918,0.33700683596831615,0.3754672510878086,0.3691933524471482,0.3494051226951947
2022-12-29,2022-23,TOR,MEM,106,119,155.0,-175.0,4.0,0,0.48679047417388926,0.4661580685992358,0.5074228797485427,0.5069851811461079,0.376240667120052,0.3653952573222735
2022-12-29,2022-23,DAL,HOU,129,114,-450.0,375.0,-10.0,1,0.7904066670499524,0.8022224114750102,0.7785909226248947,0.845547847893637,0.808345338341749,0.8018161674873022
2022-12-29,2022-23,IND,CLE,135,126,150.0,-170.0,4.0,1,0.45576804273328786,0.4368731673058522,0.4746629181607235,0.5123898528282416,0.3835663265450182,0.3653952573222735
2022-12-29,2022-23,CHA,OKC,121,113,-130.0,110.0,-2.5,1,0.5083707491743138,0.5319454580975119,0.4847960402511157,0.5702344131733346,0.5454027354444257,0.5873929722941529
2022-12-29,2022-23,BOS,LAC,116,110,-260.0,220.0,-6.5,1,0.6841106996522234,0.6949685259424925,0.6732528733619543,0.7806302727896657,0.7083820436191438,0.7130528657723422
2022-12-30,2022-23,GSW,POR,118,112,100.0,-120.0,1.0,1,0.6562703942642567,0.6656753950299208,0.6468653934985925,0.7719253428318881,0.4767709538481187,0.46649321075541333
2022-12-30,2022-23,DEN,MIA,124,119,-180.0,160.0,-4.5,1,0.5863187518923472,0.6040102104226471,0.5686272933620472,0.6857464893582651,0.6308066475528518,0.6528811761685757
2022-12-30,2022-23,NOP,PHI,127,116,-105.0,-115.0,1.0,1,0.575300442450061,0.5610360871921372,0.5895647977079849,0.6436558991253899,0.488395545501788,0.46649321075541333
2022-12-30,2022-23,MIL,MIN,123,114,-310.0,260.0,-7.5,1,0.6388988891163252,0.6298927205920187,0.6479050576406317,0.7352211126767134,0.7432301097396163,0.7406831670688772
2022-12-30,2022-23,SAC,UTA,126,125,-150.0,130.0,-3.0,1,0.5434372703701017,0.5650568926044206,0.5218176481357828,0.6093427916126922,0.5839826350363595,0.6041604400628688
2022-12-30,2022-23,TOR,PHX,113,104,-130.0,110.0,-2.0,1,0.46999399979065737,0.46429691194411493,0.47569108763719986,0.548928369455696,0.5454027354444257,0.5704202656032762
2022-12-30,2022-23,ATL,LAL,121,130,-230.0,195.0,-6.0,0,0.5882879085254714,0.6002695699870779,0.5763062470638649,0.6754208181518175,0.6821543804602389,0.6985968682539574
2022-12-30,2022-23,ORL,WAS,100,119,155.0,-175.0,4.5,0,0.4878735042745128,0.4962970375770465,0.47944997097197906,0.5382410979367092,0.376240667120052,0.3494051226951947
2022-12-30,2022-23,CHI,DET,132,118,-300.0,250.0,-7.0,1,0.7332291252802055,0.7397128509494435,0.7267453996109673,0.7714792714432894,0.7363103777053058,0.727086381207308
2022-12-31,2022-23,UTA,MIA,123,126,-175.0,155.0,-4.0,0,0.5498899209402235,0.5487854305090691,0.5509944113713778,0.6254322410238887,0.6237593328799479,0.6369372830124617
2022-12-31,2022-23,IND,LAC,131,130,120.0,-140.0,2.5,1,0.5084886985228197,0.517207557761611,0.49976983928402857,0.5877452603676718,0.434435251216168,0.41505045389637707
2022-12-31,2022-23,SAS,DAL,125,126,240.0,-280.0,7.5,0,0.3740599041138619,0.3496806958171221,0.3984391124106017,0.3764331519392357,0.2752489930542572,0.26125623891201216
2022-12-31,2022-23,HOU,NYK,88,108,145.0,-165.0,3.5,0,0.31155390034539493,0.30871669222941883,0.314391108461371,0.3889121666619923,0.391187433960939,0.3816878509294548
2022-12-31,2022-23,CHA,BKN,106,123,210.0,-250.0,6.5,0,0.2869856453437305,0.25435794639705683,0.3196133442904041,0.3450143334139732,0.3005701048771581,0.2890125525275827
2022-12-31,2022-23,CHI,CLE,102,103,105.0,-125.0,1.0,0,0.4677930588902521,0.4487194826382892,0.48686663514221495,0.5376123583753993,0.4654137725671177,0.46649321075541333
2022-12-31,2022-23,MIN,DET,104,116,-290.0,245.0,-7.5,0,0.7545502907014185,0.7582131133268647,0.7508874680759723,0.7899807828621337,0.7306509690077064,0.7406831670688772
2022-12-31,2022-23,OKC,PHI,96,115,120.0,-140.0,2.5,0,0.3962538253258334,0.3924914349788987,0.40001621567276807,0.4216811820036085,0.434435251216168,0.41505045389637707
2022-12-31,2022-23,MEM,NOP,116,101,-260.0,220.0,-7.0,1,0.6094081173864405,0.6207171207562462,0.598099114016635,0.6414353835744304,0.7083820436191438,0.727086381207308
2023-01-01,2022-23,MIL,WAS,95,118,-135.0,115.0,-1.5,0,0.6635532683034155,0.6615126531207908,0.6655938834860403,0.7481813180603536,0.5557172524365818,0.5532803541656142
2023-01-01,2022-23,DEN,BOS,123,111,150.0,-170.0,3.5,1,0.5186051919328614,0.5266788509794472,0.5105315328862756,0.5313629610513354,0.3835663265450182,0.3816878509294548
2023-01-01,2022-23,MEM,SAC,118,108,-170.0,150.0,-3.5,1,0.6701092874801329,0.6730701784488621,0.6671483965114036,0.776820378986577,0.6164336734549818,0.6206865291604615
2023-01-02,2022-23,GSW,ATL,143,141,-125.0,105.0,-1.5,1,0.6909167002190725,0.6954413506264489,0.6863920498116961,0.7533985982380356,0.5345862274328822,0.5532803541656142
2023-01-02,2022-23,LAC,MIA,100,110,-105.0,-115.0,1.0,0,0.49660692741182333,0.5302555413340997,0.462958313489547,0.6203022979121229,0.488395545501788,0.46649321075541333
2023-01-02,2022-23,POR,DET,135,106,-420.0,350.0,-9.5,1,0.7013420283916312,0.6878733521931865,0.7148107045900759,0.7329048528897458,0.7972454857008152,0.790518217596245
2023-01-02,2022-23,MIN,DEN,124,111,150.0,-170.0,4.5,1,0.4667913936939745,0.47318174959439846,0.46040103779355057,0.4798862532890463,0.3835663265450182,0.3494051226951947
2023-01-02,2022-23,BKN,SAS,139,103,-800.0,550.0,-12.0,1,0.8533062923292615,0.8448980076965729,0.8617145769619501,0.8763281424844699,0.8766273349432749,0.8424025365094192
2023-01-02,2022-23,HOU,DAL,106,111,250.0,-300.0,7.0,0,0.2773456296544296,0.26970183569691936,0.28498942361193985,0.3385804626066872,0.2636896222946976,0.2749169702416817
2023-01-02,2022-23,PHI,NOP,120,111,-215.0,185.0,-5.5,1,0.600831888576703,0.5877197114736602,0.6139440656797459,0.6442109545405609,0.6685259817213243,0.6837356127682949
2023-01-02,2022-23,IND,TOR,122,114,110.0,-130.0,2.0,1,0.55840358824492,0.5269169966367938,0.5898901798530461,0.6265802682871882,0.4545972645555742,0.43204974195328455
2023-01-02,2022-23,CHA,LAL,115,121,-130.0,110.0,-2.0,0,0.4820226809877938,0.4612732057008207,0.5027721562747668,0.5148276578444488,0.5454027354444257,0.5704202656032762
2023-01-02,2022-23,NYK,PHX,102,83,-140.0,120.0,-2.5,1,0.5887052121304253,0.6072833652768104,0.5701270589840401,0.6532401943909931,0.5655647487838321,0.5873929722941529
2023-01-02,2022-23,CLE,CHI,145,134,-170.0,150.0,-4.0,1,0.6522178360154776,0.6690458291010714,0.6353898429298837,0.7403528315205539,0.6164336734549818,0.6369372830124617
2023-01-03,2022-23,MIL,WAS,123,113,-300.0,250.0,-7.5,1,0.5961653303714926,0.5911167633676884,0.6012138973752967,0.6799961761668084,0.7363103777053058,0.7406831670688772
2023-01-03,2022-23,OKC,BOS,150,117,450.0,-600.0,11.5,1,0.3121337635439379,0.2988026351396184,0.3254648919482574,0.337577343362225,0.1550917683263714,0.16847015425964673
2023-01-03,2022-23,UTA,SAC,115,117,-150.0,130.0,-3.0,0,0.5683009076938775,0.5748717093582776,0.5617301060294775,0.6579543800835749,0.5839826350363595,0.6041604400628688
2023-01-04,2022-23,NOP,HOU,119,108,-265.0,225.0,-7.0,1,0.8534420916922474,0.8490879408492212,0.8577962425352734,0.8755204622611293,0.7126574447290995,0.727086381207308
2023-01-04,2022-23,SAC,ATL,117,120,-125.0,105.0,-1.5,0,0.6079469488387117,0.5976079681504386,0.6182859295269848,0.6722656839498169,0.5345862274328822,0.5532803541656142
2023-01-04,2022-23,MIN,POR,113,106,105.0,-125.0,1.5,1,0.5549536159584552,0.5734954161580297,0.5364118157588808,0.6623187972240177,0.4654137725671177,0.4492105947756774
2023-01-04,2022-23,GSW,DET,119,122,-265.0,225.0,-6.5,0,0.7804488595852146,0.8046986306140552,0.7561990885563739,0.8538203855046286,0.7126574447290995,0.7130528657723422
2023-01-04,2022-23,LAL,MIA,112,109,290.0,-350.0,8.5,1,0.4382143187295772,0.4486176482246103,0.42781098923454414,0.5568508910080582,0.2347782560506988,0.23528346065663988
2023-01-04,2022-23,CHI,BKN,121,112,170.0,-190.0,5.0,1,0.3372238530604956,0.3393602107159878,0.3350874954050034,0.4268801279999423,0.3558717975062095,0.3337467294155119
2023-01-04,2022-23,TOR,MIL,101,104,-210.0,180.0,-5.5,0,0.6034300911684269,0.6102313394424579,0.5966288428943959,0.5532189745825543,0.662831359828004,0.6837356127682949
2023-01-04,2022-23,NYK,SAS,117,114,-420.0,350.0,-10.0,1,0.7920398111977123,0.7811754956517725,0.8029041267436521,0.8441638694759948,0.7972454857008152,0.8018161674873022
2023-01-04,2022-23,CHA,MEM,107,131,240.0,-280.0,7.0,0,0.2762937626692043,0.2849851541230111,0.2676023712153975,0.3101886542313986,0.2752489930542572,0.2749169702416817
2023-01-04,2022-23,ORL,OKC,126,115,100.0,-120.0,1.0,1,0.5176936409813865,0.5601689409853995,0.47521834097737353,0.5338823937776501,0.4767709538481187,0.46649321075541333
2023-01-04,2022-23,PHI,IND,129,126,-200.0,175.0,-5.0,1,0.7041204064195367,0.713517019983222,0.6947237928558513,0.7717035686599929,0.6537231647740015,0.6684893183469965
2023-01-04,2022-23,CLE,PHX,90,88,-200.0,175.0,-5.0,1,0.6411074659070515,0.6550428071079782,0.6271721247061246,0.6792853173794585,0.6537231647740015,0.6684893183469965
2023-01-05,2022-23,ORL,MEM,115,123,200.0,-240.0,6.5,0,0.30264463671907593,0.3386233316276636,0.2666659418104882,0.3116826514660722,0.3101015402784747,0.2890125525275827
2023-01-05,2022-23,DAL,BOS,95,124,130.0,-150.0,3.0,0,0.5543044657491227,0.5766479719877683,0.5319609595104771,0.6057610999826761,0.4160173649636405,0.3982510126981278
2023-01-05,2022-23,HOU,UTA,114,131,220.0,-260.0,7.0,0,0.3303977241888858,0.3231959297161358,0.3375995186616358,0.4218971663473649,0.2916179563808568,0.2749169702416817
2023-01-05,2022-23,DEN,LAC,122,91,-190.0,170.0,-4.5,1,0.6672123060285348,0.6595933669487262,0.6748312451083434,0.717929932876291,0.6441282024937907,0.6528811761685757
2023-01-06,2022-23,LAL,ATL,130,114,125.0,-145.0,2.5,1,0.569746720523266,0.5862317005634148,0.5532617404831173,0.6489881940909759,0.4250230670447525,0.41505045389637707
2023-01-06,2022-23,PHX,MIA,96,104,100.0,-120.0,1.0,0,0.4941769808735311,0.49671876698920175,0.4916351947578605,0.6263922357617483,0.4767709538481187,0.46649321075541333
2023-01-06,2022-23,MIN,LAC,128,115,-220.0,190.0,-5.5,1,0.6345520454771144,0.6586238992176873,0.6104801917365416,0.632061762865643,0.6740282405333864,0.6837356127682949
2023-01-06,2022-23,DEN,CLE,121,108,-200.0,175.0,-5.0,1,0.5727128478864058,0.5588254208906337,0.5866002748821778,0.6573130752434813,0.6537231647740015,0.6684893183469965
2023-01-06,2022-23,NOP,BKN,102,108,155.0,-175.0,4.5,0,0.49924103664290004,0.49955170241464575,0.4989303708711543,0.6146360732727953,0.376240667120052,0.3494051226951947
2023-01-06,2022-23,TOR,NYK,108,112,-170.0,150.0,-4.0,0,0.47301703627536945,0.4618279976167176,0.4842060749340213,0.5251920966380348,0.6164336734549818,0.6369372830124617
2023-01-06,2022-23,SAS,DET,121,109,-115.0,-105.0,-1.5,1,0.593307298267979,0.5802321944308746,0.6063824021050835,0.6275237939819956,0.5116044544982119,0.5532803541656142
2023-01-06,2022-23,MIL,CHA,109,138,-460.0,380.0,-10.0,0,0.7412142755122406,0.7672046431630729,0.7152239078614082,0.8396592936723278,0.8112971060494051,0.8018161674873022
2023-01-06,2022-23,PHI,CHI,112,126,-200.0,175.0,-5.0,0,0.707298156185558,0.6926344550579402,0.721961857313176,0.7839407766688425,0.6537231647740015,0.6684893183469965
2023-01-06,2022-23,IND,POR,108,99,-125.0,105.0,-1.0,1,0.5865423355001194,0.5768422058488646,0.5962424651513742,0.6812930846440023,0.5345862274328822,0.5360128414112495
2023-01-06,2022-23,OKC,WAS,127,110,-120.0,100.0,-1.0,1,0.49930392889235836,0.4950543652683248,0.5035534925163919,0.5535188255776783,0.5232290461518811,0.5360128414112495
2023-01-07,2022-23,SAC,LAL,134,136,-300.0,250.0,-7.5,0,0.6134938481501797,0.6353783782298027,0.5916093180705566,0.6305792273176374,0.7363103777053058,0.7406831670688772
2023-01-07,2022-23,GSW,ORL,101,115,-250.0,210.0,-6.5,0,0.7698977562587348,0.7767083450132044,0.7630871675042651,0.830586878445702,0.6994298951228424,0.7130528657723422
2023-01-07,2022-23,CHI,UTA,126,118,115.0,-135.0,2.5,1,0.5991448959813146,0.580959928847162,0.6173298631154671,0.6310613423837385,0.4442827475634181,0.41505045389637707
2023-01-07,2022-23,SAS,BOS,116,121,800.0,-1400.0,14.5,0,0.289773693140991,0.27171138320925986,0.30783600307272213,0.3017969688186839,0.0772562600349027,0.11770936500261889
2023-01-07,2022-23,DAL,NOP,127,117,-380.0,320.0,-9.0,1,0.5766228982511437,0.6090502173295085,0.5441955791727787,0.5956792303850197,0.7809784267740079,0.7787539188531114
2023-01-08,2022-23,PHX,CLE,98,112,195.0,-230.0,6.0,0,0.47274721630168576,0.480740034455342,0.4647543981480295,0.5863412561612186,0.3178456195397612,0.30352831029681354
2023-01-08,2022-23,LAC,ATL,108,112,-140.0,120.0,-2.5,0,0.568090716601704,0.5980379389978221,0.5381434942055857,0.6537703637040622,0.5655647487838321,0.5873929722941529
2023-01-08,2022-23,OKC,DAL,120,109,-175.0,155.0,-4.0,1,0.5483491759007715,0.5062628148613186,0.5904355369402244,0.5043124621923584,0.6237593328799479,0.6369372830124617
2023-01-08,2022-23,MEM,UTA,123,118,-220.0,190.0,-5.5,1,0.7480754032254104,0.7520065750998635,0.7441442313509575,0.7880386250221897,0.6740282405333864,0.6837356127682949
2023-01-08,2022-23,HOU,MIN,96,104,140.0,-160.0,3.5,0,0.36213535673679664,0.336757493122617,0.38751322035097624,0.4137845852986122,0.3991225517760463,0.3816878509294548
2023-01-08,2022-23,IND,CHA,116,111,-220.0,190.0,-5.5,1,0.6721637603970989,0.6514633835591566,0.6928641372350413,0.7425275234177257,0.6740282405333864,0.6837356127682949
2023-01-08,2022-23,TOR,POR,117,105,-150.0,130.0,-3.0,1,0.5521337921305349,0.5931779743041096,0.5110896099569602,0.6720850859035297,0.5839826350363595,0.6041604400628688
2023-01-08,2022-23,DET,PHI,111,123,180.0,-210.0,5.5,0,0.2860162436552448,0.2970098831576563,0.2750226041528333,0.3410664552624972,0.3371686401719961,0.31844658639079165
2023-01-08,2022-23,MIA,BKN,101,102,110.0,-130.0,3.0,0,0.46284599942055027,0.46575354671410507,0.45993845212699547,0.5473733149016827,0.4545972645555742,0.3982510126981278
2023-01-09,2022-23,DEN,LAL,122,109,-800.0,550.0,-13.0,1,0.6975548656695281,0.6802990267489802,0.7148107045900759,0.7399893039868722,0.8766273349432749,0.8600227189744314
2023-01-09,2022-23,WAS,NOP,112,132,-125.0,105.0,-1.5,0,0.5132125581983499,0.46440095122961217,0.5620241651670875,0.5325836532986244,0.5345862274328822,0.5532803541656142
2023-01-09,2022-23,NYK,MIL,107,111,-120.0,100.0,-0.0,0,0.6855959128577092,0.6951818848091824,0.6760099409062358,0.7107842503645778,0.5232290461518811,0.5012591113806545
2023-01-09,2022-23,BOS,CHI,107,99,-380.0,320.0,-9.0,1,0.6625792678231687,0.6742214938022486,0.6509370418440887,0.7754704068127047,0.7809784267740079,0.7787539188531114
2023-01-09,2022-23,MEM,SAS,121,113,-550.0,425.0,-11.0,1,0.7992980548796931,0.8079302406169805,0.7906658691424057,0.8890920550195212,0.8343386613595238,0.8230207768240712
2023-01-09,2022-23,SAC,ORL,136,111,-255.0,215.0,-6.5,1,0.6855890990162203,0.6862925657340672,0.6848856322983736,0.7329315196614318,0.7039749620300272,0.7130528657723422
2023-01-10,2022-23,GSW,PHX,113,125,-750.0,525.0,-12.0,0,0.6477176729867777,0.6558499768195813,0.639585369153974,0.6837185972268706,0.8699506797724654,0.8424025365094192
2023-01-10,2022-23,POR,ORL,106,109,-340.0,280.0,-8.5,0,0.7017783367704794,0.704740749562903,0.6988159239780558,0.6955412086721292,0.7594422232238837,0.7665240746293874
2023-01-10,2022-23,UTA,CLE,116,114,120.0,-140.0,2.5,1,0.46909846611262573,0.4582964750287022,0.4799004571965493,0.5434895393952488,0.434435251216168,0.41505045389637707
2023-01-10,2022-23,LAC,DAL,113,101,-120.0,100.0,-1.5,1,0.4775979621229582,0.47209686933819794,0.48309905490771843,0.5442931657058011,0.5232290461518811,0.5532803541656142
2023-01-10,2022-23,TOR,CHA,132,120,-300.0,250.0,-7.5,1,0.6721496864787914,0.663695794178473,0.6806035787791097,0.7330268306626416,0.7363103777053058,0.7406831670688772
2023-01-10,2022-23,PHI,DET,147,116,-1400.0,800.0,-14.5,1,0.8122069708675645,0.8289914569537916,0.7954224847813374,0.8685092593028868,0.9227437399650972,0.8833327242620539
2023-01-10,2022-23,MIA,OKC,112,111,-125.0,105.0,-1.5,1,0.6601012563622464,0.681907542160932,0.6382949705635608,0.7332778400341414,0.5345862274328822,0.5532803541656142
2023-01-11,2022-23,DEN,PHX,126,97,-1100.0,700.0,-14.5,1,0.7416395768713786,0.7803030189770583,0.702976134765699,0.7307148900497806,0.905856887281654,0.8833327242620539
2023-01-11,2022-23,MEM,SAS,135,129,-1100.0,700.0,-13.5,1,0.8140889616464364,0.8375120541504673,0.7906658691424057,0.8909686667014349,0.905856887281654,0.868197092052344
2023-01-11,2022-23,NYK,IND,119,113,-200.0,175.0,-5.0,1,0.6412165874379143,0.6710191333376617,0.611414041538167,0.7184341977065839,0.6537231647740015,0.6684893183469965
2023-01-11,2022-23,SAC,HOU,135,115,-380.0,320.0,-9.0,1,0.7869567626951557,0.801022101185491,0.7728914242048204,0.8234587757795008,0.7809784267740079,0.7787539188531114
2023-01-11,2022-23,ATL,MIL,105,114,155.0,-175.0,4.0,0,0.5641014007608847,0.5492048986736993,0.5789979028480701,0.5803607999392921,0.376240667120052,0.3653952573222735
2023-01-11,2022-23,DET,MIN,135,118,210.0,-250.0,6.5,1,0.377479312058704,0.35461178996145964,0.4003468341559484,0.4366609156906852,0.3005701048771581,0.2890125525275827
2023-01-11,2022-23,WAS,CHI,100,97,105.0,-125.0,1.5,1,0.4998275164664838,0.5077529140062218,0.49190211892674585,0.5990708009606561,0.4654137725671177,0.4492105947756774
2023-01-11,2022-23,BOS,NOP,125,114,-400.0,330.0,-9.0,1,0.6535956934308745,0.6323244983349225,0.6748668885268265,0.6947010743340877,0.7884793547170356,0.7787539188531114
2023-01-12,2022-23,PHI,OKC,114,133,-450.0,375.0,-10.5,0,0.7363480356270842,0.7318803158921253,0.7408157553620431,0.7869635821510468,0.808345338341749,0.8126491965359115
2023-01-12,2022-23,BKN,BOS,98,109,-105.0,-115.0,1.0,0,0.6160574518452411,0.6534450693702275,0.5786698343202548,0.6195139986446107,0.488395545501788,0.46649321075541333
2023-01-12,2022-23,TOR,CHA,124,114,-310.0,260.0,-7.5,1,0.6925879241976964,0.6813238171929772,0.7038520312024157,0.7460192387651254,0.7432301097396163,0.7406831670688772
2023-01-12,2022-23,MIA,MIL,108,102,-220.0,190.0,-5.5,1,0.6837347166137852,0.7280645055585928,0.6394049276689775,0.656707020937591,0.6740282405333864,0.6837356127682949
2023-01-12,2022-23,LAL,DAL,115,119,120.0,-140.0,2.5,0,0.5387037639425203,0.5382939733975032,0.5391135544875373,0.5945173944635506,0.434435251216168,0.41505045389637707
2023-01-12,2022-23,POR,CLE,113,119,100.0,-120.0,1.5,0,0.40280048884905595,0.3932584603887542,0.4123425173093577,0.4559649067872313,0.4767709538481187,0.4492105947756774
2023-01-13,2022-23,SAC,HOU,139,114,-420.0,350.0,-9.5,1,0.7942955482201757,0.8105675352186511,0.7780235612217001,0.8318332728248741,0.7972454857008152,0.790518217596245
2023-01-13,2022-23,LAC,DEN,103,115,-190.0,170.0,-5.0,0,0.4155877313814701,0.3858902751094236,0.4452851876535166,0.4745887728968904,0.6441282024937907,0.6684893183469965
2023-01-13,2022-23,UTA,ORL,112,108,-210.0,180.0,-5.5,1,0.7037606761141264,0.692821239738506,0.7147001124897467,0.7573444845085111,0.662831359828004,0.6837356127682949
2023-01-13,2022-23,MIN,PHX,121,116,-240.0,200.0,-6.5,1,0.55882208622963,0.5853940940217134,0.5322500784375468,0.6058413088649197,0.6898984597215254,0.7130528657723422
2023-01-13,2022-23,CHI,OKC,110,124,-175.0,155.0,-4.5,0,0.6221185954236137,0.6469536565229561,0.5972835343242714,0.6490887116472159,0.6237593328799479,0.6528811761685757
2023-01-13,2022-23,DET,NOP,110,116,180.0,-210.0,5.5,0,0.32794727910708643,0.33700741750575525,0.3188871407084176,0.3535409404311752,0.3371686401719961,0.31844658639079165
2023-01-13,2022-23,WAS,NYK,108,112,135.0,-155.0,3.5,0,0.4892374119949593,0.4686043085662626,0.5098705154236559,0.522742163021565,0.4073918645396744,0.3816878509294548
2023-01-13,2022-23,IND,ATL,111,113,140.0,-160.0,3.5,0,0.6084241072306802,0.6046430347475994,0.6122051797137611,0.6726331792090341,0.3991225517760463,0.3816878509294548
2023-01-13,2022-23,SAS,GSW,113,144,280.0,-340.0,8.5,0,0.3782360263883006,0.39690785116893146,0.3595642016076698,0.4288873051357163,0.2405577767761341,0.23528346065663988
2023-01-14,2022-23,MIA,MIL,111,95,-175.0,155.0,-4.0,1,0.6532237103897892,0.6795074603680585,0.6269399604115199,0.6702164107404476,0.6237593328799479,0.6369372830124617
2023-01-14,2022-23,CHA,BOS,106,122,270.0,-330.0,7.5,0,0.28757447307057193,0.2608091732913727,0.3143397728497712,0.2934334980143239,0.2466356330841441,0.26125623891201216
2023-01-14,2022-23,IND,MEM,112,130,270.0,-330.0,7.5,0,0.3325801020916488,0.3255598712170583,0.3396003329662393,0.4285397826850055,0.2466356330841441,0.26125623891201216
2023-01-14,2022-23,TOR,ATL,103,114,-280.0,240.0,-7.5,0,0.6664798899316116,0.7077641681637791,0.6251956116994442,0.663669853343217,0.7247510069457442,0.7406831670688772
2023-01-14,2022-23,MIN,CLE,110,102,155.0,-175.0,4.0,1,0.4603082579455844,0.42563443796508466,0.4949820779260842,0.5222749906316249,0.376240667120052,0.3653952573222735
2023-01-14,2022-23,UTA,PHI,117,118,245.0,-290.0,7.0,0,0.4576251993237599,0.4407343686681957,0.4745160299793241,0.5596569138059776,0.2693490309922958,0.2749169702416817
2023-01-14,2022-23,POR,DAL,136,119,-170.0,150.0,-3.0,1,0.46323028449119497,0.4269307012116547,0.49952986777073516,0.4855332691934787,0.6164336734549818,0.6041604400628688
2023-01-15,2022-23,LAL,PHI,112,113,180.0,-210.0,5.5,0,0.524081391698888,0.5307884157007914,0.5173743676969847,0.5282707503179545,0.3371686401719961,0.31844658639079165
2023-01-15,2022-23,POR,DAL,140,123,-380.0,320.0,-9.0,1,0.5556174421734035,0.5311819139745589,0.580052970372248,0.5330475641582249,0.7809784267740079,0.7787539188531114
2023-01-15,2022-23,DEN,ORL,119,116,-550.0,425.0,-10.5,1,0.8102909170601342,0.8249131887180141,0.7956686454022543,0.8545975428104533,0.8343386613595238,0.8126491965359115
2023-01-15,2022-23,SAS,SAC,119,132,210.0,-250.0,6.5,0,0.33060966935739583,0.3288710953483056,0.33234824336648605,0.4248658309223578,0.3005701048771581,0.2890125525275827
2023-01-15,2022-23,DET,NYK,104,117,290.0,-350.0,8.5,0,0.33985546348659434,0.3444124089233171,0.3352985180498716,0.3588413596949665,0.2347782560506988,0.23528346065663988
2023-01-15,2022-23,CHI,GSW,132,118,195.0,-230.0,6.0,1,0.5173938264384583,0.5186124736654986,0.5161751792114182,0.5693842761085298,0.3178456195397612,0.30352831029681354
2023-01-15,2022-23,LAC,HOU,121,100,-500.0,400.0,-10.0,1,0.7667022828412698,0.779955758992358,0.7534488066901817,0.8158681392785558,0.8222655105048283,0.8018161674873022
2023-01-15,2022-23,BKN,OKC,102,112,-175.0,155.0,-4.5,0,0.7003855601107128,0.6915751407886233,0.7091959794328024,0.7546009289602971,0.6237593328799479,0.6528811761685757
2023-01-16,2022-23,LAL,HOU,140,132,-280.0,240.0,-7.5,1,0.8116101343364459,0.8319852536152011,0.7912350150576908,0.8304924387984856,0.7247510069457442,0.7406831670688772
2023-01-16,2022-23,MEM,PHX,136,106,-800.0,550.0,-12.5,1,0.774443946355892,0.7743299400662886,0.7745579526454953,0.8059300142791727,0.8766273349432749,0.8514281304931971
2023-01-16,2022-23,MIN,UTA,125,126,-175.0,155.0,-4.0,0,0.5775941637956419,0.5858719085427884,0.5693164190484955,0.6307461988130516,0.6237593328799479,0.6369372830124617
2023-01-16,2022-23,WAS,GSW,118,127,120.0,-140.0,3.0,0,0.5538105592990205,0.5808305882928833,0.5267905303051577,0.570934229140528,0.434435251216168,0.3982510126981278
2023-01-16,2022-23,ATL,MIA,121,113,-115.0,-105.0,-1.0,1,0.42272987839247755,0.4222060741093416,0.42325368267561353,0.5415183117043135,0.5116044544982119,0.5360128414112495
2023-01-16,2022-23,CLE,NOP,113,103,-300.0,250.0,-7.5,1,0.548842164697692,0.5788116234500308,0.5188727059453531,0.6107721950207455,0.7363103777053058,0.7406831670688772
2023-01-16,2022-23,MIL,IND,132,119,-200.0,175.0,-5.0,1,0.5999605400926374,0.6078011890254911,0.5921198911597838,0.6965382877747636,0.6537231647740015,0.6684893183469965
2023-01-16,2022-23,CHA,BOS,118,130,290.0,-350.0,8.5,0,0.279600299388129,0.25226254853651164,0.3069380502397464,0.2773223625524292,0.2347782560506988,0.23528346065663988
2023-01-16,2022-23,NYK,TOR,121,123,-120.0,100.0,-1.5,0,0.6837489799181511,0.6514070427667386,0.7160909170695636,0.7597541386354777,0.5232290461518811,0.5532803541656142
2023-01-17,2022-23,LAC,PHI,110,120,,,-1.5,0,0.449820334952299,0.43184997053029933,0.46779069937429874,0.5075620974932425,,0.5532803541656142
2023-01-17,2022-23,MIL,TOR,130,122,,,-1.5,1,0.6274380519510759,0.6262481034213753,0.6286280004807766,0.6918121223572853,,0.5532803541656142
2023-01-17,2022-23,SAS,BKN,106,98,,,2.5,1,0.2823906462374097,0.2636821773388824,0.301099115135937,0.3004919280811471,,0.41505045389637707
2023-01-17,2022-23,DEN,POR,122,113,,,-5.5,1,0.7580087236628728,0.7722028198857138,0.7438146274400318,0.8119490479113017,,0.6837356127682949
2023-01-18,2022-23,UTA,LAC,126,103,,,-8.5,1,0.6861015504608909,0.6958985249724965,0.6763045759492855,0.6895166320751127,,0.7665240746293874
2023-01-18,2022-23,HOU,CHA,117,122,,,3.5,0,0.4425556422015152,0.42884684312653026,0.45626444127650023,0.5337291464472034,,0.3816878509294548
2023-01-18,2022-23,OKC,IND,126,106,,,-4.5,1,0.6910437195623899,0.6986931467663013,0.6833942923584784,0.7155405864620754,,0.6528811761685757
2023-01-18,2022-23,DEN,MIN,122,118,,,-9.5,1,0.7310376359807782,0.7154638421703087,0.7466114297912477,0.7853136376842835,,0.790518217596245
2023-01-18,2022-23,NOP,MIA,98,124,,,3.5,0,0.5683697289558549,0.5659726603578119,0.570766797553898,0.6709584271822525,,0.3816878509294548
2023-01-18,2022-23,NYK,WAS,105,116,,,-5.5,0,0.698241659251522,0.6986242997952339,0.6978590187078102,0.7668766169535552,,0.6837356127682949
2023-01-18,2022-23,DAL,ATL,122,130,,,-2.5,0,0.5870884798097145,0.6083184000568523,0.5658585595625765,0.6512677497961985,,0.5873929722941529
2023-01-18,2022-23,LAL,SAC,111,116,,,-2.5,0,0.48071592396420093,0.4943731585465703,0.4670586893818315,0.6061915235090684,,0.5873929722941529
2023-01-18,2022-23,MEM,CLE,115,114,,,-7.5,1,0.6793083546645045,0.671468696662091,0.687148012666918,0.7441812175776233,,0.7406831670688772
2023-01-19,2022-23,BOS,GSW,121,118,,,-6.5,1,0.7336373555186804,0.7264856429452551,0.7407890680921058,0.7857273528993673,,0.7130528657723422
2023-01-19,2022-23,MIN,TOR,128,126,,,4.5,1,0.5825300015038624,0.581861229482212,0.5831987735255126,0.6507478189955533,,0.3494051226951947
2023-01-19,2022-23,DET,CHI,108,126,,,7.5,0,0.38313141522817096,0.384264377204691,0.38199845325165094,0.4514646876725724,,0.26125623891201216
2023-01-19,2022-23,PHX,BKN,117,112,,,3.5,1,0.46575438629816507,0.42912939732127386,0.5023793752750563,0.5286213716824797,,0.3816878509294548
2023-01-19,2022-23,POR,PHI,95,105,,,1.5,0,0.3922514594202167,0.39935712369492377,0.3851457951455097,0.4595343411854604,,0.4492105947756774
2023-01-20,2022-23,ATL,NYK,139,124,,,-3.5,1,0.527534233960723,0.5424152539307314,0.5126532139907146,0.5837675772515503,,0.6206865291604615
2023-01-20,2022-23,CLE,GSW,114,120,,,-10.5,0,0.6654121201133171,0.6958883790820442,0.63493586114459,0.6858791403612761,,0.8126491965359115
2023-01-20,2022-23,ORL,NOP,123,110,,,-0.5,1,0.4290270161719487,0.40203146427269465,0.4560225680712027,0.4342724305833559,,0.5186585439800319
2023-01-20,2022-23,DAL,MIA,115,90,,,2.5,1,0.4485703017891696,0.4326649607975516,0.4644756427807876,0.5232944898966971,,0.41505045389637707
2023-01-20,2022-23,LAL,MEM,122,121,,,6.5,1,0.3445226936031333,0.34540523232069376,0.34364015488557287,0.3901564181111513,,0.2890125525275827
2023-01-20,2022-23,UTA,BKN,106,117,,,-4.5,0,0.5969232010669026,0.6138483252723329,0.5799980768614722,0.5754571903781129,,0.6528811761685757
2023-01-20,2022-23,SAS,LAC,126,131,,,7.5,0,0.47560611863470104,0.43468545822979293,0.5165267790396092,0.4992683195956198,,0.26125623891201216
2023-01-20,2022-23,SAC,OKC,118,113,,,-5.5,1,0.5386532334119454,0.57678972447309,0.5005167423508007,0.6200607224422643,,0.6837356127682949
2023-01-20,2022-23,DEN,IND,134,111,,,-6.5,1,0.7911708497534788,0.8131871688301865,0.7691545306767713,0.8171148405901735,,0.7130528657723422
2023-01-21,2022-23,WAS,ORL,138,118,,,-6.5,1,0.6835369480165756,0.7060571510475562,0.661016744985595,0.7190272374832074,,0.7130528657723422
2023-01-21,2022-23,MIN,HOU,113,104,,,-8.5,1,0.8194151091841844,0.8350516213375244,0.8037785970308444,0.8430345378931238,,0.7665240746293874
2023-01-21,2022-23,SAC,PHI,127,129,,,-4.5,0,0.4908708254773654,0.4784682255185327,0.503273425436198,0.5498317492121751,,0.6528811761685757
2023-01-21,2022-23,TOR,BOS,104,106,,,3.5,0,0.34925812104689263,0.33718333459343314,0.36133290750035213,0.379236500416637,,0.3816878509294548
2023-01-21,2022-23,ATL,CHA,118,122,,,-7.5,0,0.7299175723120708,0.7056851573142806,0.7541499873098608,0.7910078575899782,,0.7406831670688772
2023-01-21,2022-23,PHX,IND,112,107,,,-2.5,1,0.6790623040593985,0.6978777046508219,0.6602469034679751,0.7002536553546196,,0.5873929722941529
2023-01-21,2022-23,CLE,MIL,114,102,,,-2.5,1,0.6277639842625176,0.6359243357922761,0.619603632732759,0.6732801014924524,,0.5873929722941529
2023-01-22,2022-23,PHX,MEM,112,110,,,8.5,1,0.34100224606488466,0.29999434745243003,0.3820101446773393,0.4319868041029581,,0.23528346065663988
2023-01-22,2022-23,DAL,LAC,98,112,,,-1.5,0,0.6614437522235754,0.6428542163252501,0.6800332881219008,0.7025690128608338,,0.5532803541656142
2023-01-22,2022-23,POR,LAL,112,121,,,-5.5,0,0.5253003409023689,0.5372447512331908,0.5133559305715468,0.5872316379785053,,0.6837356127682949
2023-01-22,2022-23,MIA,NOP,100,96,,,-7.5,1,0.5876517847294307,0.6285022150494972,0.5468013544093643,0.6741191962486216,,0.7406831670688772
2023-01-22,2022-23,TOR,NYK,125,116,,,-2.5,1,0.49653359907972655,0.47508399471547413,0.517983203443979,0.5488409597257555,,0.5873929722941529
2023-01-22,2022-23,GSW,BKN,116,120,,,-7.5,0,0.561304152093514,0.55782618612101,0.5647821180660182,0.5926470073232237,,0.7406831670688772
2023-01-22,2022-23,DEN,OKC,99,101,,,-3.5,0,0.7101042869215826,0.6923860436361282,0.7278225302070368,0.7526216625785588,,0.6206865291604615
2023-01-23,2022-23,UTA,CHA,120,102,,,-7.5,1,0.7068156579858349,0.682900472096054,0.7307308438756158,0.7650322606450073,,0.7406831670688772
2023-01-23,2022-23,ORL,BOS,113,98,,,7.5,1,0.2769774932029144,0.25811476123202526,0.29584022517380365,0.2890338442168245,,0.26125623891201216
2023-01-23,2022-23,DET,MIL,130,150,,,10.5,0,0.3818329441909387,0.3756192983265205,0.38804659005535697,0.3939696624153627,,0.18888924117694963
2023-01-23,2022-23,HOU,MIN,119,114,,,5.5,1,0.28389103992939446,0.2709104450811649,0.296871634777624,0.3635045127656808,,0.31844658639079165
2023-01-23,2022-23,SAC,MEM,133,100,,,-3.5,1,0.49553583559605746,0.5346969030236057,0.4563747681685092,0.4662882323518402,,0.6206865291604615
2023-01-23,2022-23,POR,SAS,147,127,,,-8.5,1,0.6633501450224222,0.6614130263777703,0.6652872636670739,0.7428730566954553,,0.7665240746293874
2023-01-23,2022-23,CHI,ATL,111,100,,,-1.5,1,0.5593829328997924,0.5662372422801168,0.5525286235194677,0.6368111672012778,,0.5532803541656142
2023-01-24,2022-23,IND,CHI,116,110,,,1.5,1,0.49374525177960915,0.488680917035256,0.4988095865239623,0.5468324764901431,,0.4492105947756774
2023-01-24,2022-23,DAL,WAS,126,127,,,-6.5,0,0.5757338848888192,0.5972706991395769,0.5541970706380616,0.6471831132033806,,0.7130528657723422
2023-01-24,2022-23,NOP,DEN,98,99,,,2.5,0,0.4344657958712155,0.42757267988994996,0.44135891185248094,0.5172831742820531,,0.41505045389637707
2023-01-24,2022-23,PHX,CHA,128,97,,,-7.5,1,0.6978210017482889,0.7202154196855618,0.6754265838110161,0.7755766276174647,,0.7406831670688772
2023-01-24,2022-23,NYK,CLE,105,103,,,3.5,1,0.5185577534857045,0.5083840775529698,0.5287314294184393,0.5935319773909739,,0.3816878509294548
2023-01-24,2022-23,LAL,LAC,115,133,,,4.5,0,0.6035769436124274,0.5951216340125751,0.6120322532122796,0.6570026828275628,,0.3494051226951947
2023-01-24,2022-23,MIA,BOS,98,95,,,-2.5,1,0.5510329560444214,0.5440326750202249,0.558033237068618,0.5306710314601292,,0.5873929722941529
2023-01-25,2022-23,OKC,ATL,132,137,,,1.5,0,0.6390372054447787,0.6494828643781139,0.6285915465114436,0.6870624516938468,,0.4492105947756774
2023-01-25,2022-23,SAC,TOR,95,113,,,-3.5,0,0.6844546711370598,0.6865646669526213,0.6823446753214985,0.7231716879332535,,0.6206865291604615
2023-01-25,2022-23,NOP,MIN,102,111,,,-2.5,0,0.559517082395234,0.5499213494773799,0.569112815313088,0.6924315039256305,,0.5873929722941529
2023-01-25,2022-23,PHI,BKN,137,133,,,-6.5,1,0.6311343024001629,0.6385491893161745,0.6237194154841512,0.6556580603284576,,0.7130528657723422
2023-01-25,2022-23,POR,UTA,134,124,,,-3.5,1,0.4856395984877213,0.4868589306133462,0.4844202663620965,0.543674449475073,,0.6206865291604615
2023-01-25,2022-23,GSW,MEM,122,120,,,-2.5,1,0.4953383110623384,0.4774353645925222,0.5132412575321545,0.5263547075666564,,0.5873929722941529
2023-01-25,2022-23,LAL,SAS,113,104,,,-7.5,1,0.7281749770287405,0.7050574971566566,0.7512924569008242,0.7926127264067512,,0.7406831670688772
2023-01-25,2022-23,ORL,IND,126,120,,,-4.5,1,0.6261748537868614,0.6854873564772715,0.5668623510964512,0.6095586633952212,,0.6528811761685757
2023-01-25,2022-23,MIL,DEN,107,99,,,-12.5,1,0.5089413086739614,0.4921341258513263,0.5257484914965964,0.5214813262821052,,0.8514281304931971
2023-01-25,2022-23,HOU,WAS,103,108,,,2.5,0,0.40652697010968963,0.4072358071850809,0.4058181330342983,0.3764589629188156,,0.41505045389637707
2023-01-26,2022-23,CHA,CHI,111,96,,,3.5,1,0.4140916256422721,0.4213254289271145,0.4068578223574297,0.4671999993678954,,0.3816878509294548
2023-01-26,2022-23,BKN,DET,122,130,,,-7.5,0,0.834047362045568,0.8140874036353206,0.8540073204558153,0.8782258906727813,,0.7406831670688772
2023-01-26,2022-23,HOU,CLE,95,113,,,7.5,0,0.2420101432944992,0.20603659949085504,0.27798368709814336,0.2876839596228688,,0.26125623891201216
2023-01-26,2022-23,BOS,NYK,117,120,,,-8.5,0,0.6904268900011505,0.7033222266826447,0.6775315533196563,0.7614088297760585,,0.7665240746293874
2023-01-26,2022-23,LAC,SAS,138,100,,,-13.5,1,0.8096280489408012,0.8326754978774377,0.7865806000041647,0.8205748571894584,,0.868197092052344
2023-01-26,2022-23,PHX,DAL,95,99,,,-1.5,0,0.5613828505467959,0.5781128054964102,0.5446528955971816,0.6780066735491515,,0.5532803541656142
2023-01-27,2022-23,IND,MIL,131,141,,,6.5,0,0.43659624348930465,0.4200548244731287,0.4531376625054806,0.5073783059849215,,0.2890125525275827
2023-01-27,2022-23,MIN,MEM,111,100,,,1.5,1,0.438433634853189,0.45825170266442744,0.4186155670419505,0.478189135510036,,0.4492105947756774
2023-01-27,2022-23,GSW,TOR,129,117,,,-4.5,1,0.6050294245247207,0.612729930991073,0.5973289180583686,0.6846871491484047,,0.6528811761685757
2023-01-27,2022-23,OKC,CLE,112,100,,,-1.5,1,0.5850398942175545,0.6077609522675983,0.5623188361675107,0.587194007743808,,0.5532803541656142
2023-01-27,2022-23,MIA,ORL,110,105,,,-8.5,1,0.7184393742196675,0.7163114383601018,0.7205673100792332,0.788870857229845,,0.7665240746293874
2023-01-28,2022-23,POR,TOR,105,123,,,-2.5,0,0.5691111513165359,0.5934633254151795,0.5447589772178921,0.5778999419784596,,0.5873929722941529
2023-01-28,2022-23,BKN,NYK,122,115,,,-0.5,1,0.5831005947050626,0.6108686144462013,0.5553325749639239,0.6631917920267981,,0.5186585439800319
2023-01-28,2022-23,UTA,DAL,108,100,,,-6.5,1,0.6146969355085683,0.5975383609275939,0.6318555100895428,0.6456060777772152,,0.7130528657723422
2023-01-28,2022-23,SAS,PHX,118,128,,,5.5,0,0.35129859757892357,0.3431030713383887,0.35949412381945844,0.3880476787545427,,0.31844658639079165
2023-01-28,2022-23,MIN,SAC,117,110,,,1.5,1,0.4664101838462449,0.5059275541798709,0.42689281351261893,0.6183136312800502,,0.4492105947756774
2023-01-28,2022-23,NOP,WAS,103,113,,,-5.5,0,0.5652025919572243,0.6122959111249847,0.5181092727894641,0.6542727125316631,,0.6837356127682949
2023-01-28,2022-23,ORL,CHI,109,128,,,2.5,0,0.49284348272405915,0.49064879152831153,0.49503817391980676,0.5632726582067255,,0.41505045389637707
2023-01-28,2022-23,DET,HOU,114,117,,,-5.5,0,0.6777673842123906,0.6724641571382511,0.68307061128653,0.717547400345838,,0.6837356127682949
2023-01-28,2022-23,PHI,DEN,126,119,,,-2.5,1,0.5718641531260316,0.5930340732892484,0.5506942329628146,0.6274062608410701,,0.5873929722941529
2023-01-28,2022-23,BOS,LAL,125,121,,,-7.5,1,0.7363143147674165,0.753235015611384,0.7193936139234491,0.8052819803386674,,0.7406831670688772
2023-01-28,2022-23,ATL,LAC,113,120,,,-1.5,0,0.5633185090118777,0.5575107190034789,0.5691262990202767,0.6402081519453874,,0.5532803541656142
2023-01-29,2022-23,CHA,MIA,122,117,,,5.5,1,0.36881525377431257,0.34492233278700507,0.39270817476162007,0.4011862372499103,,0.31844658639079165
2023-01-29,2022-23,MEM,IND,112,100,,,-8.5,1,0.7724958213171226,0.7791571780648208,0.7658344645694244,0.8171409203386677,,0.7665240746293874
2023-01-29,2022-23,CLE,LAC,122,99,,,-10.5,1,0.6381612574540807,0.661777015167859,0.6145454997403024,0.6849324452792733,,0.8126491965359115
2023-01-29,2022-23,MIL,NOP,135,110,,,-10.5,1,0.7148556105180017,0.722749227889692,0.7069619931463116,0.7122904619310819,,0.8126491965359115
2023-01-30,2022-23,OKC,GSW,120,128,,,4.5,0,0.5769221512320448,0.581003329834129,0.5728409726299608,0.6278911036124053,,0.3494051226951947
2023-01-30,2022-23,SAS,WAS,106,127,,,5.5,0,0.34057950724370845,0.3410381168834068,0.34012089760401004,0.3746118810721331,,0.31844658639079165
2023-01-30,2022-23,PHX,TOR,114,106,,,-1.5,1,0.5276077279804153,0.552499824118093,0.5027156318427377,0.6423785027102659,,0.5532803541656142
2023-01-30,2022-23,POR,ATL,129,125,,,-5.5,1,0.4960088806367743,0.4880154226914092,0.5040023385821394,0.5503443742513354,,0.6837356127682949
2023-01-30,2022-23,PHI,ORL,109,119,,,-10.5,0,0.7978682204820575,0.8059066372916627,0.7898298036724523,0.8400973053942015,,0.8126491965359115
2023-01-30,2022-23,MIN,SAC,111,118,,,1.5,0,0.5300948832531113,0.5627828921984912,0.4974068743077313,0.6358285547372777,,0.4492105947756774
2023-01-30,2022-23,BKN,LAL,121,104,,,-8.5,1,0.7189562373283827,0.7034917601824872,0.7344207144742783,0.7480638427068451,,0.7665240746293874
2023-01-30,2022-23,DAL,DET,111,105,,,-10.5,1,0.7501098612966466,0.7527449238710864,0.7474747987222067,0.8022364189864449,,0.8126491965359115
2023-01-31,2022-23,NYK,LAL,123,129,,,-1.5,0,0.737750151351057,0.7388976149946223,0.7366026877074918,0.72346916467338,,0.5532803541656142
2023-01-31,2022-23,MIL,CHA,124,115,,,-11.5,1,0.7579072312374957,0.7656426406186704,0.7501718218563211,0.8115738566938984,,0.8329362310205675
2023-01-31,2022-23,DEN,NOP,122,113,,,-6.5,1,0.7655926085868152,0.7464753411810234,0.7847098759926071,0.7784860189501479,,0.7130528657723422
2023-01-31,2022-23,CLE,MIA,97,100,,,-3.5,0,0.6038821292947547,0.6038093695366501,0.6039548890528592,0.6499712318940911,,0.6206865291604615
2023-01-31,2022-23,CHI,LAC,103,108,,,2.5,0,0.5409055971235731,0.539835630324673,0.5419755639224733,0.637087333631294,,0.41505045389637707
2023-02-01,2022-23,PHX,ATL,100,132,,,-1.5,0,0.5306713205958836,0.558647507480421,0.5026951337113462,0.6772209407538686,,0.5532803541656142
2023-02-01,2022-23,MIN,GSW,119,114,,,5.5,1,0.5023656681799531,0.5089133283838042,0.49581800797610187,0.56686789052578,,0.31844658639079165
2023-02-01,2022-23,HOU,OKC,112,106,,,6.5,1,0.27607752466185764,0.27069674633455143,0.2814583029891638,0.3295174190753469,,0.2890125525275827
2023-02-01,2022-23,BOS,BKN,139,96,,,-9.5,1,0.6345861094671401,0.6442400210255175,0.6249321979087628,0.7094455733233356,,0.790518217596245
2023-02-01,2022-23,SAS,SAC,109,119,,,7.5,0,0.2859689390128736,0.2655276827488043,0.30641019527694296,0.3375959328046621,,0.26125623891201216
2023-02-01,2022-23,UTA,TOR,131,128,,,-2.5,1,0.5865895783758611,0.586313531418287,0.5868656253334352,0.6400692432263551,,0.5873929722941529
2023-02-01,2022-23,PHI,ORL,105,94,,,-9.5,1,0.7555750990326899,0.7611639856518139,0.7499862124135659,0.8057506344764089,,0.790518217596245
2023-02-01,2022-23,MEM,POR,112,122,,,-5.5,0,0.7212795883145995,0.7380484057001951,0.7045107709290039,0.8181454002196775,,0.6837356127682949
2023-02-02,2022-23,CLE,MEM,128,113,,,-6.5,1,0.6065179172651988,0.6600684190855173,0.5529674154448803,0.609378130670444,,0.7130528657723422
2023-02-02,2022-23,DAL,NOP,111,106,,,-4.5,1,0.6067492117476878,0.6257377428230495,0.5877606806723261,0.6568098840256819,,0.6528811761685757
2023-02-02,2022-23,DEN,GSW,134,117,,,-6.5,1,0.6917666228062702,0.6947415724882877,0.6887916731242528,0.7102480966564115,,0.7130528657723422
2023-02-02,2022-23,NYK,MIA,106,104,,,1.5,1,0.47045982413187115,0.5045168710224625,0.4364027772412799,0.5819691933111277,,0.4492105947756774
2023-02-02,2022-23,CHI,CHA,114,98,,,-6.5,1,0.7098390293878574,0.7087564668909506,0.710921591884764,0.751903835575609,,0.7130528657723422
2023-02-02,2022-23,MIL,LAC,106,105,,,-4.5,1,0.6179186094351992,0.6106205486730079,0.6252166701973904,0.7003112160053031,,0.6528811761685757
2023-02-02,2022-23,IND,LAL,111,112,,,2.5,0,0.496546892196633,0.4976914518189891,0.4954023325742769,0.5763434891652038,,0.41505045389637707
2023-02-03,2022-23,MIN,ORL,120,127,,,-5.5,0,0.6743089521924077,0.6809168910956347,0.6677010132891806,0.7336298856315484,,0.6837356127682949
2023-02-03,2022-23,UTA,ATL,108,115,,,-1.5,0,0.5233843720948053,0.5275362497534611,0.5192324944361493,0.6216602914742528,,0.5532803541656142
2023-02-03,2022-23,BOS,PHX,94,106,,,-10.5,0,0.7695079936744988,0.7739413579116157,0.765074629437382,0.8103308729656672,,0.8126491965359115
2023-02-03,2022-23,WAS,POR,116,124,,,-4.5,0,0.609780124201119,0.6112229954419144,0.6083372529603237,0.7181569844164567,,0.6528811761685757
2023-02-03,2022-23,DET,CHA,118,112,,,1.5,1,0.5655316831502017,0.6005161758632699,0.5305471904371335,0.5643058537904262,,0.4492105947756774
2023-02-03,2022-23,SAS,PHI,125,137,,,10.5,0,0.2307609852261514,0.207769542938694,0.25375242751360877,0.2578011742601309,,0.18888924117694963
2023-02-03,2022-23,HOU,TOR,111,117,,,7.5,0,0.324565666007421,0.30617145624495723,0.34295987576988474,0.3750424558588107,,0.26125623891201216
2023-02-03,2022-23,IND,SAC,107,104,,,1.5,1,0.37186406325111476,0.36165877350489084,0.38206935299733874,0.493063023848534,,0.4492105947756774
2023-02-04,2022-23,GSW,DAL,119,113,,,-10.5,1,0.6431995774177937,0.644414050660057,0.6419851041755303,0.6970970282808249,,0.8126491965359115
2023-02-04,2022-23,NOP,LAL,131,126,,,-1.5,1,0.5312734363852146,0.5672527659662729,0.49529410680415625,0.627300756671956,,0.5532803541656142
2023-02-04,2022-23,MIL,MIA,123,115,,,-5.5,1,0.5688264610105948,0.5837666755353512,0.5538862464858383,0.6480744892935958,,0.6837356127682949
2023-02-04,2022-23,BKN,WAS,125,123,,,1.5,1,0.7038813141753701,0.7173163093077382,0.6904463190430022,0.6998257985429314,,0.4492105947756774
2023-02-04,2022-23,DET,PHX,100,116,,,4.5,0,0.38422745694815297,0.42562660859615054,0.3428283053001554,0.4139524553426931,,0.3494051226951947
2023-02-04,2022-23,CHI,POR,129,121,,,-2.5,1,0.6278836889224568,0.6722404344820297,0.5835269433628839,0.6804971859376402,,0.5873929722941529
2023-02-04,2022-23,DEN,ATL,128,108,,,-10.5,1,0.6962121025556991,0.7130010043832916,0.6794232007281065,0.7372227148602511,,0.8126491965359115
2023-02-04,2022-23,NYK,LAC,128,134,,,2.5,0,0.5650957479461127,0.5645943253011865,0.5655971705910389,0.6556740835123995,,0.41505045389637707
2023-02-04,2022-23,OKC,HOU,153,121,,,-9.5,1,0.8510444178840542,0.8603567214268989,0.8417321143412095,0.8513602590509892,,0.790518217596245
2023-02-05,2022-23,NYK,PHI,108,97,,,4.5,1,0.45472988489688054,0.41980458435077445,0.48965518544298664,0.5345112840218601,,0.3494051226951947
2023-02-05,2022-23,MIN,DEN,128,98,,,-7.5,1,0.4889345349199288,0.4953437024436091,0.4825253673962485,0.4631704354962617,,0.7406831670688772
2023-02-05,2022-23,MEM,TOR,103,106,,,-1.5,0,0.6116013955782984,0.6057408943583106,0.6174618967982862,0.7188794659460903,,0.5532803541656142
2023-02-05,2022-23,CHA,ORL,113,119,,,-1.5,0,0.4710013757417847,0.47086741559133705,0.4711353358922324,0.5643137643711726,,0.5532803541656142
2023-02-05,2022-23,NOP,SAC,136,104,,,1.5,1,0.455060490281841,0.46655362187081934,0.4435673586928626,0.5751469579293786,,0.4492105947756774
2023-02-05,2022-23,IND,CLE,103,122,,,4.5,0,0.36807847661191206,0.35807830357224263,0.37807864965158156,0.4506671345684348,,0.3494051226951947
2023-02-06,2022-23,UTA,DAL,111,124,,,-9.5,0,0.609294174529257,0.5912192719734519,0.6273690770850621,0.6502059727467552,,0.790518217596245
2023-02-06,2022-23,WAS,CLE,91,114,,,3.5,0,0.5002398785854999,0.5016971311215627,0.4987826260494371,0.5328798303909502,,0.3816878509294548
2023-02-06,2022-23,DET,BOS,99,111,,,9.5,0,0.2618517058976203,0.25115420523961546,0.27254920655562515,0.2618616180541811,,0.21115472978709024
2023-02-06,2022-23,CHI,SAS,128,104,,,-9.5,1,0.8132901212364079,0.8185786969600956,0.8080015455127201,0.8563858394688474,,0.790518217596245
2023-02-06,2022-23,POR,MIL,108,127,,,4.5,0,0.4340217885690347,0.4366502955562509,0.43139328158181856,0.4902287076992634,,0.3494051226951947
2023-02-06,2022-23,HOU,SAC,120,140,,,6.5,0,0.4085622058198302,0.37364147276080933,0.4434829388788511,0.3543253719738736,,0.2890125525275827
2023-02-06,2022-23,GSW,OKC,141,114,,,-3.5,1,0.6094681747481028,0.6232019117855563,0.5957344377106492,0.6769903882657525,,0.6206865291604615
2023-02-06,2022-23,BKN,LAC,116,124,,,8.5,0,0.593387702278467,0.6018220798607838,0.5849533246961504,0.681297638621119,,0.23528346065663988
2023-02-07,2022-23,DEN,MIN,146,112,,,-8.5,1,0.6704901368880852,0.6600016414256613,0.6809786323505091,0.7307448209928779,,0.7665240746293874
2023-02-07,2022-23,MEM,CHI,104,89,,,-9.5,1,0.661785458564334,0.6546721781875106,0.6688987389411575,0.700695972042003,,0.790518217596245
2023-02-07,2022-23,NOP,ATL,116,107,,,-1.5,1,0.47848265929566025,0.5120108752298709,0.44495444336144957,0.6045024959652332,,0.5532803541656142
2023-02-07,2022-23,LAL,OKC,130,133,,,-6.5,0,0.5433527901353385,0.5756847507438049,0.5110208295268721,0.6048669002930652,,0.7130528657723422
2023-02-07,2022-23,BKN,PHX,112,116,,,6.5,0,0.6074940527352013,0.596410457905278,0.6185776475651247,0.6709254234636528,,0.2890125525275827
2023-02-07,2022-23,ORL,NYK,98,102,,,-0.5,0,0.516760943023959,0.5108021832032522,0.5227197028446658,0.5386164133103053,,0.5186585439800319
2023-02-08,2022-23,MIA,IND,116,111,,,-6.5,1,0.7595656987931643,0.7633226521817871,0.7558087454045415,0.7927993911404969,,0.7130528657723422
2023-02-08,2022-23,TOR,SAS,112,98,,,-10.5,1,0.833428332929594,0.8378955311391533,0.8289611347200347,0.8638299673409815,,0.8126491965359115
2023-02-08,2022-23,BOS,PHI,106,99,,,-2.5,1,0.5913504501719714,0.6038682717645818,0.578832628579361,0.6949529481965284,,0.5873929722941529
2023-02-08,2022-23,UTA,MIN,118,143,,,-8.5,0,0.577783398382737,0.6206883932696665,0.5348784034958073,0.6048720820106385,,0.7665240746293874
2023-02-08,2022-23,CLE,DET,113,85,,,-8.5,1,0.8750068971818044,0.8724792338059727,0.8775345605576361,0.8910502897257961,,0.7665240746293874
2023-02-08,2022-23,WAS,CHA,118,104,,,-3.5,1,0.7214450185878706,0.7180736887549715,0.7248163484207697,0.7636870876080772,,0.6206865291604615
2023-02-08,2022-23,LAC,DAL,104,110,,,-8.5,0,0.6334306366971447,0.6400080720978172,0.6268532012964723,0.6786653018198612,,0.7665240746293874
2023-02-08,2022-23,POR,GSW,125,122,,,-2.5,1,0.4214442930298981,0.415796457690503,0.4270921283692932,0.491002091961316,,0.5873929722941529
2023-02-08,2022-23,HOU,SAC,128,130,,,8.5,0,0.30220169622642745,0.2739203015255677,0.33048309092728717,0.3285056917628253,,0.23528346065663988
2023-02-09,2022-23,ATL,PHX,116,107,,,-7.5,1,0.5812554733845539,0.5620692917396439,0.6004416550294638,0.6250277374876455,,0.7406831670688772
2023-02-09,2022-23,BKN,CHI,116,105,,,2.5,1,0.6208572870184923,0.6321591072857602,0.6095554667512243,0.6784523171561923,,0.41505045389637707
2023-02-09,2022-23,LAL,MIL,106,115,,,8.5,0,0.3976051415361266,0.3965449064136348,0.39866537665861834,0.4771435336488989,,0.23528346065663988
2023-02-09,2022-23,ORL,DEN,115,104,,,4.5,1,0.3542699642857573,0.37232371775949347,0.3362162108120211,0.4151792839061706,,0.3494051226951947
2023-02-10,2022-23,NOP,CLE,107,118,,,2.5,0,0.4612855212899004,0.4234583987088783,0.4991126438709226,0.5058074617815175,,0.41505045389637707
2023-02-10,2022-23,BOS,CHA,127,116,,,-10.5,1,0.8633435164067331,0.851650382400571,0.8750366504128951,0.8839151101046564,,0.8126491965359115
2023-02-10,2022-23,POR,OKC,129,138,,,-2.5,0,0.5054095101323777,0.5112690429955734,0.49954997726918193,0.567907763536299,,0.5873929722941529
2023-02-10,2022-23,PHI,NYK,119,108,,,-6.5,1,0.6525421270251812,0.6585877533444414,0.6464965007059209,0.6946084725443527,,0.7130528657723422
2023-02-10,2022-23,SAC,DAL,114,122,,,-4.5,0,0.5777757399079121,0.5841014066286649,0.5714500731871592,0.640741112484689,,0.6528811761685757
2023-02-10,2022-23,IND,PHX,104,117,,,-2.5,0,0.502506097682453,0.477150138951764,0.5278620564131421,0.4955212139165968,,0.5873929722941529
2023-02-10,2022-23,MEM,MIN,128,107,,,-6.5,1,0.5673690581175377,0.5805603332933291,0.5541777829417464,0.6875616207774362,,0.7130528657723422
2023-02-10,2022-23,MIA,HOU,97,95,,,-11.5,1,0.8676820897881188,0.8630063707299688,0.8723578088462687,0.8924494494793375,,0.8329362310205675
2023-02-10,2022-23,LAC,MIL,106,119,,,2.5,0,0.5523243821811522,0.5787342376613921,0.5259145267009123,0.5443878001644876,,0.41505045389637707
2023-02-10,2022-23,DET,SAS,138,131,,,-5.5,1,0.6375321710152733,0.6176124971087403,0.6574518449218061,0.6905317411454476,,0.6837356127682949
2023-02-10,2022-23,TOR,UTA,116,122,,,-8.5,0,0.6348514137106844,0.6737094965263135,0.5959933308950552,0.7123453881994078,,0.7665240746293874
2023-02-11,2022-23,NYK,UTA,126,120,,,-5.5,1,0.674353577476972,0.6839024825151114,0.6648046724388325,0.709335678967814,,0.6837356127682949
2023-02-11,2022-23,SAC,DAL,133,128,,,1.5,1,0.5495218983885528,0.5902688407609246,0.508774956016181,0.6093486076754755,,0.4492105947756774
2023-02-11,2022-23,BKN,PHI,98,101,,,1.5,0,0.5604700165661127,0.5854403382797478,0.5354996948524776,0.5848434522768123,,0.4492105947756774
2023-02-11,2022-23,ORL,MIA,103,107,,,1.5,0,0.5460332038326302,0.5604303450508183,0.5316360626144421,0.5066190443458206,,0.4492105947756774
2023-02-11,2022-23,ATL,SAS,125,106,,,-13.5,1,0.8811368268218098,0.8776651149505355,0.8846085386930842,0.8755996028730484,,0.868197092052344
2023-02-11,2022-23,CLE,CHI,97,89,,,-6.5,1,0.7308546100559101,0.726201380570493,0.7355078395413274,0.7748286666327541,,0.7130528657723422
2023-02-11,2022-23,WAS,IND,127,113,,,-6.5,1,0.7322648533788354,0.7568346374311765,0.7076950693264944,0.742899695879219,,0.7130528657723422
2023-02-11,2022-23,CHA,DEN,105,119,,,7.5,0,0.2570202058044443,0.25560079743889375,0.2584396141699949,0.3366389895850825,,0.26125623891201216
2023-02-11,2022-23,GSW,LAL,103,109,,,-5.5,0,0.7405491809203317,0.745690164767492,0.7354081970731714,0.748084435491415,,0.6837356127682949
2023-02-12,2022-23,TOR,DET,119,118,,,-11.5,1,0.7862200735065128,0.8091853053738446,0.763254841639181,0.8262452882693907,,0.8329362310205675
2023-02-12,2022-23,BOS,MEM,119,109,,,-3.5,1,0.6562765969982629,0.6628335274423754,0.6497196665541504,0.7059010504321069,,0.6206865291604615
2023-02-13,2022-23,CHI,ORL,91,100,,,-4.5,0,0.6335350316411006,0.6116352077565331,0.6554348555256682,0.6896057306015799,,0.6528811761685757
2023-02-13,2022-23,DAL,MIN,121,124,,,-6.5,0,0.5655886163576689,0.5808435827866348,0.5503336499287028,0.6436345286984967,,0.7130528657723422
2023-02-13,2022-23,CLE,SAS,117,109,,,-15.5,1,0.906941318044777,0.9161874818791322,0.8976951542104218,0.9241905820693916,,0.8969365809385075
2023-02-13,2022-23,CHA,ATL,144,138,,,5.5,1,0.33165658429391665,0.3328675746217155,0.3304455939661178,0.4126993032949587,,0.31844658639079165
2023-02-13,2022-23,GSW,WAS,135,126,,,-3.5,1,0.6558491018127566,0.6652017029195921,0.6464965007059209,0.6933583848099875,,0.6206865291604615
2023-02-13,2022-23,IND,UTA,117,123,,,1.5,0,0.4967661160059079,0.4941777586297361,0.4993544733820797,0.5478070180473096,,0.4492105947756774
2023-02-13,2022-23,PHI,HOU,123,104,,,-13.5,1,0.8884378679090686,0.8892836584580472,0.88759207736009,0.9094296265825236,,0.868197092052344
2023-02-13,2022-23,POR,LAL,127,115,,,-2.5,1,0.5867628846538417,0.616541588538733,0.5569841807689505,0.6024308448256973,,0.5873929722941529
2023-02-13,2022-23,NYK,BKN,124,106,,,-3.5,1,0.546922776487253,0.5590544781195889,0.5347910748549171,0.6338746841480993,,0.6206865291604615
2023-02-13,2022-23,OKC,NOP,100,103,,,-2.5,0,0.6391040982444898,0.6458330734078329,0.6323751230811467,0.6718604785300748,,0.5873929722941529
2023-02-13,2022-23,MIA,DEN,108,112,,,-0.5,0,0.5009867032013419,0.5285716755546553,0.47340173084802845,0.5910637615140251,,0.5186585439800319
2023-02-14,2022-23,PHX,SAC,120,109,,,-2.5,1,0.6219166462802264,0.6205945205809434,0.6232387719795092,0.6661319876614376,,0.5873929722941529
2023-02-14,2022-23,MIL,BOS,131,125,,,-9.5,1,0.5579148189233156,0.5576311582391565,0.5581984796074748,0.6010520074898714,,0.790518217596245
2023-02-14,2022-23,TOR,ORL,123,113,,,-7.5,1,0.6731897138038005,0.7221893999521592,0.6241900276554417,0.688159037530345,,0.7406831670688772
2023-02-14,2022-23,LAC,GSW,134,124,,,-7.5,1,0.5575627799011741,0.5854606642276644,0.5296648955746838,0.5977097254381853,,0.7406831670688772
2023-02-14,2022-23,POR,WAS,101,126,,,1.5,0,0.5566468105540486,0.5990876584558577,0.5142059626522396,0.5924721264181807,,0.4492105947756774
2023-02-15,2022-23,ATL,NYK,101,122,,,-3.5,0,0.5389734841561912,0.577982332962667,0.49996463534971536,0.6068682253452873,,0.6206865291604615
2023-02-15,2022-23,MEM,UTA,117,111,,,-11.5,1,0.6796413000135041,0.6849375607683127,0.6743450392586955,0.7572466610880461,,0.8329362310205675
2023-02-15,2022-23,DEN,DAL,118,109,,,-5.5,1,0.6993756450702219,0.6908329384990983,0.7079183516413454,0.7488374077847982,,0.6837356127682949
2023-02-15,2022-23,PHI,CLE,118,112,,,-1.5,1,0.5140898895569675,0.5227144818283748,0.5054652972855603,0.6037380973738814,,0.5532803541656142
2023-02-15,2022-23,BKN,MIA,116,105,,,-1.5,1,0.5208900155228238,0.5261051670783802,0.5156748639672674,0.597175302967619,,0.5532803541656142
2023-02-15,2022-23,IND,CHI,117,113,,,-2.5,1,0.4994102144523169,0.478158044584151,0.5206623843204828,0.5170330031302285,,0.5873929722941529
2023-02-15,2022-23,OKC,HOU,133,96,,,-9.5,1,0.839784489149451,0.8559181580764492,0.8236508202224527,0.8682272951503309,,0.790518217596245
2023-02-15,2022-23,CHA,SAS,120,110,,,-5.5,1,0.7188780583712135,0.7005047217490784,0.7372513949933487,0.7553283561561833,,0.6837356127682949
2023-02-15,2022-23,BOS,DET,127,109,,,-11.5,1,0.8708187765930617,0.8628683847360025,0.8787691684501209,0.907433189246602,,0.8329362310205675
2023-02-15,2022-23,LAL,NOP,120,102,,,-4.5,1,0.49375168745878606,0.4962617522605001,0.49124162265707194,0.5874889508189323,,0.6528811761685757
2023-02-16,2022-23,CHI,MIL,100,112,,,7.5,0,0.39103844236874563,0.37227246274001236,0.4098044219974789,0.4424899656836207,,0.26125623891201216
2023-02-16,2022-23,MIN,WAS,106,114,,,-3.5,0,0.6338515354634024,0.6325305260160151,0.6351725449107899,0.659434175951747,,0.6206865291604615
2023-02-16,2022-23,PHX,LAC,107,116,,,-0.5,0,0.5942153576439178,0.6039431371155941,0.5844875781722415,0.6628114322568822,,0.5186585439800319
2023-02-23,2022-23,IND,BOS,138,142,,,7.5,0,0.28760803758202796,0.2597224855724498,0.3154935895916061,0.3166763807960107,,0.26125623891201216
2023-02-23,2022-23,UTA,OKC,120,119,,,-0.5,1,0.46122746845548257,0.4733782265118236,0.44907671039914154,0.575671739026032,,0.5186585439800319
2023-02-23,2022-23,CLE,DEN,109,115,,,-2.5,0,0.5768521545133242,0.6041805381485211,0.5495237708781272,0.6407548463281028,,0.5873929722941529
2023-02-23,2022-23,LAL,GSW,124,111,,,-5.5,1,0.4599428512502446,0.43777147278042977,0.4821142297200594,0.5603282421419099,,0.6837356127682949
2023-02-23,2022-23,ORL,DET,108,106,,,-7.5,1,0.7426235462364789,0.7468328469167158,0.7384142455562419,0.7915906176762428,,0.7406831670688772
2023-02-23,2022-23,PHI,MEM,110,105,,,-3.5,1,0.6091105790778661,0.627608420055089,0.5906127381006434,0.6671634215992012,,0.6206865291604615
2023-02-23,2022-23,DAL,SAS,142,116,,,-14.5,1,0.8618832546967321,0.8537862714966518,0.8699802378968126,0.8734713209459601,,0.8833327242620539
2023-02-23,2022-23,SAC,POR,133,116,,,-10.5,1,0.6562630695003331,0.6741076798693717,0.6384184591312945,0.7275853585136188,,0.8126491965359115
2023-02-23,2022-23,TOR,NOP,115,110,,,-4.5,1,0.6363164331334779,0.6356313037051939,0.6370015625617617,0.6693326823115541,,0.6528811761685757
2023-02-24,2022-23,MIL,MIA,128,99,,,-5.5,1,0.6826757265343946,0.6714128947801683,0.6939385582886209,0.7344301715759411,,0.6837356127682949
2023-02-24,2022-23,MIN,CHA,113,121,,,-6.5,0,0.7668990955521751,0.7790887890815212,0.7547094020228288,0.7941501568727376,,0.7130528657723422
2023-02-24,2022-23,ATL,CLE,136,119,,,-0.5,1,0.45981791802907956,0.4798105756624271,0.43982526039573205,0.4937696970877167,,0.5186585439800319
2023-02-24,2022-23,GSW,HOU,116,101,,,-8.5,1,0.8673200587477385,0.8568453505591433,0.8777947669363337,0.879325704547319,,0.7665240746293874
2023-02-24,2022-23,CHI,BKN,131,87,,,-1.5,1,0.4940030125783084,0.4927856760864254,0.49522034907019147,0.5451404891863101,,0.5532803541656142
2023-02-24,2022-23,PHX,OKC,124,115,,,-8.5,1,0.5689165395409694,0.6510163007068392,0.4868167783750995,0.6547915361303487,,0.7665240746293874
2023-02-24,2022-23,LAC,SAC,175,176,,,-6.5,0,0.6006884929155486,0.6547614097048375,0.5466155761262597,0.669451296216715,,0.7130528657723422
2023-02-24,2022-23,WAS,NYK,109,115,,,-0.5,0,0.5381899388244618,0.5509951960876884,0.5253846815612351,0.590408062487341,,0.5186585439800319
2023-02-25,2022-23,DET,TOR,91,95,,,7.5,0,0.30864845854865885,0.2867445586821392,0.33055235841517855,0.3755975557457719,,0.26125623891201216
2023-02-25,2022-23,CHA,MIA,108,103,,,5.5,1,0.4145447767435034,0.4173381812470554,0.41175137223995134,0.4452103949751698,,0.31844658639079165
2023-02-25,2022-23,NYK,NOP,128,106,,,-3.5,1,0.6754651876006099,0.6438140422712265,0.7071163329299933,0.7432510104762984,,0.6206865291604615
2023-02-25,2022-23,ORL,IND,108,121,,,-2.5,0,0.6587590299479382,0.6782697204729689,0.6392483394229075,0.726295534127499,,0.5873929722941529
2023-02-25,2022-23,UTA,SAS,118,102,,,-10.5,1,0.7970765967006681,0.8031989675254921,0.7909542258758441,0.8512806295228144,,0.8126491965359115
2023-02-25,2022-23,MEM,DEN,112,94,,,-2.5,1,0.4811527751476695,0.4759250854785068,0.4863804648168323,0.5726900461215593,,0.5873929722941529
2023-02-25,2022-23,PHI,BOS,107,110,,,-0.5,0,0.4708123674468951,0.48253798579658824,0.45908674909720193,0.5934839665218967,,0.5186585439800319
2023-02-26,2022-23,DEN,LAC,134,124,,,-4.5,1,0.664470159934148,0.6555828407672554,0.6733574791010406,0.7354944777785762,,0.6528811761685757
2023-02-26,2022-23,CLE,TOR,118,93,,,-7.5,1,0.7231196638197155,0.7400844414577671,0.7061548861816639,0.7190255469752821,,0.7406831670688772
2023-02-26,2022-23,MIL,PHX,104,101,,,-3.5,1,0.7167967163663642,0.6983528367683323,0.7352405959643962,0.7608634168533777,,0.6206865291604615
2023-02-26,2022-23,POR,HOU,131,114,,,-9.5,1,0.7929532536552613,0.7897219844448985,0.796184522865624,0.8080138087740177,,0.790518217596245
2023-02-26,2022-23,GSW,MIN,109,104,,,-2.5,1,0.6333590822502284,0.6340610657116262,0.6326570987888307,0.6757101172711478,,0.5873929722941529
2023-02-26,2022-23,OKC,SAC,115,124,,,4.5,0,0.5464645208815943,0.5453844531365024,0.5475445886266861,0.6273027288882652,,0.3494051226951947
2023-02-26,2022-23,ATL,BKN,129,127,,,-5.5,1,0.6369558276383729,0.6303706802768693,0.6435409749998765,0.6505951219108482,,0.6837356127682949
2023-02-26,2022-23,CHI,WAS,102,82,,,-5.5,1,0.4997993320980999,0.5352256787108386,0.46437298548536116,0.6075527178339116,,0.6837356127682949
2023-02-26,2022-23,DAL,LAL,108,111,,,-4.5,0,0.6456176460889254,0.6739096697612558,0.6173256224165949,0.6746016704023099,,0.6528811761685757
2023-02-27,2022-23,NOP,ORL,93,101,,,-4.5,0,0.6352300426340661,0.64077593592686,0.6296841493412723,0.6808233163440066,,0.6528811761685757
2023-02-27,2022-23,PHI,MIA,99,101,,,-5.5,0,0.6646692337517739,0.6723672569803657,0.656971210523182,0.7245412346569821,,0.6837356127682949
2023-02-27,2022-23,CHA,DET,117,106,,,-6.5,1,0.6921551529060509,0.6936046649994254,0.6907056408126764,0.7392557079305635,,0.7130528657723422
2023-02-27,2022-23,NYK,BOS,109,94,,,1.5,1,0.4651148894690724,0.4536424239008642,0.4765873550372806,0.553000576988611,,0.4492105947756774
2023-02-28,2022-23,BKN,MIL,104,118,,,6.5,0,0.4003629060495343,0.38816544511708695,0.4125603669819817,0.4504518839613166,,0.2890125525275827
2023-02-28,2022-23,TOR,CHI,104,98,,,-4.5,1,0.5863738721580808,0.5996836652349863,0.5730640790811753,0.6480623462804852,,0.6528811761685757
2023-02-28,2022-23,ATL,WAS,116,119,,,-7.5,0,0.5886431740892686,0.6003824457282988,0.5769039024502384,0.6572127655723727,,0.7406831670688772
2023-02-28,2022-23,HOU,DEN,112,133,,,12.5,0,0.24620140529281137,0.1687836780275127,0.32361913255811003,0.2004284464192201,,0.149850591223406
2023-02-28,2022-23,LAC,MIN,101,108,,,-6.5,0,0.6087859027478066,0.6177555297019188,0.5998162757936945,0.6774223443845392,,0.7130528657723422
2023-02-28,2022-23,OKC,SAC,117,123,,,2.5,0,0.5163773131824285,0.515375213726052,0.517379412638805,0.594146045784332,,0.41505045389637707
2023-02-28,2022-23,GSW,POR,123,105,,,-4.5,1,0.7193891822322942,0.7305629376523282,0.7082154268122604,0.7599898541177104,,0.6528811761685757
2023-02-28,2022-23,UTA,SAS,94,102,,,-9.5,0,0.8045501831344941,0.809944667908717,0.7991556983602711,0.8564477821169727,,0.790518217596245
2023-02-28,2022-23,DAL,IND,122,124,,,-8.5,0,0.7296637975617337,0.7265518885402918,0.7327757065831756,0.7534219029942757,,0.7665240746293874
2023-02-28,2022-23,MEM,LAL,121,109,,,-8.5,1,0.7131463222016712,0.6942474132242574,0.7320452311790848,0.7468882185572864,,0.7665240746293874
2023-03-01,2022-23,MIA,PHI,96,119,,,-3.5,0,0.5018166066436973,0.5224677971969699,0.48116541609042474,0.5669555120858735,,0.6206865291604615
2023-03-01,2022-23,OKC,LAL,117,123,,,-3.5,0,0.6506281601619777,0.6839137000983639,0.6173426202255914,0.6342969804862564,,0.6206865291604615
2023-03-01,2022-23,CHA,PHX,91,105,,,10.5,0,0.41499710585070415,0.42075101350016775,0.40924319820124055,0.473293257220077,,0.18888924117694963
2023-03-01,2022-23,NYK,BKN,142,118,,,-7.5,1,0.7742290341676586,0.7788953529501194,0.7695627153851979,0.7602941356268659,,0.7406831670688772
2023-03-01,2022-23,MIL,ORL,139,117,,,-8.5,1,0.7775322856314224,0.7624661671224074,0.7925984041404375,0.839974229588912,,0.7665240746293874
2023-03-01,2022-23,POR,NOP,110,121,,,-3.5,0,0.5354297154040897,0.501702040986135,0.5691573898220444,0.5852101444520377,,0.6206865291604615
2023-03-01,2022-23,HOU,MEM,99,113,,,10.5,0,0.2715679154029582,0.22198620437073557,0.3211496264351808,0.2159447765553185,,0.18888924117694963
2023-03-01,2022-23,DET,CHI,115,117,,,6.5,0,0.40527260990854946,0.4066468558253724,0.4038983639917265,0.3865692828855305,,0.2890125525275827
2023-03-01,2022-23,BOS,CLE,117,113,,,-4.5,1,0.6029923473165918,0.6283469185422832,0.5776377760909004,0.6840282713908655,,0.6528811761685757
2023-03-02,2022-23,WAS,TOR,119,108,,,1.5,1,0.5903196958603554,0.5788817355807037,0.601757656140007,0.631814815367229,,0.4492105947756774
2023-03-02,2022-23,GSW,LAC,115,91,,,2.5,1,0.6388084288279076,0.6497172161229231,0.627899641532892,0.6737869206891083,,0.41505045389637707
2023-03-02,2022-23,SAS,IND,110,99,,,4.5,1,0.3835353520734104,0.3827467399672706,0.3843239641795502,0.449725213755738,,0.3494051226951947
2023-03-02,2022-23,DAL,PHI,133,126,,,-2.5,1,0.5309846963853492,0.5725861554344109,0.4893832373362874,0.49011788776317,,0.5873929722941529
2023-03-03,2022-23,OKC,UTA,130,103,,,-0.5,1,0.6598214674497229,0.669132667589047,0.650510267310399,0.6629048733100634,,0.5186585439800319
2023-03-03,2022-23,ATL,POR,129,111,,,-6.5,1,0.6947877339706325,0.6954460250583172,0.694129442882948,0.7563277542853557,,0.7130528657723422
2023-03-03,2022-23,DEN,MEM,113,97,,,-5.5,1,0.6359883559063828,0.6366967127630987,0.6352799990496668,0.6694921678678767,,0.6837356127682949
2023-03-03,2022-23,SAC,LAC,128,127,,,-6.5,1,0.7020561172262296,0.7367843283848163,0.6673279060676428,0.6890621929918723,,0.7130528657723422
2023-03-03,2022-23,CHA,ORL,106,117,,,3.5,0,0.5316644377709203,0.5145141461156609,0.5488147294261797,0.5668521019392209,,0.3816878509294548
2023-03-03,2022-23,GSW,NOP,108,99,,,-5.5,1,0.6787075386293213,0.6728316976290056,0.684583379629637,0.7302191900962219,,0.6837356127682949
2023-03-03,2022-23,MIA,NYK,120,122,,,-1.5,0,0.4697670259435114,0.4521690642321309,0.48736498765489195,0.5210837347317598,,0.5532803541656142
2023-03-03,2022-23,CHI,PHX,104,125,,,3.5,0,0.49510529702279066,0.5099812359819103,0.48022935806367106,0.5882447736104628,,0.3816878509294548
2023-03-03,2022-23,LAL,MIN,102,110,,,1.5,0,0.5344630169670619,0.5285321956744077,0.5403938382597161,0.6324883542305507,,0.4492105947756774
2023-03-03,2022-23,BOS,BKN,105,115,,,-10.5,0,0.78828680986473,0.8127406811504917,0.7638329385789682,0.8086351947015669,,0.8126491965359115
2023-03-04,2022-23,MIL,PHI,130,133,,,-4.5,0,0.6727850677381559,0.6698595039667121,0.6757106315095999,0.7079017082030853,,0.6528811761685757
2023-03-04,2022-23,WAS,TOR,109,116,,,2.5,0,0.6031582314982675,0.5996507459203962,0.6066657170761387,0.6533566775336808,,0.41505045389637707
2023-03-04,2022-23,MIA,ATL,117,109,,,-2.5,1,0.5773705910127795,0.6119503424984903,0.5427908395270686,0.6322072922406345,,0.5873929722941529
2023-03-04,2022-23,SAS,HOU,110,122,,,1.5,0,0.5952325340131683,0.6279604318456319,0.5625046361807048,0.6894444965168179,,0.4492105947756774
2023-03-04,2022-23,CLE,DET,114,90,,,-16.5,1,0.8855901858756766,0.8835392962247627,0.8876410755265906,0.8963737614285882,,0.9091173794696449
2023-03-04,2022-23,SAC,MIN,134,138,,,-3.5,0,0.6282290034592062,0.6935367588128127,0.5629212481055997,0.669832398300943,,0.6206865291604615
2023-03-05,2022-23,WAS,MIL,111,117,,,5.5,0,0.42725326111169126,0.43077887280416255,0.4237276494192199,0.4491143742764603,,0.31844658639079165
2023-03-05,2022-23,BKN,CHA,102,86,,,-7.5,1,0.6697072910693176,0.699697793381353,0.6397167887572823,0.7736356883811357,,0.7406831670688772
2023-03-05,2022-23,CHI,IND,122,125,,,-5.5,0,0.6532904162093034,0.6781455491205234,0.6284352832980835,0.7331057365564145,,0.6837356127682949
2023-03-05,2022-23,BOS,NYK,129,131,,,-6.5,0,0.5817731005617537,0.6255069806364317,0.5380392204870756,0.6525868704928595,,0.7130528657723422
2023-03-05,2022-23,ORL,POR,119,122,,,-2.5,0,0.6239437437786934,0.6621579962072633,0.5857294913501234,0.715779644695348,,0.5873929722941529
2023-03-05,2022-23,OKC,UTA,129,119,,,-6.5,1,0.711226547218776,0.7152161494099271,0.7072369450276249,0.6966408266503831,,0.7130528657723422
2023-03-05,2022-23,LAC,MEM,135,129,,,-7.5,1,0.528194189258556,0.5072509231548702,0.5491374553622419,0.5178514765111194,,0.7406831670688772
2023-03-05,2022-23,LAL,GSW,113,105,,,4.5,1,0.46370015617530647,0.43791983891160646,0.48948047343900647,0.5494185073040245,,0.3494051226951947
2023-03-05,2022-23,DAL,PHX,126,130,,,1.5,0,0.562014450302295,0.551733565191869,0.5722953354127212,0.5700409169819173,,0.4492105947756774
2023-03-05,2022-23,HOU,SAS,142,110,,,-4.5,1,0.6098646634215485,0.6205927197515628,0.5991366070915344,0.632828804633781,,0.6528811761685757
2023-03-06,2022-23,DEN,TOR,118,113,,,-6.5,1,0.7279115258979298,0.7220310632615974,0.7337919885342623,0.766726596799265,,0.7130528657723422
2023-03-06,2022-23,SAC,NOP,123,108,,,-4.5,1,0.6834864843766466,0.7091357870003728,0.6578371817529204,0.715451012102026,,0.6528811761685757
2023-03-06,2022-23,MIA,ATL,130,128,,,-2.5,1,0.5213740372590616,0.5820131490656234,0.4607349254524997,0.6499803093714406,,0.5873929722941529
2023-03-06,2022-23,CLE,BOS,118,114,,,-7.5,1,0.6543685246879922,0.6236974305964578,0.6850396187795268,0.6221710742335506,,0.7406831670688772
2023-03-06,2022-23,DET,POR,104,110,,,4.5,0,0.5019797380221576,0.4779352986969063,0.5260241773474087,0.4995297908263819,,0.3494051226951947
2023-03-06,2022-23,IND,PHI,143,147,,,6.5,0,0.3300430747897988,0.32187589090887614,0.33821025867072146,0.3747737853531572,,0.2890125525275827
2023-03-07,2022-23,NYK,CHA,105,112,,,-9.5,0,0.8332314111789645,0.8465716704756151,0.819891151882314,0.8687803538389702,,0.790518217596245
2023-03-07,2022-23,MIN,PHI,94,117,,,-3.5,0,0.5385787122101147,0.5537689256516106,0.5233884987686187,0.5241334716859134,,0.6206865291604615
2023-03-07,2022-23,DAL,UTA,120,116,,,-10.5,1,0.7282510520282057,0.7427428132949598,0.7137592907614516,0.7181307786454335,,0.8126491965359115
2023-03-07,2022-23,DET,WAS,117,119,,,10.5,0,0.31626225563438803,0.2834283777802573,0.3490961334885188,0.3661937365433806,,0.18888924117694963
2023-03-07,2022-23,LAL,MEM,112,103,,,1.5,1,0.4631036940680895,0.45202349965956384,0.4741838884766152,0.5297954942496618,,0.4492105947756774
2023-03-07,2022-23,OKC,GSW,137,128,,,4.5,1,0.5430322051845031,0.5432677950403286,0.5427966153286777,0.571723363594075,,0.3494051226951947
2023-03-07,2022-23,HOU,BKN,96,118,,,6.5,0,0.3230302306313803,0.3422407537853763,0.30381970747738435,0.343639388132916,,0.2890125525275827
2023-03-07,2022-23,ORL,MIL,123,134,,,2.5,0,0.3440597205644471,0.3255029243422195,0.36261651678667467,0.3703358418073096,,0.41505045389637707
2023-03-08,2022-23,NOP,DAL,113,106,,,2.5,1,0.5388130597996197,0.5533992824538025,0.5242268371454369,0.5840472097242305,,0.41505045389637707
2023-03-08,2022-23,PHX,OKC,132,101,,,-11.5,1,0.6998495023219695,0.721901179535337,0.6777978251086021,0.7176632964857848,,0.8329362310205675
2023-03-08,2022-23,BOS,POR,115,93,,,-9.5,1,0.7861735324760811,0.8106723197904271,0.7616747451617352,0.8353960523427271,,0.790518217596245
2023-03-08,2022-23,WAS,ATL,120,122,,,3.5,0,0.5576064352421788,0.5382314870014974,0.5769813834828603,0.6385028347618169,,0.3816878509294548
2023-03-08,2022-23,LAC,TOR,108,100,,,-2.5,1,0.5846694939748069,0.5798477673146074,0.5894912206350064,0.6257322624942006,,0.5873929722941529
2023-03-08,2022-23,DEN,CHI,96,117,,,-8.5,0,0.7598266204141724,0.764801959245538,0.7548512815828067,0.8121866851130076,,0.7665240746293874
2023-03-08,2022-23,MIA,CLE,100,104,,,1.5,0,0.4643255654275018,0.45616588018988863,0.472485250665115,0.5297051266690198,,0.4492105947756774
2023-03-09,2022-23,MEM,GSW,131,110,,,2.5,1,0.5650751333558901,0.5796583757840433,0.5504918909277369,0.6786949875183869,,0.41505045389637707
2023-03-09,2022-23,SAC,NYK,122,117,,,-0.5,1,0.5392249355376783,0.5577563791540093,0.5206934919213472,0.5668115158009425,,0.5186585439800319
2023-03-09,2022-23,IND,HOU,134,125,,,-9.5,1,0.7690952238073434,0.775690464430975,0.7624999831837118,0.7877894146183343,,0.790518217596245
2023-03-09,2022-23,MIL,BKN,118,113,,,-9.5,1,0.7809863543151846,0.7946121799315659,0.7673605286988033,0.7978182364416094,,0.790518217596245
2023-03-09,2022-23,DET,CHA,103,113,,,3.5,0,0.4873257428845422,0.46835290032012505,0.5062985854489593,0.503719624720189,,0.3816878509294548
2023-03-09,2022-23,ORL,UTA,124,131,,,-4.5,0,0.6199318853342762,0.6485464542846452,0.5913173163839073,0.6576244152458366,,0.6528811761685757
2023-03-10,2022-23,WAS,ATL,107,114,,,1.5,0,0.5329776331467562,0.5392714669253565,0.5266837993681557,0.6219657714147223,,0.4492105947756774
2023-03-10,2022-23,MIA,CLE,119,115,,,-2.5,1,0.478902458699208,0.4536883101814662,0.5041166072169498,0.5116045167293225,,0.5873929722941529
2023-03-10,2022-23,LAL,TOR,122,112,,,2.5,1,0.5391984107325373,0.5309959796152431,0.5474008418498314,0.6376648587108399,,0.41505045389637707
2023-03-10,2022-23,MIN,BKN,123,124,,,-4.5,0,0.6721310488537404,0.7026456660820146,0.6416164316254663,0.6315321653829722,,0.6528811761685757
2023-03-10,2022-23,PHI,POR,120,119,,,-8.5,1,0.8265884399321894,0.8437870108181414,0.8093898690462373,0.8577257890066632,,0.7665240746293874
2023-03-10,2022-23,SAS,DEN,128,120,,,12.5,1,0.22859580233142882,0.17552517539378532,0.2816664292690723,0.2090972743810878,,0.149850591223406
2023-03-11,2022-23,CHA,UTA,111,119,,,1.5,0,0.5499089593708166,0.556693249417367,0.5431246693242664,0.5885965572101296,,0.4492105947756774
2023-03-11,2022-23,NOP,OKC,96,110,,,-1.5,0,0.5071029320232809,0.5349383687120933,0.47926749533446844,0.6115489567339736,,0.5532803541656142
2023-03-11,2022-23,ORL,MIA,126,114,,,3.5,1,0.5580913981355116,0.5534898236254778,0.5626929726455453,0.5268901651600759,,0.3816878509294548
2023-03-11,2022-23,LAC,NYK,106,95,,,-5.5,1,0.5079064678929144,0.49304811236978585,0.522764823416043,0.5375695531695339,,0.6837356127682949
2023-03-11,2022-23,DET,IND,115,121,,,3.5,0,0.3852219806648357,0.3911289989322619,0.3793149623974095,0.4665284865666224,,0.3816878509294548
2023-03-11,2022-23,PHX,SAC,119,128,,,-3.5,0,0.5822538947323548,0.5945135663848631,0.5699942230798465,0.6830632990777763,,0.6206865291604615
2023-03-11,2022-23,GSW,MIL,125,116,,,-3.5,1,0.3975380185796857,0.4015724729199684,0.39350356423940297,0.4543309821533139,,0.6206865291604615
2023-03-11,2022-23,ATL,BOS,125,134,,,4.5,0,0.47811746096869656,0.43486356056343967,0.5213713613739535,0.5204405651179824,,0.3494051226951947
2023-03-11,2022-23,HOU,CHI,111,119,,,6.5,0,0.30744582815066157,0.27269796363799526,0.34219369266332783,0.3272193717348293,,0.2890125525275827
2023-03-11,2022-23,MEM,DAL,112,108,,,-7.5,1,0.6278771937424672,0.6433916473829663,0.612362740101968,0.737697263130508,,0.7406831670688772
2023-03-12,2022-23,LAL,NYK,108,112,,,-2.5,0,0.5362190438382901,0.5458908421946358,0.5265472454819443,0.556900117963154,,0.5873929722941529
2023-03-12,2022-23,DEN,BKN,120,122,,,-9.5,0,0.717554138451137,0.705928004623902,0.7291802722783719,0.7128774357928656,,0.790518217596245
2023-03-12,2022-23,CHA,CLE,108,114,,,9.5,0,0.31101996599302845,0.2649656738883376,0.3570742580977193,0.3611680074901936,,0.21115472978709024
2023-03-12,2022-23,PHI,WAS,112,93,,,-7.5,1,0.7589355340459714,0.7821825744309818,0.7356884936609609,0.8000049325784881,,0.7406831670688772
2023-03-12,2022-23,NOP,POR,127,110,,,-2.5,1,0.6232064923821845,0.6263543197466297,0.6200586650177393,0.6937073511691134,,0.5873929722941529
2023-03-12,2022-23,SAS,OKC,90,102,,,3.5,0,0.31343754484346087,0.3576564560299852,0.2692186336569366,0.3308533189338785,,0.3816878509294548
2023-03-13,2022-23,GSW,PHX,123,112,,,-4.5,1,0.5000689360657979,0.5227673914233383,0.4773704807082576,0.6038690129655371,,0.6528811761685757
2023-03-13,2022-23,DET,IND,117,97,,,4.5,1,0.3794467446077523,0.3795785268180951,0.3793149623974095,0.4477673678684897,,0.3494051226951947
2023-03-13,2022-23,MIA,UTA,119,115,,,-7.5,1,0.6886603996302392,0.6829076852563282,0.6944131140041503,0.7035850177566635,,0.7406831670688772
2023-03-13,2022-23,DAL,MEM,88,104,,,4.5,0,0.5377908392995285,0.5185589622089417,0.5570227163901155,0.520325888799001,,0.3494051226951947
2023-03-13,2022-23,ATL,MIN,115,136,,,-5.5,0,0.6103875067889879,0.618190917953705,0.602584095624271,0.6515169789132531,,0.6837356127682949
2023-03-13,2022-23,HOU,BOS,111,109,,,13.5,1,0.2078410729269672,0.16067399784624375,0.25500814800769067,0.1996752288645376,,0.132959841458717
2023-03-13,2022-23,SAC,MIL,124,133,,,3.5,0,0.5299134222075443,0.5171778292519033,0.5426490151631853,0.5181480260072575,,0.3816878509294548
2023-03-14,2022-23,CHA,CLE,104,120,,,5.5,0,0.2813968955846644,0.28974359586638543,0.27305019530294333,0.3484701147143498,,0.31844658639079165
2023-03-14,2022-23,TOR,DEN,125,110,,,1.5,1,0.5147142149200068,0.4950320554503298,0.5343963743896837,0.5445268353394502,,0.4492105947756774
2023-03-14,2022-23,PHX,MIL,104,116,,,1.5,0,0.53336695192196,0.5079785154438455,0.5587553884000745,0.5004941474615022,,0.4492105947756774
2023-03-14,2022-23,POR,NYK,107,123,,,3.5,0,0.33379449837719444,0.3318394256725897,0.3357495710817991,0.3915943640051894,,0.3816878509294548
2023-03-14,2022-23,OKC,BKN,121,107,,,-1.5,1,0.6263983509832538,0.6134614085464409,0.6393352934200666,0.6234745936267799,,0.5532803541656142
2023-03-14,2022-23,SAS,ORL,132,114,,,6.5,1,0.3380876784399529,0.34144549773141747,0.33472985914848835,0.3995111894188841,,0.2890125525275827
2023-03-14,2022-23,WAS,DET,117,97,,,-12.5,1,0.7902717305239184,0.8069852173589911,0.7735582436888456,0.8297771142798431,,0.8514281304931971
2023-03-14,2022-23,NOP,LAL,108,123,,,-1.5,0,0.5313096119908447,0.5564417875130812,0.5061774364686084,0.5806917551579207,,0.5532803541656142
2023-03-15,2022-23,MIA,MEM,138,119,,,-4.5,1,0.5173053507676889,0.5046978016275017,0.5299128999078762,0.5242647216130596,,0.6528811761685757
2023-03-15,2022-23,SAS,DAL,128,137,,,3.5,0,0.36119625756621904,0.30566461768298175,0.4167278974494563,0.3857289941847753,,0.3816878509294548
2023-03-15,2022-23,HOU,LAL,114,110,,,2.5,1,0.3546572533914538,0.3657358626249236,0.3435786441579841,0.3123692561197581,,0.41505045389637707
2023-03-15,2022-23,CHI,SAC,114,117,,,1.5,0,0.5140299106689528,0.5053672877331741,0.5226925336047316,0.5871358526891514,,0.4492105947756774
2023-03-15,2022-23,LAC,GSW,134,126,,,-3.5,1,0.5595842434235183,0.5711058732143843,0.5480626136326522,0.6071776972441816,,0.6206865291604615
2023-03-15,2022-23,CLE,PHI,109,118,,,2.5,0,0.5285417695611662,0.5170631385063472,0.5400204006159851,0.6098696500681124,,0.41505045389637707
2023-03-15,2022-23,MIN,BOS,102,104,,,4.5,0,0.48383626305746175,0.46679469181742406,0.5008778342974994,0.5279289737395103,,0.3494051226951947
2023-03-16,2022-23,PHX,ORL,116,113,,,-7.5,1,0.7371739546635772,0.7328429976269636,0.7415049117001906,0.776762050080065,,0.7406831670688772
2023-03-16,2022-23,DET,DEN,100,119,,,14.5,0,0.2971832329631703,0.2696518285603287,0.32471463736601186,0.289319518227298,,0.11770936500261889
2023-03-16,2022-23,TOR,OKC,128,111,,,-6.5,1,0.5594454567324111,0.574324534591421,0.5445663788734012,0.6268901437957753,,0.7130528657723422
2023-03-16,2022-23,BKN,SAC,96,101,,,-3.5,0,0.536023946895938,0.5359199105514677,0.5361279832404083,0.5872472092964498,,0.6206865291604615
2023-03-16,2022-23,MIL,IND,123,139,,,-11.5,0,0.8520767776260594,0.8555545314589941,0.8485990237931248,0.890726149199008,,0.8329362310205675
2023-03-17,2022-23,CHA,PHI,82,121,,,10.5,0,0.24473197891213547,0.2174773887005878,0.27198656912368313,0.2852719763675619,,0.18888924117694963
2023-03-17,2022-23,CHI,MIN,139,131,,,-2.5,1,0.5725783104862147,0.6092948199031469,0.5358618010692824,0.618234231916585,,0.5873929722941529
2023-03-17,2022-23,POR,BOS,112,126,,,6.5,0,0.2793790024147522,0.29880131445735497,0.25995669037214947,0.3400440911503642,,0.2890125525275827
2023-03-17,2022-23,SAS,MEM,120,126,,,8.5,0,0.22276612565915996,0.2415756720416021,0.20395657927671781,0.2568852557640133,,0.23528346065663988
2023-03-17,2022-23,ATL,GSW,127,119,,,-3.5,1,0.5491831884010756,0.5532943914223094,0.5450719853798417,0.5710372260644325,,0.6206865291604615
2023-03-17,2022-23,HOU,NOP,114,112,,,5.5,1,0.4053676126398996,0.3995167277051206,0.41121849757467865,0.42475739030578,,0.31844658639079165
2023-03-17,2022-23,CLE,WAS,117,94,,,-4.5,1,0.7747739359242535,0.7647283391957329,0.784819532652774,0.7733931396452425,,0.6528811761685757
2023-03-17,2022-23,LAL,DAL,110,111,,,-3.5,0,0.5700101468707917,0.571491472150298,0.5685288215912851,0.6721384000429717,,0.6206865291604615
2023-03-18,2022-23,TOR,MIN,122,107,,,-9.5,1,0.6712203073338594,0.6869738872479462,0.6554667274197726,0.6557086386659506,,0.790518217596245
2023-03-18,2022-23,CHI,MIA,113,99,,,2.5,1,0.5472139412372443,0.5528384820866975,0.5415894003877912,0.6185761790623326,,0.41505045389637707
2023-03-18,2022-23,IND,PHI,121,141,,,5.5,0,0.3128734449230648,0.34016855377718414,0.2855783360689454,0.3287770754538932,,0.31844658639079165
2023-03-18,2022-23,UTA,BOS,118,117,,,4.5,1,0.39819430753763446,0.40719955506081745,0.38918906001445147,0.4084556698457791,,0.3494051226951947
2023-03-18,2022-23,LAC,ORL,108,113,,,-5.5,0,0.7152520675884273,0.7166895160575402,0.7138146191193144,0.7635845069591373,,0.6837356127682949
2023-03-18,2022-23,NYK,DEN,116,110,,,-0.5,1,0.6065052858432161,0.6321645506630615,0.5808460210233707,0.6741866468680068,,0.5186585439800319
2023-03-18,2022-23,MEM,GSW,133,119,,,-0.5,1,0.6673495089485257,0.6864998416883239,0.6481991762087275,0.7030352299276421,,0.5186585439800319
2023-03-18,2022-23,WAS,SAC,118,132,,,4.5,0,0.437453895553899,0.39157192982964234,0.48333586127815564,0.5214303233082476,,0.3494051226951947
2023-03-19,2022-23,OKC,PHX,124,120,,,-1.5,1,0.5204141635692682,0.5250806980746479,0.5157476290638885,0.5934364509737757,,0.5532803541656142
2023-03-19,2022-23,HOU,NOP,107,117,,,5.5,0,0.45859153582596063,0.4140881017727117,0.5030949698792095,0.442661277927125,,0.31844658639079165
2023-03-19,2022-23,POR,LAC,102,117,,,4.5,0,0.4510856809478588,0.4498038321866722,0.45236752970904537,0.4565182506150401,,0.3494051226951947
2023-03-19,2022-23,MIL,TOR,118,111,,,-7.5,1,0.7469495170167204,0.7609320004529229,0.732967033580518,0.7598782888929971,,0.7406831670688772
2023-03-19,2022-23,LAL,ORL,111,105,,,-6.5,1,0.6965122426625812,0.700486749733051,0.6925377355921112,0.7253434010247797,,0.7130528657723422
2023-03-19,2022-23,BKN,DEN,102,108,,,3.5,0,0.5467638036237613,0.5456683373417797,0.547859269905743,0.5700443760966563,,0.3816878509294548
2023-03-19,2022-23,SAS,ATL,126,118,,,9.5,1,0.31172656356771056,0.3009794586198658,0.32247366851555537,0.3504165708485099,,0.21115472978709024
2023-03-19,2022-23,DET,MIA,100,112,,,10.5,0,0.375019109392611,0.369203259173664,0.38083495961155805,0.3291983564705087,,0.18888924117694963
2023-03-20,2022-23,MEM,DAL,112,108,,,-4.5,1,0.7059837545557472,0.7059862058143563,0.705981303297138,0.7551094500857493,,0.6528811761685757
2023-03-20,2022-23,CHA,IND,115,109,,,1.5,1,0.48196182937656473,0.4665889917116017,0.4973346670415278,0.5693630185943264,,0.4492105947756774
2023-03-20,2022-23,UTA,SAC,128,120,,,6.5,1,0.4449667549856523,0.385057235464264,0.5048762745070405,0.4754262842274025,,0.2890125525275827
2023-03-20,2022-23,PHI,CHI,105,109,,,-7.5,0,0.760395934519348,0.7780137471774279,0.742778121861268,0.8044124736961963,,0.7406831670688772
2023-03-20,2022-23,NYK,MIN,134,140,,,-9.5,0,0.7330136490483354,0.7159676290462714,0.7500596690503996,0.7511836139782221,,0.790518217596245
2023-03-20,2022-23,HOU,GSW,108,121,,,11.5,0,0.2957113513268179,0.2869221955047044,0.30450050714893145,0.3217027737606478,,0.16847015425964673
2023-03-21,2022-23,ORL,WAS,122,112,,,-1.5,1,0.5624742399292404,0.5946671804351411,0.5302812994233396,0.5964505000600575,,0.5532803541656142
2023-03-21,2022-23,BKN,CLE,109,115,,,3.5,0,0.3916445576303201,0.4120787899678988,0.37121032529274134,0.4907618008192644,,0.3816878509294548
2023-03-21,2022-23,NOP,SAS,119,84,,,-13.5,1,0.7589277067291265,0.76075857089373,0.757096842564523,0.805412055785552,,0.868197092052344
2023-03-21,2022-23,LAC,OKC,100,101,,,-6.5,0,0.5891245429688106,0.6063349377889353,0.5719141481486859,0.6544229083607946,,0.7130528657723422
2023-03-21,2022-23,ATL,DET,129,107,,,-13.5,1,0.8110130809655228,0.8064436248273044,0.8155825371037413,0.8462779825816346,,0.868197092052344
2023-03-21,2022-23,SAC,BOS,109,132,,,5.5,0,0.5224361606802699,0.5103331036023877,0.5345392177581522,0.5760439685867735,,0.31844658639079165
2023-03-22,2022-23,MIL,SAS,130,94,,,-18.5,1,0.9190261234569941,0.928496046988404,0.909556199925584,0.9273542795339972,,0.9296571683215398
2023-03-22,2022-23,MIA,NYK,127,120,,,-2.5,1,0.5106302073315372,0.5084422911651916,0.5128181234978827,0.557498408953315,,0.5873929722941529
2023-03-22,2022-23,MEM,HOU,130,125,,,-12.5,1,0.8786674113066215,0.8801592621811629,0.87717556043208,0.910754590037136,,0.8514281304931971
2023-03-22,2022-23,MIN,ATL,125,124,,,-3.5,1,0.6637485009283371,0.6801057318651613,0.647391269991513,0.6771697485771434,,0.6206865291604615
2023-03-22,2022-23,DAL,GSW,125,127,,,3.5,0,0.5249426237811687,0.5509836378712146,0.49890160969112296,0.5844499247121893,,0.3816878509294548
2023-03-22,2022-23,WAS,DEN,104,118,,,8.5,0,0.38538738523214106,0.37417905894217307,0.39659571152210904,0.4842480060136238,,0.23528346065663988
2023-03-22,2022-23,CHI,PHI,91,116,,,1.5,0,0.38851905256722014,0.4008598928844173,0.37617821225002296,0.4674909863177305,,0.4492105947756774
2023-03-22,2022-23,TOR,IND,114,118,,,-8.5,0,0.707112526127547,0.7491085317241971,0.6651165205308969,0.7733150022072505,,0.7665240746293874
2023-03-22,2022-23,LAL,PHX,122,111,,,-1.5,1,0.5039862298807227,0.5119213565279485,0.49605110323349694,0.5974054465322335,,0.5532803541656142
2023-03-22,2022-23,UTA,POR,115,127,,,-5.5,0,0.7293921288938952,0.7058683437869295,0.7529159140008608,0.752237566043934,,0.6837356127682949
2023-03-23,2022-23,BKN,CLE,114,116,,,3.5,0,0.38217976590399566,0.39970262707114784,0.3646569047368435,0.4706630374733914,,0.3816878509294548
2023-03-23,2022-23,LAC,OKC,127,105,,,-4.5,1,0.5835187212794023,0.5951232944101187,0.5719141481486859,0.6403986673611958,,0.6528811761685757
2023-03-23,2022-23,NOP,CHA,115,96,,,-9.5,1,0.724796563374978,0.7425161486263535,0.7070769781236025,0.7378563987038191,,0.790518217596245
2023-03-23,2022-23,ORL,NYK,111,106,,,2.5,1,0.5212814856544685,0.4983375283558269,0.5442254429531102,0.4522960245406024,,0.41505045389637707
2023-03-24,2022-23,WAS,SAS,136,124,,,-8.5,1,0.7530355565980278,0.7351335654600021,0.7709375477360536,0.8109361629543909,,0.7665240746293874
2023-03-24,2022-23,UTA,MIL,116,144,,,9.5,0,0.3211394862046133,0.30872763101956646,0.33355134138966014,0.3727597076363174,,0.21115472978709024
2023-03-24,2022-23,DAL,CHA,109,117,,,-16.5,0,0.7648818314919403,0.8113469259397514,0.7184167370441293,0.7726568212050465,,0.9091173794696449
2023-03-24,2022-23,GSW,PHI,120,112,,,-4.5,1,0.3770642544674278,0.3676295236354927,0.3864989852993629,0.4495391975140159,,0.6528811761685757
2023-03-24,2022-23,LAL,OKC,116,111,,,-3.5,1,0.6386836316650644,0.6616765391911661,0.6156907241389625,0.6514362868152059,,0.6206865291604615
2023-03-24,2022-23,MEM,HOU,151,114,,,-12.5,1,0.883617552429169,0.8871025111668703,0.8801325936914677,0.9116958624587485,,0.8514281304931971
2023-03-24,2022-23,POR,CHI,96,124,,,6.5,0,0.39911052963963034,0.3894799602790218,0.40874109900023886,0.4703696675593976,,0.2890125525275827
2023-03-24,2022-23,TOR,DET,118,97,,,-13.5,1,0.869067080250097,0.8590986048320354,0.8790355556681586,0.8746917975448312,,0.868197092052344
2023-03-24,2022-23,SAC,PHX,135,127,,,-4.5,1,0.5599886557839233,0.5817632132266055,0.5382140983412412,0.6566903894557836,,0.6528811761685757
2023-03-24,2022-23,BOS,IND,120,95,,,-10.5,1,0.7890092509093944,0.8069904304667012,0.7710280713520877,0.852141581150502,,0.8126491965359115
2023-03-25,2022-23,PHX,PHI,125,105,,,-1.5,1,0.46063222857380715,0.47148358885034836,0.4497808682972659,0.4519416019543529,,0.5532803541656142
2023-03-25,2022-23,MIA,BKN,100,129,,,-5.5,0,0.6864850670766744,0.6832934158253343,0.6896767183280145,0.6939635403243075,,0.6837356127682949
2023-03-25,2022-23,SAC,UTA,121,113,,,-9.5,1,0.7495930244622948,0.7723609923061076,0.7268250566184821,0.7746942164982807,,0.790518217596245
2023-03-25,2022-23,LAC,NOP,110,131,,,-5.5,0,0.6719941919875315,0.6702380473106887,0.6737503366643743,0.7257481165621519,,0.6837356127682949
2023-03-25,2022-23,ATL,IND,143,130,,,-9.5,1,0.7090270990775065,0.7307986209378186,0.6872555772171944,0.7176511653828984,,0.790518217596245
2023-03-25,2022-23,DEN,MIL,129,106,,,-3.5,1,0.5509832225254595,0.5589315495258425,0.5430348955250766,0.5362191518843008,,0.6206865291604615
2023-03-26,2022-23,ORL,BKN,119,106,,,-1.5,1,0.5642447319302767,0.5820271127826896,0.5464623510778638,0.5447647348809933,,0.5532803541656142
2023-03-26,2022-23,GSW,MIN,96,99,,,-5.5,0,0.6399394984729665,0.6389617239815594,0.6409172729643737,0.6766887780629307,,0.6837356127682949
2023-03-26,2022-23,ATL,MEM,119,123,,,2.5,0,0.4285728895452011,0.4154127628430937,0.44173301624730854,0.4941296812557916,,0.41505045389637707
2023-03-26,2022-23,BOS,SAS,137,93,,,-17.5,1,0.9058369811381362,0.907362241006303,0.9043117212699693,0.9296039281876504,,0.919986984880304
2023-03-26,2022-23,LAL,CHI,108,118,,,-5.5,0,0.5421927223014454,0.5374357680777918,0.5469496765250991,0.6273914476949654,,0.6837356127682949
2023-03-26,2022-23,TOR,WAS,114,104,,,-9.5,1,0.7329179036181407,0.7470070939047264,0.718828713331555,0.7309259762536375,,0.790518217596245
2023-03-26,2022-23,CLE,HOU,108,91,,,-13.5,1,0.9017063097520325,0.9027554550753103,0.9006571644287547,0.9242871793668244,,0.868197092052344
2023-03-26,2022-23,POR,OKC,112,118,,,10.5,0,0.41621318688963505,0.4224105699371552,0.4100158038421149,0.4591694916544195,,0.18888924117694963
2023-03-26,2022-23,CHA,DAL,110,104,,,12.5,1,0.4813397508939754,0.45401987034275404,0.5086596314451968,0.5263326055955913,,0.149850591223406
2023-03-27,2022-23,SAC,MIN,115,119,,,-5.5,0,0.665444870064962,0.6932871481832219,0.6376025919467021,0.6770532339010578,,0.6837356127682949
2023-03-27,2022-23,NYK,HOU,137,115,,,-12.5,1,0.8957667671750101,0.9025556917764687,0.8889778425735516,0.9019652284128202,,0.8514281304931971
2023-03-27,2022-23,UTA,PHX,103,117,,,4.5,0,0.4031373186577807,0.39748620219168046,0.40878843512388097,0.4807546308837449,,0.3494051226951947
2023-03-27,2022-23,DET,MIL,117,126,,,11.5,0,0.26407806644462617,0.17818942429762935,0.34996670859162293,0.1846821217358241,,0.16847015425964673
2023-03-27,2022-23,LAC,CHI,124,112,,,-4.5,1,0.555800139423961,0.5923792040527502,0.5192210747951718,0.5903493957502379,,0.6528811761685757
2023-03-27,2022-23,DEN,PHI,116,111,,,-9.5,1,0.5203316499856634,0.5283226879304406,0.5123406120408861,0.5818967705568069,,0.790518217596245
2023-03-27,2022-23,IND,DAL,104,127,,,7.5,0,0.6388700990256888,0.6230460407681381,0.6546941572832397,0.5790744102685867,,0.26125623891201216
2023-03-27,2022-23,POR,NOP,90,124,,,11.5,0,0.36015042833644695,0.3345827055662086,0.38571815110668534,0.4681470196286651,,0.16847015425964673
2023-03-28,2022-23,ATL,CLE,120,118,,,-3.5,1,0.44443158587931164,0.41857368008664103,0.4702894916719822,0.451984901940355,,0.6206865291604615
2023-03-28,2022-23,WAS,BOS,130,111,,,10.5,1,0.29580259897783906,0.2810783110129084,0.3105268869427697,0.3652875157067743,,0.18888924117694963
2023-03-28,2022-23,GSW,NOP,120,109,,,-8.5,1,0.6425442183813839,0.6637590709051915,0.6213293658575761,0.6735844958016151,,0.7665240746293874
2023-03-28,2022-23,MEM,ORL,113,108,,,-6.5,1,0.7685296214005454,0.7757327542666113,0.7613264885344795,0.7982850632764211,,0.7130528657723422
2023-03-28,2022-23,TOR,MIA,106,92,,,-5.5,1,0.6281326033003531,0.6567600636336901,0.5995051429670163,0.676192681385651,,0.6837356127682949
2023-03-28,2022-23,OKC,CHA,134,137,,,-9.5,0,0.7056662726426666,0.7193598160009697,0.6919727292843636,0.7774391635968971,,0.790518217596245
2023-03-29,2022-23,IND,MIL,136,149,,,12.5,0,0.2911180954277405,0.28250270829799146,0.29973348255748955,0.3051274137877897,,0.149850591223406
2023-03-29,2022-23,OKC,DET,107,106,,,-9.5,1,0.8085440076774474,0.80226086952797,0.8148271458269247,0.8679211998355927,,0.790518217596245
2023-03-29,2022-23,NYK,MIA,101,92,,,-5.5,1,0.7428763112654801,0.7680767993273704,0.7176758232035898,0.7349665540451278,,0.6837356127682949
2023-03-29,2022-23,PHX,MIN,107,100,,,-5.5,1,0.6275326597150857,0.6557978799129787,0.5992674395171925,0.6693468627762841,,0.6837356127682949
2023-03-29,2022-23,BKN,HOU,123,114,,,-10.5,1,0.8047028501093135,0.8290518412992836,0.7803538589193435,0.8694138130567279,,0.8126491965359115
2023-03-29,2022-23,CHI,LAL,110,121,,,3.5,0,0.6518486917436233,0.6687146980060993,0.6349826854811473,0.6731585737829886,,0.3816878509294548
2023-03-29,2022-23,MEM,LAC,132,141,,,-1.5,0,0.6826652235243988,0.6773744316573213,0.6879560153914764,0.7426726314679586,,0.5532803541656142
2023-03-29,2022-23,POR,SAC,80,120,,,14.5,0,0.3063913400959203,0.29431306561554765,0.31846961457629297,0.3653976832837585,,0.11770936500261889
2023-03-29,2022-23,PHI,DAL,116,108,,,-5.5,1,0.772641008717542,0.7730698080152668,0.7722122094198173,0.8105576982457386,,0.6837356127682949
2023-03-29,2022-23,SAS,UTA,117,128,,,2.5,0,0.441430751954034,0.4146586807613339,0.46820282314673406,0.4479693582933455,,0.41505045389637707
2023-03-30,2022-23,DEN,NOP,88,107,,,-0.5,0,0.699269579368764,0.6743775564921882,0.7241616022453399,0.7563863365579423,,0.5186585439800319
2023-03-30,2022-23,MIL,BOS,99,140,,,-2.5,0,0.5973230916997194,0.5768932237468971,0.6177529596525416,0.6775906442309357,,0.5873929722941529
2023-03-31,2022-23,POR,SAC,114,138,,,14.5,0,0.277724270799233,0.265258704636221,0.29018983696224504,0.3211351205855378,,0.11770936500261889
2023-03-31,2022-23,CLE,NYK,116,130,,,-3.5,0,0.6537537385539836,0.6386777010178574,0.6688297760901096,0.6900641649261031,,0.6206865291604615
2023-03-31,2022-23,MEM,LAC,108,94,,,-5.5,1,0.6717175797676523,0.6809504242682296,0.6624847352670751,0.7071206564488297,,0.6837356127682949
2023-03-31,2022-23,MIN,LAL,111,123,,,1.5,0,0.5741446343822141,0.5916000876765488,0.5566891810878795,0.6446391333894504,,0.4492105947756774
2023-03-31,2022-23,BOS,UTA,122,114,,,-13.5,1,0.8221393034864741,0.8315524504286417,0.8127261565443065,0.8658196668008944,,0.868197092052344
2023-03-31,2022-23,HOU,DET,121,115,,,-6.5,1,0.5945771549565328,0.6080838784902741,0.5810704314227916,0.642085106282282,,0.7130528657723422
2023-03-31,2022-23,IND,OKC,121,117,,,5.5,1,0.4502248391130325,0.46877416133429484,0.4316755168917702,0.480378050564728,,0.31844658639079165
2023-03-31,2022-23,CHA,CHI,91,121,,,11.5,0,0.40674263373447583,0.38588733879246034,0.4275979286764913,0.475425167428811,,0.16847015425964673
2023-03-31,2022-23,BKN,ATL,124,107,,,1.5,1,0.5891407780482467,0.6154442343189892,0.5628373217775041,0.6636631790123118,,0.4492105947756774
2023-03-31,2022-23,GSW,SAS,130,115,,,-17.5,1,0.8867481728121227,0.8792833919001081,0.8942129537241372,0.8936811867275763,,0.919986984880304
2023-03-31,2022-23,PHX,DEN,100,93,,,-12.5,1,0.6185726457431133,0.6538790749231056,0.583266216563121,0.6211786631010758,,0.8514281304931971
2023-03-31,2022-23,PHI,TOR,117,110,,,-3.5,1,0.712820880660108,0.6904904673939394,0.7351512939262766,0.7600236484548817,,0.6206865291604615
2023-03-31,2022-23,WAS,ORL,109,116,,,5.5,0,0.5615774521466246,0.5604601615202183,0.562694742773031,0.6506828719272658,,0.31844658639079165
2023-04-01,2022-23,NOP,LAC,122,114,,,-4.5,1,0.65097179754208,0.703152228647628,0.598791366436532,0.6456706874732053,,0.6528811761685757
2023-04-01,2022-23,MIA,DAL,129,122,,,2.5,1,0.5922748028367435,0.5915745847683601,0.5929750209051268,0.6523340686806584,,0.41505045389637707
2023-04-02,2022-23,DEN,GSW,112,110,,,3.5,1,0.5641036856370814,0.5723001422569928,0.5559072290171698,0.6688986263737347,,0.3816878509294548
2023-04-02,2022-23,SAC,SAS,134,142,,,-16.5,0,0.8874378273015133,0.889314715419031,0.8855609391839957,0.9087679422901764,,0.9091173794696449
2023-04-02,2022-23,OKC,PHX,118,128,,,5.5,0,0.4898413755541696,0.48439071152025337,0.4952920395880859,0.5381816104553746,,0.31844658639079165
2023-04-02,2022-23,ATL,DAL,132,130,,,-3.5,1,0.6638285862674909,0.6669409733999117,0.6607161991350701,0.6529044251915364,,0.6206865291604615
2023-04-02,2022-23,ORL,DET,128,102,,,-11.5,1,0.8053032754318805,0.8095885173370332,0.8010180335267278,0.8503425495519946,,0.8329362310205675
2023-04-02,2022-23,NYK,WAS,118,109,,,-11.5,1,0.7815824064174532,0.7991779214613277,0.7639868913735788,0.7952184165035195,,0.8329362310205675
2023-04-02,2022-23,MIN,POR,105,107,,,-19.5,0,0.8163521886124594,0.8279935677125249,0.8047108095123939,0.8426336789296645,,0.938237097476741
2023-04-02,2022-23,CHI,MEM,128,107,,,-0.5,1,0.5070091163497203,0.5112370075189306,0.50278122518051,0.5642686598497274,,0.5186585439800319
2023-04-02,2022-23,CLE,IND,115,105,,,-12.5,1,0.8130117327139971,0.8158527844350898,0.8101706809929043,0.8474762642127116,,0.8514281304931971
2023-04-02,2022-23,CHA,TOR,108,128,,,15.5,0,0.3529193422606006,0.3388239347962674,0.3670147497249338,0.4324614023618251,,0.10399830273116084
2023-04-02,2022-23,MIL,PHI,117,104,,,-4.5,1,0.5390164246161812,0.5433034420338033,0.534729407198559,0.5948535124104181,,0.6528811761685757
2023-04-02,2022-23,BKN,UTA,111,110,,,-7.5,1,0.740900185516725,0.7259928909377719,0.7558074800956781,0.7501104963257271,,0.7406831670688772
2023-04-02,2022-23,HOU,LAL,109,134,,,12.5,0,0.29309246969813685,0.27639961340979985,0.3097853259864738,0.2851031045075369,,0.149850591223406
2023-04-04,2022-23,BKN,MIN,102,107,,,3.5,0,0.6027931944499985,0.6268678458957163,0.5787185430042806,0.6613131841726759,,0.3816878509294548
2023-04-04,2022-23,PHI,BOS,103,101,,,-3.5,1,0.5174243861803262,0.5409931500197569,0.4938556223408955,0.6044546062707078,,0.6206865291604615
2023-04-04,2022-23,GSW,OKC,136,125,,,-7.5,1,0.6855916444442391,0.6937679582112798,0.6774153306771986,0.7150859129592164,,0.7406831670688772
2023-04-04,2022-23,MEM,POR,119,109,,,-19.5,1,0.8828399098594676,0.883784141563894,0.8818956781550412,0.8807497593575551,,0.938237097476741
2023-04-04,2022-23,CHA,TOR,100,120,,,15.5,0,0.3158203580627964,0.312311687000312,0.3193290291252809,0.3970575270639398,,0.10399830273116084
2023-04-04,2022-23,NOP,SAC,103,121,,,-4.5,0,0.5799058987389463,0.6005527688966521,0.5592590285812405,0.6225942515597692,,0.6528811761685757
2023-04-04,2022-23,DET,MIA,105,118,,,13.5,0,0.3206299460905054,0.31310548875896194,0.3281544034220488,0.3222421639662056,,0.132959841458717
2023-04-04,2022-23,CHI,ATL,105,123,,,-5.5,0,0.6980401633521893,0.7105001295720828,0.6855801971322958,0.7276425623328514,,0.6837356127682949
2023-04-04,2022-23,WAS,MIL,128,140,,,14.5,0,0.34389560647973516,0.35787296375277405,0.32991824920669627,0.4088770869767317,,0.11770936500261889
2023-04-04,2022-23,ORL,CLE,113,117,,,3.5,0,0.40993088948591766,0.42543839695075264,0.3944233820210827,0.4687372265489208,,0.3816878509294548
2023-04-04,2022-23,UTA,LAL,133,135,,,11.5,0,0.4076287233843193,0.4154917954588651,0.3997656513097736,0.4658454393642965,,0.16847015425964673
2023-04-04,2022-23,HOU,DEN,124,103,,,11.5,1,0.2845252513892311,0.24386254503641744,0.32518795774204484,0.2387967356696857,,0.16847015425964673
2023-04-04,2022-23,PHX,SAS,115,94,,,-19.5,1,0.8832144441060523,0.876100456659132,0.8903284315529726,0.9013693866840132,,0.938237097476741
2023-04-05,2022-23,IND,NYK,129,138,,,4.5,0,0.32348456454284324,0.2999835680204057,0.34698556106528083,0.3574925608360123,,0.3494051226951947
2023-04-05,2022-23,DET,BKN,108,123,,,11.5,0,0.30579559785460053,0.3002565431866712,0.3113346525225298,0.291118319691084,,0.16847015425964673
2023-04-05,2022-23,DAL,SAC,123,119,,,-6.5,1,0.5280929313094669,0.518686678214623,0.5374991844043107,0.4976107234483964,,0.7130528657723422
2023-04-05,2022-23,NOP,MEM,138,131,,,-6.5,1,0.5564873726606123,0.5587543365823674,0.5542204087388571,0.5540335432107576,,0.7130528657723422
2023-04-05,2022-23,BOS,TOR,97,93,,,1.5,1,0.7375395612484597,0.72819644026512,0.7468826822317994,0.7553731608444447,,0.4492105947756774
2023-04-05,2022-23,MIL,CHI,105,92,,,-5.5,1,0.714569939044672,0.7197420970732593,0.7093977810160846,0.752554576642112,,0.6837356127682949
2023-04-05,2022-23,ATL,WAS,134,116,,,-13.5,1,0.7292799855368337,0.7292159915339372,0.7293439795397303,0.719814481610507,,0.868197092052344
2023-04-05,2022-23,LAC,LAL,125,118,,,1.5,1,0.5901643421934026,0.63145989584211,0.5488687885446952,0.5954764156168707,,0.4492105947756774
2023-04-06,2022-23,UTA,OKC,98,114,,,7.5,0,0.5054796309166891,0.510836589803051,0.5001226720303271,0.5613375875549085,,0.26125623891201216
2023-04-06,2022-23,PHI,MIA,101,129,,,-1.5,0,0.7401050947197171,0.7454444236561537,0.7347657657832805,0.7939182057029651,,0.5532803541656142
2023-04-06,2022-23,ORL,CLE,94,118,,,-5.5,0,0.42046939776671105,0.4180530393853697,0.4228857561480524,0.4532828269604002,,0.6837356127682949
2023-04-06,2022-23,SAS,POR,129,127,,,-5.5,1,0.5470489038209412,0.5631022509804857,0.5309955566613965,0.5887682927095429,,0.6837356127682949
2023-04-06,2022-23,PHX,DEN,119,115,,,-13.5,1,0.6789016196377814,0.6923020971519201,0.6655011421236426,0.6948295597303463,,0.868197092052344
2023-04-07,2022-23,WAS,MIA,114,108,,,4.5,1,0.5282983564706435,0.519162599524172,0.537434113417115,0.4999195175375158,,0.3494051226951947
2023-04-07,2022-23,CHA,HOU,109,112,,,5.5,0,0.63969997999849,0.6538917255300414,0.6255082344669387,0.7090528340127119,,0.31844658639079165
2023-04-07,2022-23,DAL,CHI,112,115,,,-1.5,0,0.5126253765320474,0.5320520924936697,0.4931986605704252,0.5699478279155513,,0.5532803541656142
2023-04-07,2022-23,SAC,GSW,97,119,,,10.5,0,0.5981394370302935,0.619974955873283,0.5763039181873041,0.6559431397883239,,0.18888924117694963
2023-04-07,2022-23,ATL,PHI,131,136,,,-12.5,0,0.6034427943584932,0.5971492095210977,0.6097363791958889,0.5284600900688963,,0.8514281304931971
2023-04-07,2022-23,NOP,NYK,113,105,,,-8.5,1,0.5111856078236348,0.48110445469910845,0.5412667609481612,0.5369224698853701,,0.7665240746293874
2023-04-07,2022-23,BKN,ORL,101,84,,,-9.5,1,0.7199490864058099,0.7493984201609227,0.6904997526506971,0.7189265819778284,,0.790518217596245
2023-04-07,2022-23,LAL,PHX,121,107,,,-13.5,1,0.5742209400892517,0.604155543330177,0.5442863368483265,0.5866845627198551,,0.868197092052344
2023-04-07,2022-23,IND,DET,115,122,,,-6.5,0,0.7432909882408252,0.7510704605815198,0.7355115159001306,0.796944244387387,,0.7130528657723422
2023-04-07,2022-23,BOS,TOR,121,102,,,1.5,1,0.7218569395157308,0.7180187791598497,0.725695099871612,0.7614351956115226,,0.4492105947756774
2023-04-07,2022-23,MIL,MEM,114,137,,,8.5,0,0.654096308125973,0.6519473826251951,0.6562452336267507,0.7117353461419871,,0.23528346065663988
2023-04-08,2022-23,SAS,MIN,131,151,,,15.5,0,0.28271868579677883,0.30646414666498895,0.25897322492856867,0.3373073337616665,,0.10399830273116084
2023-04-08,2022-23,LAC,POR,136,125,,,-16.5,1,0.8256941313082304,0.837749361178385,0.8136389014380758,0.8504707382212526,,0.9091173794696449
2023-04-08,2022-23,UTA,DEN,118,114,,,10.5,1,0.42849729334041076,0.4349377059313467,0.4220568807494749,0.4586219214806084,,0.18888924117694963
2023-04-09,2022-23,POR,GSW,101,157,,,17.5,0,0.23618231924429017,0.21809902941665285,0.25426560907192747,0.2955600199663435,,0.08075763540441075
2023-04-09,2022-23,MIA,ORL,123,110,,,-5.5,1,0.6868799523790519,0.7039660083358932,0.6697938964222107,0.7391823524581224,,0.6837356127682949
2023-04-09,2022-23,NYK,IND,136,141,,,-9.5,0,0.8208208456080301,0.850057770587071,0.7915839206289893,0.8631624063148807,,0.790518217596245
2023-04-09,2022-23,CHI,DET,103,81,,,-8.5,1,0.8698953335771886,0.8668271745369948,0.8729634926173824,0.8921937026882047,,0.7665240746293874
2023-04-09,2022-23,DEN,SAC,109,95,,,5.5,1,0.4931919095626991,0.47656994420619214,0.509813874919206,0.6242668080947829,,0.31844658639079165
2023-04-09,2022-23,TOR,MIL,121,105,,,-3.5,1,0.548612660449169,0.5319869640609829,0.565238356837355,0.5608467488046879,,0.6206865291604615
2023-04-09,2022-23,LAL,UTA,128,117,,,-16.5,1,0.7972866765242717,0.8256037715039382,0.7689695815446052,0.8023681294498559,,0.9091173794696449
2023-04-09,2022-23,WAS,HOU,109,114,,,4.5,0,0.7416310450768159,0.7432747228217088,0.7399873673319229,0.7901101630741093,,0.3494051226951947
2023-04-09,2022-23,BOS,ATL,120,114,,,-4.5,1,0.7547588969045047,0.7712237926371948,0.7382940011718147,0.8105943649323035,,0.6528811761685757
2023-04-09,2022-23,OKC,MEM,115,100,,,-2.5,1,0.43132449779207516,0.41153245702616575,0.45111653855798456,0.4906029303446417,,0.5873929722941529
2023-04-09,2022-23,MIN,NOP,113,108,,,-3.5,1,0.5354298449676969,0.5239747477086876,0.546884942226706,0.622850643980428,,0.6206865291604615
2023-04-09,2022-23,DAL,SAS,117,138,,,-3.5,0,0.8369385973800185,0.8567126134042757,0.8171645813557612,0.8351499337884457,,0.6206865291604615
2023-04-09,2022-23,BKN,PHI,105,134,,,-1.5,0,0.5365433151548573,0.5086868923787224,0.5643997379309921,0.5318535119376544,,0.5532803541656142
2023-04-09,2022-23,CLE,CHA,95,106,,,-5.5,0,0.8854009428852918,0.8807058550773058,0.8900960306932778,0.8911863109362732,,0.6837356127682949
2023-04-09,2022-23,PHX,LAC,114,119,,,9.5,0,0.6921872150185789,0.7187874239204834,0.6655870061166744,0.6963625943818396,,0.21115472978709024
2023-10-24,2023-24,DEN,LAL,119,107,,,-4.5,1,0.5811222449085235,0.5741556135125592,0.5880888763044878,0.7238179166019117,,0.6528811761685757
2023-10-24,2023-24,GSW,PHX,104,108,,,-3.5,0,0.6252478523408582,0.6164919372232177,0.6340037674584988,0.6707128497005316,,0.6206865291604615
2023-10-25,2023-24,IND,WAS,143,120,,,-4.5,1,0.4935618517220113,0.5167097519781988,0.4704139514658238,0.5944622418554408,,0.6528811761685757
2023-10-25,2023-24,SAS,DAL,119,126,,,4.5,0,0.4678742371233885,0.4071834245789934,0.5285650496677835,0.5191145005422737,,0.3494051226951947
2023-10-25,2023-24,NYK,BOS,104,108,,,4.5,0,0.4901996218228758,0.5115535365469733,0.46884570709877826,0.5712658254932764,,0.3494051226951947
2023-10-25,2023-24,CHI,OKC,104,124,,,-2.5,0,0.6231488491974904,0.6105950706460118,0.6357026277489689,0.6693485357279945,,0.5873929722941529
2023-10-25,2023-24,CHA,ATL,116,110,,,4.5,1,0.38489406721103353,0.37617138592484733,0.3936167484972197,0.4903723919979922,,0.3494051226951947
2023-10-25,2023-24,UTA,SAC,114,130,,,1.5,0,0.39556745670640214,0.38466165808187375,0.40647325533093054,0.5167994228905617,,0.4492105947756774
2023-10-25,2023-24,LAC,POR,123,111,,,-10.5,1,0.7555087593669806,0.7820943721563902,0.728923146577571,0.8147714710015405,,0.8126491965359115
2023-10-25,2023-24,TOR,MIN,97,94,,,-0.5,1,0.5849508658358664,0.6022853547381918,0.567616376933541,0.6801233053491152,,0.5186585439800319
2023-10-25,2023-24,BKN,CLE,113,114,,,1.5,0,0.46526478200638416,0.4496098988331672,0.4809196651796011,0.5561473722134627,,0.4492105947756774
2023-10-25,2023-24,MIA,DET,103,102,,,-9.5,1,0.8478887538813837,0.8345895275307812,0.8611879802319864,0.8812758180957259,,0.790518217596245
2023-10-25,2023-24,MEM,NOP,104,111,,,-1.5,0,0.5958509589211707,0.5836080453869875,0.608093872455354,0.672995224890285,,0.5532803541656142
2023-10-25,2023-24,ORL,HOU,116,86,,,-4.5,1,0.6605874576769273,0.6588910866943735,0.6622838286594811,0.744295946349538,,0.6528811761685757
2023-10-26,2023-24,MIL,PHI,118,117,,,-5.5,1,0.48876013950965647,0.4882258904529436,0.48929438856636936,0.5677533613221807,,0.6837356127682949
2023-10-26,2023-24,LAL,PHX,100,95,,,-6.5,1,0.584732479039132,0.5771392713858043,0.5923256866924594,0.6538683577152553,,0.7130528657723422
2023-10-27,2023-24,BOS,MIA,119,111,,,-8.5,1,0.6415561304701174,0.6289468443079739,0.654165416632261,0.7031500325305007,,0.7665240746293874
2023-10-27,2023-24,ATL,NYK,120,126,,,-0.5,0,0.46657042112737046,0.4536908712827618,0.47944997097197906,0.5710132773109681,,0.5186585439800319
2023-10-27,2023-24,CHA,DET,99,111,,,-4.5,0,0.6801187868842933,0.666567554204085,0.6936700195645015,0.7553329027163949,,0.6528811761685757
2023-10-27,2023-24,CLE,OKC,105,108,,,-2.5,0,0.5980194723898506,0.6045629708515858,0.5914759739281156,0.6719709186684719,,0.5873929722941529
2023-10-27,2023-24,SAC,GSW,114,122,,,-3.5,0,0.4846896653861571,0.5305869294100939,0.4387924013622203,0.6185213433558784,,0.6206865291604615
2023-10-27,2023-24,SAS,HOU,126,122,,,-2.5,1,0.577754278637349,0.5647739969539827,0.5907345603207153,0.6367676362998039,,0.5873929722941529
2023-10-27,2023-24,CHI,TOR,104,103,,,-2.5,1,0.4995294473413746,0.4979227870046495,0.5011361076780998,0.589242766040333,,0.5873929722941529
2023-10-27,2023-24,DAL,BKN,125,120,,,-6.5,1,0.516481293210941,0.5331927471378535,0.49976983928402857,0.6113104116570303,,0.7130528657723422
2023-10-27,2023-24,MEM,DEN,104,108,,,5.5,0,0.46346657708685185,0.47442310214652844,0.45251005202717526,0.4929854765260081,,0.31844658639079165
2023-10-27,2023-24,POR,ORL,97,102,,,4.5,0,0.3919499123012104,0.3661724046817698,0.417727419920651,0.4779357526873398,,0.3494051226951947
2023-10-27,2023-24,UTA,LAC,120,118,,,4.5,1,0.4220325386713477,0.3857490884042919,0.4583159889384035,0.5051979880970298,,0.3494051226951947
2023-10-28,2023-24,NOP,NYK,96,87,,,-3.5,1,0.5651912006178293,0.5707681371821056,0.5596142640535531,0.5891243336925495,,0.6206865291604615
2023-10-28,2023-24,CLE,IND,113,125,,,3.5,0,0.6920917985926508,0.6762975190417087,0.707886078143593,0.7727187218324044,,0.3816878509294548
2023-10-28,2023-24,MIN,MIA,106,90,,,-8.5,1,0.546498830505936,0.5429096413436976,0.5500880196681742,0.5544205661155132,,0.7665240746293874
2023-10-28,2023-24,WAS,MEM,113,106,,,-0.5,1,0.5066665674350277,0.4962129412175287,0.5171201936525266,0.5144392181538572,,0.5186585439800319
2023-10-28,2023-24,DET,CHI,118,102,,,2.5,1,0.37112019905322385,0.36018706645011966,0.38205333165632804,0.4037827793617961,,0.41505045389637707
2023-10-28,2023-24,TOR,PHI,107,114,,,4.5,0,0.48979902600714986,0.44369974748208896,0.5358983045322108,0.5689783957431156,,0.3494051226951947
2023-10-28,2023-24,PHX,UTA,126,104,,,-5.5,1,0.7351639594141566,0.7492160595850232,0.7211118592432899,0.7753624288412494,,0.6837356127682949
2023-10-29,2023-24,HOU,GSW,95,106,,,7.5,0,0.28180681208166647,0.2537094842904291,0.3099041398729038,0.350707854492053,,0.26125623891201216
2023-10-29,2023-24,LAC,SAS,123,83,,,-9.5,1,0.7332972757726601,0.7436977430928565,0.7228968084524637,0.8073144665180769,,0.790518217596245
2023-10-29,2023-24,PHI,POR,126,98,,,-9.5,1,0.8605834687759539,0.8419606107682049,0.8792063267837029,0.8849348467081855,,0.790518217596245
2023-10-29,2023-24,SAC,LAL,132,127,,,-2.5,1,0.5012523667249562,0.5208368234140897,0.4816679100358229,0.5908320763890004,,0.5873929722941529
2023-10-29,2023-24,OKC,DEN,95,128,,,3.5,0,0.46121260745509607,0.47107737140342426,0.4513478435067679,0.4907148396673038,,0.3816878509294548
2023-10-29,2023-24,MIL,ATL,110,127,,,-6.5,0,0.6385876569780877,0.6186324497656512,0.6585428641905241,0.6995847063161773,,0.7130528657723422
2023-10-30,2023-24,OKC,DET,124,112,,,-6.5,1,0.7226057166956976,0.7112603636848305,0.7339510697065649,0.811446588897605,,0.7130528657723422
2023-10-30,2023-24,IND,CHI,105,112,,,-3.5,0,0.49226618605650563,0.5123627319703348,0.47216964014267654,0.5885380219219454,,0.6206865291604615
2023-10-30,2023-24,DEN,UTA,110,102,,,-9.5,1,0.7992193537402796,0.7679748423518148,0.8304638651287444,0.8788687251452433,,0.790518217596245
2023-10-30,2023-24,CHA,BKN,121,133,,,1.5,0,0.45231948769733454,0.44411458843323687,0.4605243869614323,0.5311964915147741,,0.4492105947756774
2023-10-30,2023-24,WAS,BOS,107,126,,,10.5,0,0.3060766526384584,0.2877462092699124,0.32440709600700435,0.3830785414158886,,0.18888924117694963
2023-10-30,2023-24,NOP,GSW,102,130,,,-2.5,0,0.5538828527919988,0.5792187663815994,0.5285469392023981,0.5954764655208388,,0.5873929722941529
2023-10-30,2023-24,ATL,MIN,127,113,,,2.5,1,0.548027397403795,0.5460823274414216,0.5499724673661686,0.6430959166835032,,0.41505045389637707
2023-10-30,2023-24,MIL,MIA,122,114,,,-7.5,1,0.5172828454085571,0.5130182698818645,0.5215474209352496,0.6006172723086339,,0.7406831670688772
2023-10-30,2023-24,LAL,ORL,106,103,,,-3.5,1,0.6639336587693403,0.6335219016378569,0.6943454159008235,0.7400205777415354,,0.6206865291604615
2023-10-30,2023-24,TOR,POR,91,99,,,-9.5,0,0.8392213641487714,0.8384920314928265,0.8399506968047161,0.8401187466860041,,0.790518217596245
2023-10-30,2023-24,MEM,DAL,110,125,,,-1.5,0,0.6237350612659069,0.6096930799530593,0.6377770425787544,0.7028111567974593,,0.5532803541656142
2023-10-31,2023-24,CLE,NYK,91,109,,,1.5,0,0.49977662618771856,0.47635470696095744,0.5231985454144797,0.5949233816404991,,0.4492105947756774
2023-10-31,2023-24,LAC,ORL,118,102,,,-6.5,1,0.7112774432239707,0.7133005585223287,0.7092543279256127,0.7037943227721427,,0.7130528657723422
2023-10-31,2023-24,PHX,SAS,114,115,,,-7.5,0,0.7791908067640656,0.7658582572997966,0.7925233562283345,0.8449690160992477,,0.7406831670688772
2023-11-01,2023-24,DET,POR,101,110,,,-3.5,0,0.5781816336280197,0.5584255461928344,0.5979377210632049,0.6357170380657966,,0.6206865291604615
2023-11-01,2023-24,UTA,MEM,133,109,,,-2.5,1,0.4577399434713293,0.43904927612898564,0.4764306108136729,0.5287253781960362,,0.5873929722941529
2023-11-01,2023-24,OKC,NOP,106,110,,,-3.5,0,0.5655775593403243,0.5599705108794636,0.5711846078011851,0.646720781220088,,0.6206865291604615
2023-11-01,2023-24,BOS,IND,155,104,,,-12.5,1,0.7748279653899366,0.7902925796148825,0.7593633511649908,0.8456246135776936,,0.8514281304931971
2023-11-01,2023-24,MIN,DEN,110,89,,,2.5,1,0.3636540276478647,0.3760249634784549,0.35128309181727446,0.4201111030072613,,0.41505045389637707
2023-11-01,2023-24,TOR,MIL,130,111,,,4.5,1,0.5093191325440535,0.5100379111362964,0.5086003539518106,0.6135281081502043,,0.3494051226951947
2023-11-01,2023-24,HOU,CHA,128,119,,,-3.5,1,0.5180880792660902,0.4922188404328022,0.5439573180993784,0.5887941971058537,,0.6206865291604615
2023-11-01,2023-24,LAL,LAC,130,125,,,-3.5,1,0.6174029744027768,0.6312865526756917,0.6035193961298619,0.6773492013356471,,0.6206865291604615
2023-11-01,2023-24,NYK,CLE,89,95,,,-5.5,0,0.690499283282702,0.704678913729231,0.6763196528361731,0.72515340061255,,0.6837356127682949
2023-11-01,2023-24,MIA,BKN,105,109,,,-6.5,0,0.6325983159967044,0.6340996722868896,0.6310969597065191,0.7121047578182399,,0.7130528657723422
2023-11-01,2023-24,DAL,CHI,114,105,,,-2.5,1,0.5588450074306509,0.5697202919717571,0.5479697228895447,0.6234492511937987,,0.5873929722941529
2023-11-01,2023-24,ATL,WAS,130,121,,,-10.5,1,0.7087878497029936,0.7015783958385398,0.7159973035674475,0.7552775758002056,,0.8126491965359115
2023-11-01,2023-24,GSW,SAC,102,101,,,-7.5,1,0.6657304052999731,0.6394043135684753,0.692056497031471,0.7188220651054195,,0.7406831670688772
2023-11-02,2023-24,NOP,DET,125,116,,,-4.5,1,0.7808606854909134,0.7921026756598484,0.7696186953219784,0.8311439510926067,,0.6528811761685757
2023-11-02,2023-24,PHI,TOR,114,99,,,-7.5,1,0.7146141210711543,0.729717300731382,0.6995109414109265,0.7377403799900863,,0.7406831670688772
2023-11-02,2023-24,PHX,SAS,121,132,,,-10.5,0,0.755123360555342,0.7543201140890778,0.7559266070216062,0.8323727695109996,,0.8126491965359115
2023-11-02,2023-24,UTA,ORL,113,115,,,1.5,0,0.4990819055312853,0.49385011726981554,0.504313693792755,0.603158744097408,,0.4492105947756774
2023-11-03,2023-24,MIA,WAS,121,114,,,-8.5,1,0.7132141128474069,0.7098584287410958,0.7165697969537179,0.7675884061974894,,0.7665240746293874
2023-11-03,2023-24,POR,MEM,115,113,,,3.5,1,0.4011682710983545,0.39867581246615974,0.40366072973054923,0.4916020372783071,,0.3816878509294548
2023-11-03,2023-24,DEN,DAL,125,114,,,-5.5,1,0.6846767503539997,0.6978402764567768,0.6715132242512225,0.8066886624149715,,0.6837356127682949
2023-11-03,2023-24,CHI,BKN,107,109,,,-3.5,0,0.5319954884037539,0.5449337547605367,0.5190572220469711,0.6313084909994017,,0.6206865291604615
2023-11-03,2023-24,MIL,NYK,110,105,,,-6.5,1,0.4933272526965203,0.4754947538119715,0.5111597515810691,0.5795160381313619,,0.7130528657723422
2023-11-03,2023-24,IND,CLE,121,116,,,1.5,1,0.47434546900910873,0.4482524087368862,0.5004385292813313,0.5207997743674113,,0.4492105947756774
2023-11-03,2023-24,OKC,GSW,139,141,,,6.5,0,0.4313963184036408,0.4048443320182785,0.457948304789003,0.519502946082694,,0.2890125525275827
2023-11-04,2023-24,DEN,CHI,123,101,,,-9.5,1,0.7682287497538824,0.7739372508374418,0.7625202486703231,0.8174687528554542,,0.790518217596245
2023-11-04,2023-24,NOP,ATL,105,123,,,-1.5,0,0.5099882341723482,0.5083258989652837,0.5116505693794127,0.6269919067884627,,0.5532803541656142
2023-11-04,2023-24,ORL,LAL,120,101,,,3.5,1,0.4480938564405896,0.43836197737152294,0.4578257355096562,0.5087496058766723,,0.3816878509294548
2023-11-04,2023-24,PHI,PHX,112,100,,,-5.5,1,0.6881072958934258,0.6711254335070096,0.7050891582798421,0.7513727081838504,,0.6837356127682949
2023-11-04,2023-24,IND,CHA,124,125,,,-5.5,0,0.6022307915780747,0.6040977028094271,0.6003638803467222,0.7171579722712862,,0.6837356127682949
2023-11-04,2023-24,BKN,BOS,114,124,,,9.5,0,0.335536228528948,0.28608765323593066,0.3849848038219653,0.4401078310990387,,0.21115472978709024
2023-11-04,2023-24,MIN,UTA,123,95,,,-7.5,1,0.679300362487331,0.6618761648270111,0.6967245601476509,0.7611777157106143,,0.7406831670688772
2023-11-04,2023-24,HOU,SAC,107,89,,,2.5,1,0.31423839198825065,0.2976192532796878,0.3308575306968135,0.3993424402849282,,0.41505045389637707
2023-11-05,2023-24,CLE,GSW,115,104,,,-0.5,1,0.4314381798332798,0.40408633585782266,0.45879002380873696,0.5155742000601857,,0.5186585439800319
2023-11-05,2023-24,DAL,CHA,124,118,,,-11.5,1,0.7485944348517993,0.7619813876090115,0.7352074820945872,0.765149308697754,,0.8329362310205675
2023-11-05,2023-24,DET,PHX,106,120,,,3.5,0,0.402514545164923,0.4011741814983012,0.40385490883154485,0.3978394784782121,,0.3816878509294548
2023-11-05,2023-24,SAS,TOR,116,123,,,4.5,0,0.41462651811312645,0.40793093217609117,0.42132210405016174,0.450085134121151,,0.3494051226951947
2023-11-05,2023-24,POR,MEM,100,112,,,3.5,0,0.4345503426240068,0.4065775162583483,0.4625231689896654,0.5070496244275066,,0.3816878509294548
2023-11-06,2023-24,NYK,LAC,111,97,,,-1.5,1,0.555889382891894,0.590840303290101,0.5209384624936872,0.6824195462851941,,0.5532803541656142
2023-11-06,2023-24,PHI,WAS,146,128,,,-11.5,1,0.774982951739148,0.7777080104626397,0.7722578930156564,0.8420448153448851,,0.8329362310205675
2023-11-06,2023-24,DEN,NOP,134,116,,,-5.5,1,0.7394772578809146,0.7477908744022801,0.731163641359549,0.8053531579698945,,0.6837356127682949
2023-11-06,2023-24,CHI,UTA,130,113,,,-3.5,1,0.6363498935528115,0.6132732283609916,0.6594265587446313,0.7144513740039912,,0.6206865291604615
2023-11-06,2023-24,BKN,MIL,125,129,,,4.5,0,0.49870419535196664,0.4944415560781788,0.5029668346257544,0.6001246439494045,,0.3494051226951947
2023-11-06,2023-24,OKC,ATL,126,117,,,-0.5,1,0.4841487347485221,0.46496776586621436,0.5033297036308298,0.5747086170813562,,0.5186585439800319
2023-11-06,2023-24,MIA,LAL,108,107,,,-1.5,1,0.5753364131442018,0.5871966257756652,0.5634762005127384,0.632960711704952,,0.5532803541656142
2023-11-06,2023-24,ORL,DAL,102,117,,,-1.5,0,0.5752464136459254,0.598616095406899,0.5518767318849518,0.6289460231662367,,0.5532803541656142
2023-11-06,2023-24,MIN,BOS,114,109,,,3.5,1,0.3872436888682902,0.37888271998325923,0.3956046577533212,0.4799095242099531,,0.3816878509294548
2023-11-06,2023-24,IND,SAS,152,111,,,-8.5,1,0.6825535053605966,0.6753465357930184,0.6897604749281747,0.7131746315818559,,0.7665240746293874
2023-11-06,2023-24,HOU,SAC,122,97,,,2.5,1,0.38669592191228946,0.3715898048268171,0.40180203899776185,0.4590434116649918,,0.41505045389637707
2023-11-06,2023-24,DET,GSW,109,120,,,8.5,0,0.2777384540983014,0.24789327678058728,0.3075836314160155,0.2882760731386512,,0.23528346065663988
2023-11-08,2023-24,CHI,PHX,115,116,,,-0.5,0,0.5178630412807617,0.5257881018679706,0.5099379806935526,0.5932626188532237,,0.5186585439800319
2023-11-08,2023-24,HOU,LAL,128,94,,,1.5,1,0.3967395131886863,0.38282288613760745,0.41065614023976516,0.4420199571799191,,0.4492105947756774
2023-11-08,2023-24,SAC,POR,121,118,,,-8.5,1,0.7391375814840326,0.7221536038652515,0.7561215591028136,0.7780105695556029,,0.7665240746293874
2023-11-08,2023-24,OKC,CLE,128,120,,,2.5,1,0.5536451717109638,0.5451964547725735,0.5620938886493543,0.6273211335377432,,0.41505045389637707
2023-11-08,2023-24,CHA,WAS,116,132,,,-2.5,0,0.5158099102466233,0.5014224131574498,0.5301974073357967,0.5860190491099807,,0.5873929722941529
2023-11-08,2023-24,MEM,MIA,102,108,,,1.5,0,0.4910896852468182,0.45898374672156234,0.5231956237720741,0.5578233482157593,,0.4492105947756774
2023-11-08,2023-24,BKN,LAC,100,93,,,5.5,1,0.4862164145676109,0.48933377422750335,0.48309905490771843,0.6020852283944939,,0.31844658639079165
2023-11-08,2023-24,DEN,GSW,108,105,,,-4.5,1,0.6208609248725112,0.6126995748300716,0.6290222749149509,0.7180624123326702,,0.6528811761685757
2023-11-08,2023-24,IND,UTA,134,118,,,-5.5,1,0.6083274868199758,0.6076101520648847,0.609044821575067,0.6874972934316939,,0.6837356127682949
2023-11-08,2023-24,MIL,DET,120,118,,,-12.5,1,0.7713263437800923,0.7945809427954738,0.7480717447647109,0.8533251809063768,,0.8514281304931971
2023-11-08,2023-24,PHI,BOS,106,103,,,2.5,1,0.48827199146406003,0.5075118697576915,0.4690321131704286,0.6051239560636709,,0.41505045389637707
2023-11-08,2023-24,NYK,SAS,126,105,,,-9.5,1,0.7609115752770022,0.7773577014505676,0.7444654491034367,0.8521973231487517,,0.790518217596245
2023-11-08,2023-24,DAL,TOR,116,127,,,-4.5,0,0.5650538615778729,0.5556834533790086,0.5744242697767372,0.620866728525028,,0.6528811761685757
2023-11-08,2023-24,MIN,NOP,122,101,,,-9.5,1,0.639306690776001,0.6290269488029098,0.6495864327490923,0.7018192007920144,,0.790518217596245
2023-11-09,2023-24,IND,MIL,126,124,,,1.5,1,0.5171284760867438,0.5215772324078052,0.5126797197656826,0.5343750431494918,,0.4492105947756774
2023-11-09,2023-24,ORL,ATL,119,120,,,3.5,0,0.43951684961391857,0.42642284228164645,0.45261085694619063,0.5350002080326082,,0.3816878509294548
2023-11-10,2023-24,SAC,OKC,105,98,,,1.5,1,0.48366673688975403,0.49398957014802836,0.47334390363147966,0.5942440234392868,,0.4492105947756774
2023-11-10,2023-24,BOS,BKN,121,107,,,-11.5,1,0.74557260896244,0.766325770765601,0.724819447159279,0.8049324194128257,,0.8329362310205675
2023-11-10,2023-24,SAS,MIN,110,117,,,7.5,0,0.3100935201848282,0.3023526076732939,0.3178344326963625,0.3582743488274397,,0.26125623891201216
2023-11-10,2023-24,MEM,UTA,121,127,,,-4.5,0,0.6428952956719812,0.6366186997956681,0.6491718915482944,0.7283022901994847,,0.6528811761685757
2023-11-10,2023-24,DET,PHI,106,114,,,8.5,0,0.2127100158579185,0.1892701871156873,0.2361498446001497,0.2412377274078152,,0.23528346065663988
2023-11-10,2023-24,WAS,CHA,117,124,,,-3.5,0,0.6565968454248478,0.6529278427813384,0.6602658480683571,0.7286199177409672,,0.6206865291604615
2023-11-10,2023-24,DAL,LAC,144,126,,,-1.5,1,0.5363006640296768,0.528559494713014,0.5440418333463395,0.6226861236180965,,0.5532803541656142
2023-11-10,2023-24,PHX,LAL,119,122,,,-2.5,0,0.5657200517594085,0.5886517104488997,0.5427883930699174,0.6590661053154857,,0.5873929722941529
2023-11-10,2023-24,HOU,NOP,104,101,,,-3.5,1,0.5233244332466762,0.5081876762079074,0.5384611902854449,0.5605772315906108,,0.6206865291604615
2023-11-11,2023-24,ATL,MIA,109,117,,,-7.5,0,0.5670721770502671,0.5551994501178447,0.5789449039826895,0.6356520565768865,,0.7406831670688772
2023-11-11,2023-24,GSW,CLE,110,118,,,-4.5,0,0.6860276197967572,0.6767828965608723,0.6952723430326421,0.7328245541657469,,0.6528811761685757
2023-11-11,2023-24,ORL,MIL,112,97,,,2.5,1,0.506715387792785,0.4812995827458154,0.5321311928397545,0.5501473759312905,,0.41505045389637707
2023-11-11,2023-24,BOS,TOR,117,94,,,-9.5,1,0.6944502728195937,0.687686065137181,0.7012144805020064,0.7680378220874722,,0.790518217596245
2023-11-12,2023-24,NYK,CHA,129,107,,,-11.5,1,0.7584254579542877,0.7630484904716639,0.7538024254369116,0.842320699978785,,0.8329362310205675
2023-11-12,2023-24,GSW,MIN,110,116,,,-3.5,0,0.5297547507863949,0.5193195969394117,0.540189904633378,0.6585750461406858,,0.6206865291604615
2023-11-12,2023-24,NOP,DAL,124,136,,,3.5,0,0.4619201198475307,0.4893843172560345,0.43445592243902686,0.6080816662281963,,0.3816878509294548
2023-11-12,2023-24,HOU,DEN,107,104,,,4.5,1,0.29344299028147514,0.2765918522917442,0.310294128271206,0.3305573834825854,,0.3494051226951947
2023-11-12,2023-24,BKN,WAS,102,94,,,-6.5,1,0.6161072162253998,0.6194587518940746,0.6127556805567249,0.7230638822958079,,0.7130528657723422
2023-11-12,2023-24,CHI,DET,119,108,,,-6.5,1,0.7265756491653668,0.7465768670944086,0.7065744312363248,0.817866654251945,,0.7130528657723422
2023-11-12,2023-24,SAS,MIA,113,118,,,1.5,0,0.3323835207872973,0.3655225470102408,0.29924449456435387,0.3450760736940639,,0.4492105947756774
2023-11-12,2023-24,LAL,POR,116,110,,,-8.5,1,0.7349115795024133,0.7326653179525653,0.7371578410522611,0.8133037166130175,,0.7665240746293874
2023-11-12,2023-24,PHX,OKC,99,111,,,-4.5,0,0.5701290775922248,0.558231731195117,0.5820264239893326,0.6481635566509539,,0.6528811761685757
2023-11-12,2023-24,PHI,IND,137,126,,,-7.5,1,0.7238240058977595,0.7474715269187713,0.7001764848767478,0.8218024341875187,,0.7406831670688772
2023-11-12,2023-24,LAC,MEM,101,105,,,-8.5,0,0.6248435637094554,0.6157617346650306,0.6339253927538803,0.6848533549158803,,0.7665240746293874
2023-11-13,2023-24,BOS,NYK,114,98,,,-9.5,1,0.7283406942164563,0.7379205208135711,0.7187608676193414,0.7373731319772198,,0.790518217596245
2023-11-13,2023-24,MIL,CHI,118,109,,,-9.5,1,0.6364630806557767,0.6333215938909053,0.6396045674206481,0.6786064004415354,,0.790518217596245
2023-11-13,2023-24,SAC,CLE,132,120,,,-3.5,1,0.5234071903402013,0.5268157636614098,0.5199986170189927,0.590013874736452,,0.6206865291604615
2023-11-13,2023-24,TOR,WAS,111,107,,,-8.5,1,0.7439693663246703,0.7554650999919038,0.7324736326574368,0.7711194700231705,,0.7665240746293874
2023-11-14,2023-24,LAL,MEM,134,107,,,-6.5,1,0.6312523255671934,0.5847613436780873,0.6777433074562995,0.703602592911974,,0.7130528657723422
2023-11-14,2023-24,NOP,DAL,131,110,,,3.5,1,0.43737305729024534,0.44117373930867537,0.4335723752718153,0.5693895262753624,,0.3816878509294548
2023-11-14,2023-24,BKN,ORL,124,104,,,-2.5,1,0.551835121292785,0.5488973296630982,0.5547729129224719,0.664419360102135,,0.5873929722941529
2023-11-14,2023-24,DEN,LAC,111,108,,,-4.5,1,0.7506973924962849,0.75557753831191,0.7458172466806597,0.8184127080802579,,0.6528811761685757
2023-11-14,2023-24,GSW,MIN,101,104,,,3.5,0,0.5674799721371613,0.5532969543742844,0.5816629899000381,0.631428374613163,,0.3816878509294548
2023-11-14,2023-24,OKC,SAS,123,87,,,-10.5,1,0.7652685943999302,0.753683075525154,0.7768541132747063,0.834489497623435,,0.8126491965359115
2023-11-14,2023-24,CHA,MIA,105,111,,,6.5,0,0.3672477019363015,0.3316701110752753,0.40282529279732776,0.3690167116865572,,0.2890125525275827
2023-11-14,2023-24,PHI,IND,126,132,,,-5.5,0,0.7308868654984387,0.7602321246409546,0.7015416063559229,0.8275703170730483,,0.6837356127682949
2023-11-14,2023-24,UTA,POR,115,99,,,-7.5,1,0.6978754310207171,0.6540185961597681,0.7417322658816663,0.7085104125510858,,0.7406831670688772
2023-11-14,2023-24,DET,ATL,120,126,,,4.5,0,0.29495996210320097,0.28032874284272224,0.3095911813636797,0.3365777170691049,,0.3494051226951947
2023-11-15,2023-24,CHI,ORL,94,96,,,-2.5,0,0.6205134856515131,0.6470717944218964,0.5939551768811298,0.6588926337490829,,0.5873929722941529
2023-11-15,2023-24,LAL,SAC,110,125,,,-0.5,0,0.5850508401397064,0.5464083075579587,0.6236933727214542,0.6794645084383863,,0.5186585439800319
2023-11-15,2023-24,POR,CLE,95,109,,,10.5,0,0.3223368673924507,0.3094979024657334,0.33517583231916803,0.4050777417749107,,0.18888924117694963
2023-11-15,2023-24,ATL,NYK,114,116,,,-1.5,0,0.522622283020206,0.5119227467395538,0.5333218193008581,0.6040968172804345,,0.5532803541656142
2023-11-15,2023-24,PHI,BOS,107,117,,,1.5,0,0.4560753963482642,0.4431186795260999,0.4690321131704286,0.5801402097633226,,0.4492105947756774
2023-11-15,2023-24,PHX,MIN,133,115,,,-4.5,1,0.5255267355358917,0.5202267992804949,0.5308266717912885,0.5341120869549302,,0.6528811761685757
2023-11-15,2023-24,WAS,DAL,117,130,,,3.5,0,0.5014436651003807,0.483989646602837,0.5188976835979245,0.5139478760709152,,0.3816878509294548
2023-11-15,2023-24,TOR,MIL,112,128,,,1.5,0,0.5576379360292337,0.5892345063334701,0.5260413657249974,0.6538219266289631,,0.4492105947756774
2023-11-16,2023-24,GSW,OKC,109,128,,,3.5,0,0.6039124252576967,0.5974668960818383,0.6103579544335551,0.6716556731651286,,0.3816878509294548
2023-11-16,2023-24,MIA,BKN,122,115,,,-3.5,1,0.6485293045833627,0.640403300113327,0.6566553090533983,0.7216056197909148,,0.6206865291604615
2023-11-17,2023-24,ATL,PHI,116,126,,,1.5,0,0.49497346677995935,0.4888108258818189,0.5011361076780998,0.5429605066601726,,0.4492105947756774
2023-11-17,2023-24,SAS,SAC,120,129,,,8.5,0,0.34323059125520883,0.31357408770873035,0.37288709480168736,0.384132754667922,,0.23528346065663988
2023-11-17,2023-24,TOR,BOS,105,108,,,9.5,0,0.33713969992164755,0.32558741598026214,0.34869198386303296,0.4174742857196865,,0.21115472978709024
2023-11-17,2023-24,UTA,PHX,128,131,,,5.5,0,0.4808335025768963,0.4457547311968508,0.5159122739569418,0.5063068727915925,,0.31844658639079165
2023-11-17,2023-24,POR,LAL,95,107,,,9.5,0,0.3439028133009148,0.32486310589843087,0.3629425207033988,0.3997425069276733,,0.21115472978709024
2023-11-17,2023-24,CLE,DET,108,100,,,-8.5,1,0.7724381857523921,0.781157431292914,0.7637189402118701,0.8601121630147693,,0.7665240746293874
2023-11-17,2023-24,LAC,HOU,106,100,,,-7.5,1,0.6288401477228183,0.6143893089304892,0.6432909865151473,0.6924880992881283,,0.7406831670688772
2023-11-17,2023-24,WAS,NYK,99,120,,,7.5,0,0.3416408793289778,0.3456060148992867,0.3376757437586688,0.4030091354324811,,0.26125623891201216
2023-11-17,2023-24,NOP,DEN,115,110,,,4.5,1,0.33081072250142773,0.3262622908952388,0.33535915410761674,0.405385525090354,,0.3494051226951947
2023-11-17,2023-24,CHI,ORL,97,103,,,-3.5,0,0.57685790711188,0.5812629113644147,0.5724529028593454,0.6420341426390002,,0.6206865291604615
2023-11-17,2023-24,CHA,MIL,99,130,,,8.5,0,0.4186332546950171,0.37196859301922774,0.4652979163708064,0.3974846707915104,,0.23528346065663988
2023-11-18,2023-24,CHA,NYK,108,122,,,6.5,0,0.3060967398120089,0.3071021126237462,0.30509136700027156,0.3186008885269251,,0.2890125525275827
2023-11-18,2023-24,GSW,OKC,123,130,,,-1.5,0,0.5391201569483924,0.5350616737316127,0.5431786401651721,0.6145201848736174,,0.5532803541656142
2023-11-18,2023-24,MIL,DAL,132,125,,,-1.5,1,0.545517032458043,0.5350920655946744,0.5559419993214116,0.6887640963482059,,0.5532803541656142
2023-11-18,2023-24,CHI,MIA,102,97,,,1.5,1,0.4016253464112829,0.3871750875157907,0.416075605306775,0.4823890933690826,,0.4492105947756774
2023-11-18,2023-24,SAS,MEM,108,120,,,3.5,0,0.37923624071265305,0.3561064980175846,0.40236598340772156,0.4611953488958598,,0.3816878509294548
2023-11-18,2023-24,NOP,MIN,120,121,,,7.5,0,0.4425890328322907,0.405277608468032,0.4799004571965493,0.5434671542657187,,0.26125623891201216
2023-11-19,2023-24,TOR,DET,142,113,,,-9.5,1,0.7833267913655177,0.7836959285714071,0.7829576541596285,0.8477971623385279,,0.790518217596245
2023-11-19,2023-24,BKN,PHI,99,121,,,3.5,0,0.42731040149429733,0.39867388947873333,0.4559469135098614,0.4799665782572523,,0.3816878509294548
2023-11-19,2023-24,POR,OKC,91,134,,,6.5,0,0.2895485355361863,0.3038259306309896,0.275271140441383,0.3197674649415113,,0.2890125525275827
2023-11-19,2023-24,IND,ORL,116,128,,,-4.5,0,0.5610184476693014,0.5533434743403033,0.5686934209982996,0.6288466440934373,,0.6528811761685757
2023-11-19,2023-24,DAL,SAC,113,129,,,-1.5,0,0.5134862042439281,0.5157154167067578,0.5112569917810984,0.6199607813995304,,0.5532803541656142
2023-11-19,2023-24,UTA,PHX,137,140,,,5.5,0,0.4312339848458185,0.4261737749655632,0.4362941947260738,0.4911718952473001,,0.31844658639079165
2023-11-19,2023-24,MEM,BOS,100,102,,,12.5,0,0.2707079647768934,0.25785083749161203,0.28356509206217484,0.35182808089767,,0.149850591223406
2023-11-19,2023-24,CLE,DEN,121,109,,,4.5,1,0.4155128497581674,0.4049621997663566,0.4260634997499781,0.4841228282480067,,0.3494051226951947
2023-11-19,2023-24,LAL,HOU,105,104,,,-6.5,1,0.6552818920994945,0.6527827573486652,0.6577810268503239,0.7398524175524667,,0.7130528657723422
2023-11-20,2023-24,DET,DEN,103,107,,,9.5,0,0.233797404138274,0.21787216542478696,0.24972264285176102,0.2166214190317556,,0.21115472978709024
2023-11-20,2023-24,NOP,SAC,129,93,,,1.5,1,0.5312511059259039,0.5337132020568086,0.5287890097949991,0.565241844280685,,0.4492105947756774
2023-11-20,2023-24,SAS,LAC,99,124,,,9.5,0,0.3500889823522739,0.3593851555053529,0.3407928091991949,0.4031948649400052,,0.21115472978709024
2023-11-20,2023-24,GSW,HOU,121,116,,,-7.5,1,0.7070049627341791,0.6985056351407656,0.7155042903275927,0.7472645333422128,,0.7406831670688772
2023-11-20,2023-24,CHI,MIA,100,118,,,1.5,0,0.45692293273795104,0.4307468105681836,0.48309905490771843,0.5054188148687806,,0.4492105947756774
2023-11-20,2023-24,MIN,NYK,117,100,,,-2.5,1,0.5110142701732926,0.5249234827134234,0.49710505763316176,0.6095118318670141,,0.5873929722941529
2023-11-20,2023-24,WAS,MIL,129,142,,,10.5,0,0.3788248953800266,0.36088354891015934,0.39676624184989384,0.4021086857411727,,0.18888924117694963
2023-11-20,2023-24,CHA,BOS,121,118,,,8.5,1,0.2474507250923117,0.2310611751675802,0.26384027501704316,0.2071703620844043,,0.23528346065663988
2023-11-21,2023-24,ORL,TOR,126,107,,,-1.5,1,0.5103806589410264,0.5268426707350323,0.4939186471470204,0.6146522816883331,,0.5532803541656142
2023-11-21,2023-24,ATL,IND,152,157,,,-3.5,0,0.6623969120861772,0.6591480261895096,0.6656457979828447,0.7210102339519502,,0.6206865291604615
2023-11-21,2023-24,PHI,CLE,119,122,,,-7.5,0,0.6957632661212618,0.665864013937293,0.7256625183052307,0.7450891396334822,,0.7406831670688772
2023-11-21,2023-24,PHX,POR,120,107,,,-12.5,1,0.8098572994161697,0.8126469397836555,0.8070676590486837,0.8553350407412019,,0.8514281304931971
2023-11-21,2023-24,LAL,UTA,131,99,,,-7.5,1,0.694870808523072,0.6707565282742467,0.7189850887718974,0.7720390600881928,,0.7406831670688772
2023-11-22,2023-24,SAS,LAC,102,109,,,7.5,0,0.3336958750101986,0.3245885741325255,0.3428031758878717,0.3660827482750937,,0.26125623891201216
2023-11-22,2023-24,POR,UTA,121,105,,,3.5,1,0.4559812861711154,0.43466179112011527,0.4773007812221155,0.5202843682780015,,0.3816878509294548
2023-11-22,2023-24,HOU,MEM,111,91,,,-4.5,1,0.5384447931932519,0.5330044371454716,0.5438851492410322,0.5980341905462224,,0.6528811761685757
2023-11-22,2023-24,BOS,MIL,119,116,,,-6.5,1,0.6700718452036146,0.6655925702226331,0.6745511201845962,0.7563988552065617,,0.7130528657723422
2023-11-22,2023-24,ATL,BKN,147,145,,,-3.5,1,0.6089375596333115,0.6112041347618865,0.6066709845047367,0.6753083987736781,,0.6206865291604615
2023-11-22,2023-24,CHA,WAS,117,114,,,-3.5,1,0.543017854330135,0.5169042808936535,0.5691314277666166,0.6050953752451792,,0.6206865291604615
2023-11-22,2023-24,PHX,GSW,123,115,,,-3.5,1,0.5771795165973157,0.5483641712552034,0.605994861939428,0.6417320410262816,,0.6206865291604615
2023-11-22,2023-24,ORL,DEN,124,119,,,3.5,1,0.4272166354938279,0.40158577224987846,0.4528474987377773,0.4677406152123174,,0.3816878509294548
2023-11-22,2023-24,MIN,PHI,112,99,,,-6.5,1,0.5794621236283932,0.5920869273467495,0.566837319910037,0.5837884564294479,,0.7130528657723422
2023-11-22,2023-24,CLE,MIA,96,129,,,-0.5,0,0.47835403709013824,0.4745739273177195,0.4821341468625569,0.6011990484429925,,0.5186585439800319
2023-11-22,2023-24,NOP,SAC,117,112,,,1.5,1,0.5598788020914358,0.5428188104581328,0.5769387937247388,0.6280893827706862,,0.4492105947756774
2023-11-22,2023-24,OKC,CHI,116,102,,,-6.5,1,0.743106919730691,0.7223180944700466,0.7638957449913353,0.7850448635295525,,0.7130528657723422
2023-11-22,2023-24,IND,TOR,131,132,,,-2.5,0,0.5491134270352718,0.5571706020294356,0.5410562520411081,0.5948370831291546,,0.5873929722941529
2023-11-22,2023-24,LAL,DAL,101,104,,,-0.5,0,0.5453506710400988,0.5669102744333998,0.523791067646798,0.689318978734326,,0.5186585439800319
2023-11-24,2023-24,GSW,SAS,118,112,,,-10.5,1,0.7955899499646988,0.7961405364012614,0.7950393635281361,0.8632093954496518,,0.8126491965359115
2023-11-24,2023-24,MIL,WAS,131,128,,,-13.5,1,0.7794861536093304,0.7648865668413223,0.7940857403773385,0.840147256056931,,0.868197092052344
2023-11-24,2023-24,ORL,BOS,113,96,,,5.5,1,0.41432975844492226,0.4025560452942682,0.4261034715955763,0.4255320778214086,,0.31844658639079165
2023-11-24,2023-24,MEM,PHX,89,110,,,3.5,0,0.43711425552060856,0.4371167266635529,0.4371117843776643,0.5212233449992135,,0.3816878509294548
2023-11-24,2023-24,MIN,SAC,111,124,,,-4.5,0,0.6793319497375715,0.6571890069378292,0.7014748925373138,0.7311809414228421,,0.6528811761685757
2023-11-24,2023-24,HOU,DEN,105,86,,,3.5,1,0.37337614084686005,0.36668386352016463,0.38006841817355547,0.3956249168383173,,0.3816878509294548
2023-11-24,2023-24,LAC,NOP,106,116,,,-5.5,0,0.5315141424144931,0.5175401692004901,0.5454881156284963,0.6286752032308218,,0.6837356127682949
2023-11-24,2023-24,IND,DET,136,113,,,-9.5,1,0.7751400985882738,0.7799741526278918,0.7703060445486558,0.8182694580097847,,0.790518217596245
2023-11-24,2023-24,NYK,MIA,100,98,,,-5.5,1,0.5465952681653685,0.5028276663505395,0.5903628699801975,0.5998216940009347,,0.6837356127682949
2023-11-24,2023-24,TOR,CHI,121,108,,,-4.5,1,0.653654018054556,0.6353770634331684,0.6719309726759438,0.7098926150019087,,0.6528811761685757
2023-11-25,2023-24,WAS,ATL,108,136,,,8.5,0,0.3664110594562904,0.33855645297497966,0.39426566593760115,0.4445155089364067,,0.23528346065663988
2023-11-25,2023-24,BKN,MIA,112,97,,,-7.5,1,0.44132995786802337,0.435769276024458,0.44689063971158877,0.4673550935758029,,0.7406831670688772
2023-11-25,2023-24,UTA,NOP,105,100,,,2.5,1,0.49633269419025994,0.4412363291475952,0.5514290592329247,0.4382680176487559,,0.41505045389637707
2023-11-25,2023-24,LAC,DAL,107,88,,,-0.5,1,0.49152587252623914,0.482789097057939,0.5002626479945393,0.6315065751709474,,0.5186585439800319
2023-11-25,2023-24,CLE,LAL,115,121,,,-4.5,0,0.5785484167282314,0.5726846750884724,0.5844121583679904,0.6393656825992046,,0.6528811761685757
2023-11-25,2023-24,OKC,PHI,123,127,,,1.5,0,0.5692539191440718,0.5694129050436035,0.5690949332445399,0.607706940145396,,0.4492105947756774
2023-11-26,2023-24,NYK,PHX,113,116,,,-6.5,0,0.5769896173028974,0.6039606644456983,0.5500185701600967,0.6772562502689826,,0.7130528657723422
2023-11-26,2023-24,MEM,MIN,97,119,,,6.5,0,0.38912685303062555,0.37718252955429804,0.4010711765069531,0.4494106386925627,,0.2890125525275827
2023-11-26,2023-24,BOS,ATL,113,103,,,-7.5,1,0.7166966883196482,0.7196090297931051,0.7137843468461912,0.7773261032577259,,0.7406831670688772
2023-11-26,2023-24,MIL,POR,108,102,,,-12.5,1,0.8407043450390399,0.8265036658454502,0.8549050242326297,0.874440558338131,,0.8514281304931971
2023-11-26,2023-24,ORL,CHA,130,117,,,-6.5,1,0.7753121991138908,0.7804107775830188,0.7702136206447628,0.8288306879165407,,0.7130528657723422
2023-11-26,2023-24,DEN,SAS,132,120,,,-10.5,1,0.8626971882128992,0.8544359995706279,0.8709583768551705,0.9082676473507362,,0.8126491965359115
2023-11-26,2023-24,CLE,TOR,105,102,,,-3.5,1,0.5406050080588156,0.5245166284610117,0.5566933876566195,0.6419963948849107,,0.6206865291604615
2023-11-26,2023-24,BKN,CHI,118,109,,,-2.5,1,0.6053071015098229,0.5808259852045081,0.6297882178151377,0.7074970957432211,,0.5873929722941529
2023-11-27,2023-24,IND,POR,110,114,,,-11.5,0,0.7856744487893261,0.820217989377954,0.7511309082006983,0.799854595967549,,0.8329362310205675
2023-11-27,2023-24,PHI,LAL,138,94,,,-5.5,1,0.6375853131243588,0.6425696385707704,0.6326009876779473,0.7409551823252583,,0.6837356127682949
2023-11-27,2023-24,LAC,DEN,104,113,,,-11.5,0,0.5204569050130196,0.49257052464947476,0.5483432853765643,0.509474965067596,,0.8329362310205675
2023-11-27,2023-24,DET,WAS,107,126,,,-2.5,0,0.5172744368474352,0.4653436439196985,0.569205229775172,0.5528565079334681,,0.5873929722941529
2023-11-27,2023-24,UTA,NOP,114,112,,,6.5,1,0.4370756310839959,0.38941309004214325,0.4847381721258485,0.4637135963727253,,0.2890125525275827
2023-11-28,2023-24,BKN,TOR,115,103,,,-1.5,1,0.5647033168952624,0.5434634984424925,0.5859431353480323,0.6318409029213126,,0.5532803541656142
2023-11-28,2023-24,SAC,GSW,124,123,,,-1.5,1,0.6061703524747908,0.6142057472222953,0.5981349577272863,0.6534885225890598,,0.5532803541656142
2023-11-28,2023-24,CLE,ATL,128,105,,,-4.5,1,0.540908288900183,0.5456612571806869,0.5361553206196791,0.6283383501207807,,0.6528811761685757
2023-11-28,2023-24,NYK,CHA,115,91,,,-11.5,1,0.8025400435635118,0.8180479212804935,0.7870321658465301,0.8615078557801569,,0.8329362310205675
2023-11-28,2023-24,MIA,MIL,124,131,,,4.5,0,0.5856667318631184,0.5954904413324501,0.5758430223937866,0.6650878037207144,,0.3494051226951947
2023-11-28,2023-24,DAL,HOU,121,115,,,-4.5,1,0.5515924531365693,0.5670955700399155,0.5360893362332232,0.6668273885303253,,0.6528811761685757
2023-11-28,2023-24,BOS,CHI,124,97,,,-12.5,1,0.7886129491442003,0.7896769663289005,0.7875489319595002,0.859335680093584,,0.8514281304931971
2023-11-28,2023-24,MIN,OKC,106,103,,,-3.5,1,0.5450345503056779,0.5574954160768265,0.5325736845345295,0.648690266877469,,0.6206865291604615
2023-11-29,2023-24,ORL,WAS,139,120,,,-10.5,1,0.779286297809366,0.7941224228941989,0.7644501727245331,0.8191400950677243,,0.8126491965359115
2023-11-29,2023-24,DEN,HOU,134,124,,,-10.5,1,0.7577098702175864,0.7553775738542011,0.7600421665809716,0.8040463609634297,,0.8126491965359115
2023-11-29,2023-24,TOR,PHX,112,105,,,2.5,1,0.45199585833240363,0.43409140704054394,0.46990030962426327,0.5558712906693762,,0.41505045389637707
2023-11-29,2023-24,NOP,PHI,124,114,,,-2.5,1,0.42415079615361057,0.43021943403021523,0.4180821582770059,0.4773521112575558,,0.5873929722941529
2023-11-29,2023-24,DET,LAL,107,133,,,8.5,0,0.2845863265403972,0.24573368764128187,0.32343896543951256,0.3075831237944691,,0.23528346065663988
2023-11-29,2023-24,SAC,LAC,117,131,,,1.5,0,0.6586141408200605,0.6490558126193128,0.6681724690208082,0.6903166265665607,,0.4492105947756774
2023-11-29,2023-24,MEM,UTA,105,91,,,-3.5,1,0.5472557518523349,0.5770900788234324,0.5174214248812374,0.6651116174972279,,0.6206865291604615
2023-11-30,2023-24,BKN,CHA,128,129,,,-8.5,0,0.7550541400151412,0.7479543515174595,0.7621539285128227,0.8159635483355676,,0.7665240746293874
2023-11-30,2023-24,SAS,ATL,135,137,,,6.5,0,0.2971341867701235,0.28852156374393334,0.3057468097963137,0.3410676095265947,,0.2890125525275827
2023-11-30,2023-24,NYK,DET,118,112,,,-14.5,1,0.9046002390159839,0.9118338336195702,0.8973666444123976,0.9135259659365011,,0.8833327242620539
2023-11-30,2023-24,CLE,POR,95,103,,,-12.5,0,0.7864602201983177,0.7955244053921502,0.7773960350044852,0.842945331768081,,0.8514281304931971
2023-11-30,2023-24,OKC,LAL,133,110,,,-4.5,1,0.7000115271574676,0.6957605467583541,0.704262507556581,0.6955680965995706,,0.6528811761685757
2023-11-30,2023-24,MIA,IND,142,132,,,-3.5,1,0.6457522151393355,0.687832110442925,0.6036723198357459,0.7791059048817116,,0.6206865291604615
2023-11-30,2023-24,MIN,UTA,101,90,,,-11.5,1,0.8247447491482153,0.8323579485195677,0.8171315497768629,0.8454944252053883,,0.8329362310205675
2023-11-30,2023-24,GSW,LAC,120,114,,,-2.5,1,0.6209706423425951,0.6422428518884244,0.5996984327967658,0.646871621131174,,0.5873929722941529
2023-11-30,2023-24,CHI,MIL,120,113,,,10.5,1,0.3646803582703133,0.3601817370373857,0.36917897950324086,0.432971523606335,,0.18888924117694963
2023-12-01,2023-24,NOP,SAS,121,106,,,-12.5,1,0.8756000349103434,0.862306482480868,0.8888935873398187,0.8705834092395331,,0.8514281304931971
2023-12-01,2023-24,BOS,PHI,125,119,,,-11.5,1,0.5958588706529208,0.5931297542072312,0.5985879870986103,0.6890965183581097,,0.8329362310205675
2023-12-01,2023-24,ORL,WAS,130,125,,,-10.5,1,0.790540200142201,0.8083654529467185,0.7727149473376836,0.8276116692399257,,0.8126491965359115
2023-12-01,2023-24,DAL,MEM,94,108,,,-5.5,0,0.666002413356175,0.6532901248869903,0.6787147018253596,0.7223209334412543,,0.6837356127682949
2023-12-01,2023-24,TOR,NYK,106,119,,,-1.5,0,0.529621057881029,0.5250586054513506,0.5341835103107072,0.540380704065482,,0.5532803541656142
2023-12-01,2023-24,PHX,DEN,111,119,,,-0.5,0,0.5010863378415614,0.4953200812716936,0.5068525944114293,0.5568014720714803,,0.5186585439800319
2023-12-02,2023-24,PHX,MEM,116,109,,,-10.5,1,0.7145031735105044,0.7149636635103188,0.71404268351069,0.7541035122621741,,0.8126491965359115
2023-12-02,2023-24,MIL,ATL,132,121,,,-6.5,1,0.6371518766975075,0.6334034859199448,0.6409002674750703,0.7071273885965562,,0.7130528657723422
2023-12-02,2023-24,LAL,HOU,107,97,,,-4.5,1,0.6336330719027943,0.6179202100829249,0.6493459337226638,0.7138684380985584,,0.6528811761685757
2023-12-02,2023-24,CHI,NOP,124,118,,,-0.5,1,0.49662733830676037,0.4774408405120656,0.5158138361014551,0.5199190541365144,,0.5186585439800319
2023-12-02,2023-24,DET,CLE,101,110,,,9.5,0,0.27300753930179544,0.2388094694636692,0.30720560913992173,0.3021081599342129,,0.21115472978709024
2023-12-02,2023-24,LAC,GSW,113,112,,,-4.5,1,0.5103923275385394,0.5176413329129559,0.5031433221641228,0.6185407663680645,,0.6528811761685757
2023-12-02,2023-24,SAC,DEN,123,117,,,-3.5,1,0.5025797895987196,0.5284526455868408,0.4767069336105984,0.4938956078953576,,0.6206865291604615
2023-12-02,2023-24,CHA,MIN,117,123,,,5.5,0,0.2787350795774852,0.28104434934006395,0.27642580981490644,0.319467684956009,,0.31844658639079165
2023-12-02,2023-24,UTA,POR,118,113,,,-1.5,1,0.5922579151486551,0.5903287569414859,0.5941870733558242,0.6817474529623436,,0.5532803541656142
2023-12-02,2023-24,MIA,IND,129,144,,,-4.5,0,0.6916731121325024,0.710204065437084,0.6731421588279206,0.7872887713950871,,0.6528811761685757
2023-12-02,2023-24,BKN,ORL,129,101,,,-2.5,1,0.471289090966981,0.525728035729263,0.416850146204699,0.5829612366907615,,0.5873929722941529
2023-12-02,2023-24,DAL,OKC,120,126,,,5.5,0,0.39675972246691127,0.3735648134266815,0.41995463150714096,0.4871660185966003,,0.31844658639079165
2023-12-04,2023-24,SAC,NOP,117,127,,,-3.5,0,0.5764022689213928,0.5847857799293612,0.5680187579134244,0.6470064027639397,,0.6206865291604615
2023-12-04,2023-24,IND,BOS,122,112,,,4.5,1,0.36674446220245915,0.36360046772717797,0.3698884566777404,0.3800218651061066,,0.3494051226951947
2023-12-05,2023-24,MIL,NYK,146,122,,,-4.5,1,0.530640931024773,0.5407828655390133,0.5204989965105327,0.6174850369535895,,0.6528811761685757
2023-12-05,2023-24,LAL,PHX,106,103,,,-2.5,1,0.4856240708324261,0.5120413843977625,0.45920675726708965,0.6105564386583161,,0.5873929722941529
2023-12-06,2023-24,HOU,OKC,110,101,,,1.5,1,0.35981647771974223,0.36134904250942856,0.3582839129300559,0.4480567104017313,,0.4492105947756774
2023-12-06,2023-24,LAC,DEN,111,102,,,-0.5,1,0.4566809307981619,0.41856846415433324,0.4947933974419906,0.4991305738834999,,0.5186585439800319
2023-12-06,2023-24,DAL,UTA,147,97,,,-11.5,1,0.6806398917556653,0.6693198635919364,0.6919599199193941,0.7316826547064245,,0.8329362310205675
2023-12-06,2023-24,WAS,PHI,126,131,,,10.5,0,0.2577648434373466,0.25876257864413205,0.2567671082305612,0.3015725843249756,,0.18888924117694963
2023-12-06,2023-24,DET,MEM,102,116,,,1.5,0,0.33154378072998436,0.31890024909971176,0.3441873123602569,0.3843353436503587,,0.4492105947756774
2023-12-06,2023-24,CHI,CHA,111,100,,,-5.0,1,0.6773698752855775,0.6792746454844463,0.6754651050867085,0.7558059573159224,,0.6684893183469965
2023-12-06,2023-24,CLE,ORL,121,111,,,-4.5,1,0.5242295196097189,0.5057114095072472,0.5427476297121904,0.6281289375688348,,0.6528811761685757
2023-12-06,2023-24,ATL,BKN,113,114,,,-3.5,0,0.5420756426675128,0.5386221543382786,0.5455291309967469,0.6246841295490301,,0.6206865291604615
2023-12-06,2023-24,TOR,MIA,103,112,,,-3.5,0,0.4856212181201235,0.451005760685037,0.52023667555521,0.5547951728962176,,0.6206865291604615
2023-12-06,2023-24,MIN,SAS,102,94,,,-12.5,1,0.855125515912815,0.8508172412642278,0.8594337905614023,0.9101649182223512,,0.8514281304931971
2023-12-06,2023-24,GSW,POR,110,106,,,-12.5,1,0.7549483651823685,0.7655603637448372,0.7443363666199,0.8258534854412393,,0.8514281304931971
2023-12-07,2023-24,MIL,IND,119,128,,,-5.5,0,0.6800926163988679,0.6676600448036645,0.6925251879940713,0.7574398899104788,,0.6837356127682949
2023-12-07,2023-24,LAL,NOP,133,89,,,-2.5,1,0.4934654260911068,0.4997486917292494,0.4871821604529641,0.6323584545774592,,0.5873929722941529
2023-12-08,2023-24,OKC,GSW,138,136,,,-3.5,1,0.6577905064759659,0.6565890609922542,0.6589919519596777,0.7078457714233406,,0.6206865291604615
2023-12-08,2023-24,BOS,NYK,133,123,,,-7.5,1,0.6420417257249599,0.6239570291279831,0.6601264223219366,0.7257791570146267,,0.7406831670688772
2023-12-08,2023-24,PHX,SAC,106,114,,,3.5,0,0.5709300010864202,0.5644312206357117,0.5774287815371287,0.6775012833778287,,0.3816878509294548
2023-12-08,2023-24,MIA,CLE,99,111,,,1.5,0,0.6511454782912869,0.6359104863815261,0.6663804702010475,0.6927073654288312,,0.4492105947756774
2023-12-08,2023-24,POR,DAL,112,125,,,9.5,0,0.38037964065130425,0.39223950992692974,0.3685197713756787,0.4519937859509017,,0.21115472978709024
2023-12-08,2023-24,PHI,ATL,125,114,,,-8.5,1,0.7121313680924923,0.7074321688601698,0.716830567324815,0.7731523579806656,,0.7665240746293874
2023-12-08,2023-24,ORL,DET,123,91,,,-10.5,1,0.8780616393233067,0.8742517380414967,0.8818715406051167,0.8910538053221786,,0.8126491965359115
2023-12-08,2023-24,DEN,HOU,106,114,,,-9.5,0,0.7193782564666329,0.714512450869942,0.7242440620633238,0.7961301477964491,,0.790518217596245
2023-12-08,2023-24,BKN,WAS,124,97,,,-9.5,1,0.7669225706260944,0.7608718932305415,0.7729732480216472,0.8183447695654724,,0.790518217596245
2023-12-08,2023-24,UTA,LAC,103,117,,,8.5,0,0.3652708683473981,0.3516396492079359,0.37890208748686033,0.4337303510193898,,0.23528346065663988
2023-12-08,2023-24,SAS,CHI,112,121,,,1.5,0,0.3391491661472099,0.3506197652199824,0.32767856707443743,0.4073394531715304,,0.4492105947756774
2023-12-08,2023-24,CHA,TOR,119,116,,,5.5,1,0.3968396960822035,0.3832780329603565,0.41040135920405046,0.4507897822867468,,0.31844658639079165
2023-12-08,2023-24,MEM,MIN,103,127,,,5.5,0,0.39269202258830765,0.3843128686696622,0.4010711765069531,0.4382564686007243,,0.31844658639079165
2023-12-11,2023-24,ATL,DEN,122,129,,,2.5,0,0.46666111225152884,0.44526635319689234,0.48805587130616535,0.5180888139378835,,0.41505045389637707
2023-12-11,2023-24,NOP,MIN,121,107,,,-4.5,1,0.5001197385359433,0.462829699148056,0.5374097779238306,0.5041145929289256,,0.6528811761685757
2023-12-11,2023-24,LAC,POR,132,127,,,-14.5,1,0.7761663399049844,0.7737103402722285,0.7786223395377403,0.843895414845825,,0.8833327242620539
2023-12-11,2023-24,SAC,BKN,131,118,,,-4.5,1,0.548373739294003,0.5636412571844974,0.5331062214035086,0.6315389212762585,,0.6528811761685757
2023-12-11,2023-24,HOU,SAS,93,82,,,-8.5,1,0.7909159558550427,0.7862876023536678,0.7955443093564175,0.8480947517060087,,0.7665240746293874
2023-12-11,2023-24,DET,IND,123,131,,,7.5,0,0.22232283581781256,0.20458789781875397,0.24005777381687116,0.2964861193688749,,0.26125623891201216
2023-12-11,2023-24,ORL,CLE,104,94,,,-2.5,1,0.5495364096999429,0.5922202249884565,0.5068525944114293,0.6142825757996399,,0.5873929722941529
2023-12-11,2023-24,CHA,MIA,114,116,,,4.5,0,0.3150384156076369,0.2967764762292439,0.33330035498602995,0.3691220732057407,,0.3494051226951947
2023-12-11,2023-24,MIL,CHI,133,129,,,-11.5,1,0.715254378954659,0.69908067840482,0.7314280795044982,0.7699896726619528,,0.8329362310205675
2023-12-11,2023-24,OKC,UTA,134,120,,,-12.5,1,0.8259694182745926,0.8460374213999523,0.8059014151492329,0.858969264147037,,0.8514281304931971
2023-12-11,2023-24,NYK,TOR,136,130,,,-4.5,1,0.7041095107266233,0.6828680837448078,0.7253509377084388,0.7536660299254905,,0.6528811761685757
2023-12-11,2023-24,PHI,WAS,146,101,,,-13.5,1,0.8539323942243497,0.8446850985993014,0.8631796898493982,0.8904986889410283,,0.868197092052344
2023-12-11,2023-24,MEM,DAL,113,120,,,-1.5,0,0.4855233765467208,0.4964807734078944,0.47456597968554715,0.5630442792306919,,0.5532803541656142
2023-12-12,2023-24,CHI,DEN,106,114,,,6.5,0,0.4273518491083547,0.44474139355263825,0.4099623046640712,0.4503540466467319,,0.2890125525275827
2023-12-12,2023-24,BOS,CLE,120,113,,,-11.5,1,0.7544633907958045,0.764357513399111,0.744569268192498,0.7777051219446025,,0.8329362310205675
2023-12-12,2023-24,DAL,LAL,127,125,,,2.5,1,0.4886502952946918,0.4709148750939981,0.5063857154953855,0.5645305171814181,,0.41505045389637707
2023-12-12,2023-24,PHX,GSW,119,116,,,1.5,1,0.5453345256448325,0.550563849324163,0.5401052019655022,0.6496853807925012,,0.4492105947756774
2023-12-12,2023-24,LAC,SAC,119,99,,,-3.5,1,0.5810505207568007,0.585919067510732,0.5761819740028695,0.641217749048667,,0.6206865291604615
2023-12-13,2023-24,MIL,IND,140,126,,,-6.5,1,0.6219665957308496,0.6223608301340836,0.6215723613276156,0.7286348838343571,,0.7130528657723422
2023-12-13,2023-24,HOU,MEM,117,104,,,-9.5,1,0.6595366944335357,0.6503180873780688,0.6687553014890024,0.7112152700929792,,0.790518217596245
2023-12-13,2023-24,DET,PHI,111,129,,,12.5,0,0.16253608660418156,0.12833967800430013,0.19673249520406302,0.1647722986565464,,0.149850591223406
2023-12-13,2023-24,TOR,ATL,135,128,,,-2.5,1,0.5254501620338826,0.553215479677344,0.49768484439042127,0.616414675673544,,0.5873929722941529
2023-12-13,2023-24,MIA,CHA,115,104,,,-7.5,1,0.7858814857258227,0.7955735709074319,0.7761894005442137,0.8484955368760847,,0.7406831670688772
2023-12-13,2023-24,WAS,NOP,122,142,,,7.5,0,0.3310196291057576,0.31966132411642983,0.3423779340950854,0.3937558326905055,,0.26125623891201216
2023-12-13,2023-24,SAS,LAL,119,122,,,3.5,0,0.31977522864130004,0.29842003961347885,0.3411304176691212,0.2702646977812716,,0.3816878509294548
2023-12-13,2023-24,UTA,NYK,117,113,,,5.5,1,0.24310638077408736,0.23651630976049026,0.2496964517876845,0.3458047344429677,,0.31844658639079165
2023-12-13,2023-24,PHX,BKN,112,116,,,-4.5,0,0.5001950358633624,0.5063671874075665,0.4940228843191585,0.6536575954203612,,0.6528811761685757
2023-12-14,2023-24,DAL,MIN,101,119,,,1.5,0,0.48303031839537647,0.4578692204425359,0.5081914163482171,0.5155987443973475,,0.4492105947756774
2023-12-14,2023-24,POR,UTA,114,122,,,-4.5,0,0.6150065763628911,0.6478447711405859,0.5821683815851965,0.5916178870110679,,0.6528811761685757
2023-12-14,2023-24,DEN,BKN,124,101,,,-9.5,1,0.681690040281905,0.692570177910493,0.670809902653317,0.7280760627633314,,0.790518217596245
2023-12-14,2023-24,LAC,GSW,121,113,,,-2.5,1,0.6046530610515888,0.6072567180433158,0.6020494040598617,0.6777102747688947,,0.5873929722941529
2023-12-14,2023-24,SAC,OKC,128,123,,,-2.5,1,0.46228084991019425,0.4689075080628262,0.4556541917575623,0.5553527042033507,,0.5873929722941529
2023-12-14,2023-24,MIA,CHI,116,124,,,-3.5,0,0.7025532006185788,0.6797554635287189,0.7253509377084388,0.7626282322715546,,0.6206865291604615
2023-12-14,2023-24,BOS,CLE,116,107,,,-9.5,1,0.7337485298142299,0.7266813042664167,0.7408157553620431,0.7844351531911429,,0.790518217596245
2023-12-15,2023-24,PHI,DET,124,92,,,-15.5,1,0.9031613193754222,0.9234988034093249,0.8828238353415196,0.9436776136600276,,0.8969365809385075
2023-12-15,2023-24,MEM,HOU,96,103,,,2.5,0,0.4627860943315222,0.44558524019862106,0.47998694846442325,0.5429070853293907,,0.41505045389637707
2023-12-15,2023-24,CHA,NOP,107,112,,,9.5,0,0.3272306929963865,0.3208862625076066,0.3335751234851664,0.3763327874611544,,0.21115472978709024
2023-12-15,2023-24,WAS,IND,137,123,,,8.5,1,0.31032113719943344,0.3043130331474562,0.3163292412514107,0.4192863721495289,,0.23528346065663988
2023-12-15,2023-24,SAS,LAL,129,115,,,4.5,1,0.25283400383292565,0.23948424664425366,0.2661837610215976,0.2646685660586419,,0.3494051226951947
2023-12-15,2023-24,TOR,ATL,104,125,,,-1.5,0,0.5624467820407406,0.5849989952155669,0.5398945688659145,0.6340714225424283,,0.5532803541656142
2023-12-15,2023-24,BOS,ORL,128,111,,,-5.5,1,0.6844396032577768,0.6557362397264738,0.7131429667890797,0.7876281139017886,,0.6837356127682949
2023-12-15,2023-24,PHX,NYK,122,139,,,-4.5,0,0.4829207353437014,0.4684909724581831,0.4973504982292196,0.5853258659863463,,0.6528811761685757
2023-12-16,2023-24,LAC,NYK,144,122,,,-6.5,1,0.5700315489645644,0.5843795492709163,0.5556835486582126,0.6012630134259087,,0.7130528657723422
2023-12-16,2023-24,POR,DAL,120,131,,,4.5,0,0.3663704042702806,0.3672653996926699,0.3654754088478913,0.4080418284283269,,0.3494051226951947
2023-12-16,2023-24,SAC,UTA,125,104,,,-8.5,1,0.7638372206326842,0.7858587861948827,0.7418156550704857,0.8036965593076564,,0.7665240746293874
2023-12-16,2023-24,CHA,PHI,82,135,,,11.5,0,0.22783088209187696,0.24182034570065228,0.21384141848310168,0.2545679243195363,,0.16847015425964673
2023-12-16,2023-24,DEN,OKC,117,118,,,-5.5,0,0.5529970693183521,0.6014419570108158,0.5045521816258884,0.6837164217022919,,0.6837356127682949
2023-12-16,2023-24,MIL,DET,146,114,,,-16.5,1,0.9094749331545987,0.9265963347957281,0.8923535315134693,0.927610837717805,,0.9091173794696449
2023-12-16,2023-24,CLE,ATL,127,119,,,-4.5,1,0.6181183910129731,0.6560303143006004,0.5802064677253456,0.6666754901630987,,0.6528811761685757
2023-12-16,2023-24,MIA,CHI,118,116,,,-4.5,1,0.6524773085061321,0.6584588345477558,0.6464957824645083,0.7297647114183807,,0.6528811761685757
2023-12-16,2023-24,GSW,BKN,124,120,,,-3.5,1,0.5479328210184908,0.5597091258912679,0.5361565161457138,0.6273629290793306,,0.6206865291604615
2023-12-16,2023-24,MIN,IND,127,109,,,-10.5,1,0.7101255681424861,0.7395095914651936,0.6807415448197784,0.7907219374676476,,0.8126491965359115
2023-12-17,2023-24,PHX,WAS,112,108,,,-12.5,1,0.7310724795355132,0.7189731554677927,0.7431718036032338,0.808672015033412,,0.8514281304931971
2023-12-17,2023-24,MIL,HOU,128,119,,,-7.5,1,0.6105272317872361,0.6552018208906597,0.5658526426838124,0.7423914324476821,,0.7406831670688772
2023-12-17,2023-24,BOS,ORL,114,97,,,-8.5,1,0.728813637292131,0.7142566171143485,0.7433706574699136,0.7982955292805547,,0.7665240746293874
2023-12-17,2023-24,POR,GSW,114,118,,,5.5,0,0.36911693447580995,0.3525164322502164,0.3857174367014035,0.3639255054669794,,0.31844658639079165
2023-12-17,2023-24,SAS,NOP,110,146,,,7.5,0,0.248070448977746,0.24751853641614877,0.24862236153934325,0.3085031512253477,,0.26125623891201216
2023-12-18,2023-24,PHI,CHI,104,108,,,-10.5,0,0.7907352319036017,0.7965662019926684,0.7849042618145351,0.834418998118038,,0.8126491965359115
2023-12-18,2023-24,OKC,MEM,116,97,,,-10.5,1,0.7534467081737652,0.7553593921223134,0.7515340242252172,0.8254296104171732,,0.8126491965359115
2023-12-18,2023-24,DEN,DAL,130,104,,,-8.5,1,0.7011366535443377,0.6876461243957781,0.7146271826928975,0.7652157998249959,,0.7665240746293874
2023-12-18,2023-24,SAC,WAS,143,131,,,-14.5,1,0.8311508181822181,0.8407650687271019,0.8215365676373344,0.8334420263977341,,0.8833327242620539
2023-12-18,2023-24,ATL,DET,130,124,,,-11.5,1,0.8613944851812494,0.8450121501106195,0.8777768202518794,0.8902481721452342,,0.8329362310205675
2023-12-18,2023-24,LAL,NYK,109,114,,,-5.5,0,0.48555206584054267,0.48105512712602455,0.4900490045550608,0.5915549553824584,,0.6837356127682949
2023-12-18,2023-24,IND,LAC,127,151,,,3.5,0,0.4663685975266971,0.45216063226563447,0.4805765627877598,0.5104528245035652,,0.3816878509294548
2023-12-18,2023-24,CLE,HOU,135,130,,,-3.5,1,0.6454102938179265,0.6653660008327255,0.6254545868031275,0.686615210374924,,0.6206865291604615
2023-12-18,2023-24,MIA,MIN,108,112,,,1.5,0,0.5030197132315553,0.5026439508524025,0.5033954756107079,0.537459136993369,,0.4492105947756774
2023-12-18,2023-24,TOR,CHA,114,99,,,-12.5,1,0.7366497902659892,0.7166751697779892,0.7566244107539893,0.7865112239813632,,0.8514281304931971
2023-12-18,2023-24,UTA,BKN,125,108,,,3.5,1,0.3554157034327774,0.34087056932371324,0.3699608375418415,0.4447807451035639,,0.3816878509294548
2023-12-19,2023-24,NOP,MEM,113,115,,,-8.5,0,0.7918899525173949,0.8253979245804748,0.758381980454315,0.8059038776753399,,0.7665240746293874
2023-12-19,2023-24,GSW,BOS,132,126,,,5.5,1,0.378452528720182,0.355144549094034,0.4017605083463299,0.4308745762234862,,0.31844658639079165
2023-12-19,2023-24,MIL,SAS,132,119,,,-16.5,1,0.8772333729221502,0.8737026517586074,0.8807640940856931,0.9089064156101612,,0.9091173794696449
2023-12-19,2023-24,POR,PHX,109,104,,,7.5,1,0.3580323568845113,0.34642428720324403,0.36964042656577856,0.3676086006511354,,0.26125623891201216
2023-12-20,2023-24,PHI,MIN,127,113,,,-4.5,1,0.5896483762128408,0.6189616357848627,0.560335116640819,0.6542017235688592,,0.6528811761685757
2023-12-20,2023-24,SAC,BOS,119,144,,,-3.5,0,0.4704079639473471,0.47879867892026556,0.4620172489744286,0.470285812420111,,0.6206865291604615
2023-12-20,2023-24,IND,CHA,144,113,,,-10.5,1,0.7565255818912338,0.7409905671807521,0.7720605966017154,0.7896887010934239,,0.8126491965359115
2023-12-20,2023-24,BKN,NYK,102,121,,,1.5,0,0.45649160723140453,0.4268959584481911,0.48608725601461794,0.5337038027976045,,0.4492105947756774
2023-12-20,2023-24,CLE,UTA,124,116,,,-3.5,1,0.7571990230384198,0.764827878720328,0.7495701673565115,0.7990560677584866,,0.6206865291604615
2023-12-20,2023-24,ORL,MIA,106,115,,,-5.5,0,0.5427072648067561,0.5461217500726785,0.5392927795408338,0.6175250242471209,,0.6837356127682949
2023-12-20,2023-24,TOR,DEN,104,113,,,4.5,0,0.3428902082431402,0.3601544907031459,0.32562592578313454,0.4278282952329068,,0.3494051226951947
2023-12-20,2023-24,DAL,LAC,111,120,,,1.5,0,0.44414169053940394,0.4158667646701938,0.4724166164086141,0.5103308857580072,,0.4492105947756774
2023-12-20,2023-24,CHI,LAL,124,108,,,3.5,1,0.5559899715438001,0.5378976260490654,0.5740823170385347,0.5775366732662567,,0.3816878509294548
2023-12-20,2023-24,HOU,ATL,127,134,,,-2.5,0,0.5290150054660789,0.5772867351852038,0.480743275746954,0.6272205722830083,,0.5873929722941529
2023-12-21,2023-24,MEM,IND,116,103,,,-2.5,1,0.5216935560322897,0.5333304678020673,0.5100566442625123,0.5744117458711582,,0.5873929722941529
2023-12-21,2023-24,MIL,ORL,118,114,,,-8.5,1,0.6984786118808626,0.735596938945942,0.661360284815783,0.741720327583378,,0.7665240746293874
2023-12-21,2023-24,CLE,NOP,104,123,,,4.5,0,0.4971336056891668,0.4893136207928369,0.5049535905854967,0.6306152958891726,,0.3494051226951947
2023-12-21,2023-24,POR,WAS,117,118,,,-4.5,0,0.5577958735483339,0.5273902358118537,0.5882015112848141,0.6054699831939403,,0.6528811761685757
2023-12-21,2023-24,DET,UTA,111,119,,,-2.5,0,0.41800494256453435,0.4360956676688782,0.3999142174601905,0.4164935729804912,,0.5873929722941529
2023-12-21,2023-24,MIN,LAL,118,111,,,-8.5,1,0.7388512404951153,0.7315820406098761,0.7461204403803545,0.7632371842747,,0.7665240746293874
2023-12-21,2023-24,CHI,SAS,114,95,,,-6.5,1,0.7967510635507679,0.798885539621908,0.7946165874796277,0.8506159054003126,,0.7130528657723422
2023-12-21,2023-24,OKC,LAC,134,115,,,-6.5,1,0.586917731429822,0.5776687672446338,0.59616669561501,0.6320951818102077,,0.7130528657723422
2023-12-22,2023-24,HOU,DAL,122,96,,,-8.5,1,0.5533962084074607,0.5698387478190173,0.5369536689959041,0.6381326597749305,,0.7665240746293874
2023-12-22,2023-24,GSW,WAS,129,118,,,-11.5,1,0.808076598013394,0.8209562300613652,0.7951969659654229,0.8288246637388863,,0.8329362310205675
2023-12-22,2023-24,BKN,DEN,117,122,,,5.5,0,0.3873812840798846,0.36893931725449014,0.405823250905279,0.4442211796908877,,0.31844658639079165
2023-12-22,2023-24,MIA,ATL,122,113,,,-1.5,1,0.6056113329734709,0.626340885276762,0.5848817806701797,0.6869377621278081,,0.5532803541656142
2023-12-22,2023-24,SAC,PHX,120,105,,,-3.5,1,0.6484494268072003,0.6628950861559018,0.6340037674584988,0.6693175179609265,,0.6206865291604615
2023-12-22,2023-24,PHI,TOR,121,111,,,-8.5,1,0.7928662171353409,0.8008622812088457,0.7848701530618359,0.838748738910238,,0.7665240746293874
2023-12-23,2023-24,NYK,MIL,111,130,,,2.5,0,0.5603370699965573,0.5618259025561942,0.5588482374369205,0.6360703035305927,,0.41505045389637707
2023-12-23,2023-24,CHI,CLE,95,109,,,-6.5,0,0.541815841105438,0.5642034710995522,0.5194282111113239,0.6050434840097118,,0.7130528657723422
2023-12-23,2023-24,LAC,BOS,108,145,,,4.5,0,0.46834883329049654,0.45738797903756334,0.47930968754342973,0.5094695443760472,,0.3494051226951947
2023-12-23,2023-24,ATL,MEM,119,125,,,-1.5,0,0.6358148555645383,0.6438031582842186,0.627826552844858,0.7356243439342551,,0.5532803541656142
2023-12-23,2023-24,SAC,MIN,98,110,,,-2.5,0,0.48034511651368195,0.4393386754247857,0.5213515576025781,0.518497094031505,,0.5873929722941529
2023-12-23,2023-24,TOR,UTA,119,126,,,-5.5,0,0.6447067486244997,0.614546608722173,0.6748668885268265,0.7072752400509482,,0.6837356127682949
2023-12-23,2023-24,DAL,SAS,144,119,,,-8.5,1,0.7805242301645051,0.7688807725176791,0.7921676878113312,0.8373170958413741,,0.7665240746293874
2023-12-23,2023-24,IND,ORL,110,117,,,-2.5,0,0.5423569378573025,0.528590521344447,0.5561233543701583,0.5708623325985214,,0.5873929722941529
2023-12-23,2023-24,BKN,DET,126,115,,,-9.5,1,0.8388566198407713,0.8045173000116076,0.873195939669935,0.8817298804690629,,0.790518217596245
2023-12-23,2023-24,CHA,DEN,95,102,,,10.5,0,0.26145889428726743,0.25565924785906385,0.26725854071547095,0.2308538760314172,,0.18888924117694963
2023-12-23,2023-24,OKC,LAL,120,129,,,-3.5,0,0.7134446229901833,0.6846034722030827,0.7422857737772839,0.7516130320794958,,0.6206865291604615
2023-12-23,2023-24,GSW,POR,126,106,,,-8.5,1,0.783933485390231,0.7863491116873018,0.7815178590931602,0.8580180168355095,,0.7665240746293874
2023-12-23,2023-24,NOP,HOU,104,106,,,-7.5,0,0.6960088004665168,0.7437152464154828,0.6483023545175508,0.7282058844272656,,0.7406831670688772
2023-12-25,2023-24,PHX,DAL,114,128,,,-4.5,0,0.5337344374487822,0.5226236127688775,0.544845262128687,0.6624204047989982,,0.6528811761685757
2023-12-25,2023-24,NYK,MIL,129,122,,,3.5,1,0.48643586545175405,0.49154817603840856,0.48132355486509953,0.5811214475458015,,0.3816878509294548
2023-12-25,2023-24,MIA,PHI,119,113,,,-2.5,1,0.45474439896671137,0.4414704374889763,0.4680183604444465,0.5122846347079723,,0.5873929722941529
2023-12-25,2023-24,LAL,BOS,115,126,,,5.5,0,0.30919480769980706,0.3012614103157625,0.31712820508385164,0.3913092087329781,,0.31844658639079165
2023-12-25,2023-24,DEN,GSW,120,114,,,-7.5,1,0.6631588944247057,0.6751240067976684,0.6511937820517429,0.7514878651800913,,0.7406831670688772
2023-12-26,2023-24,POR,SAC,130,113,,,8.5,1,0.30055368306962293,0.2866346855017822,0.31447268063746364,0.357431937414338,,0.23528346065663988
2023-12-26,2023-24,LAC,CHA,113,104,,,-11.5,1,0.8614648073254518,0.8595316771219935,0.86339793752891,0.8780893232775728,,0.8329362310205675
2023-12-26,2023-24,WAS,ORL,119,127,,,7.5,0,0.3635476612688521,0.3549914007517628,0.3721039217859414,0.4139899603256092,,0.26125623891201216
2023-12-26,2023-24,DET,BKN,112,118,,,6.5,0,0.27779728802768233,0.2605349107270311,0.2950596653283336,0.292633471650062,,0.2890125525275827
2023-12-26,2023-24,HOU,IND,117,123,,,-2.5,0,0.5967783082010715,0.6155341949068538,0.5780224214952892,0.7127872300867732,,0.5873929722941529
2023-12-26,2023-24,NOP,MEM,115,116,,,-4.5,0,0.7395506585393077,0.7422531345488939,0.7368481825297215,0.7791763691917758,,0.6528811761685757
2023-12-26,2023-24,SAS,UTA,118,130,,,2.5,0,0.38558293340876276,0.3726997067525097,0.39846616006501584,0.4508770835174018,,0.41505045389637707
2023-12-26,2023-24,CHI,ATL,118,113,,,2.5,1,0.530687973020799,0.5593597944302636,0.5020161516113342,0.6200753099108918,,0.41505045389637707
2023-12-26,2023-24,OKC,MIN,129,106,,,-1.5,1,0.51204760863277,0.5069816989267064,0.5171135183388336,0.5778919146705812,,0.5532803541656142
2023-12-27,2023-24,HOU,PHX,113,129,,,2.5,0,0.5976185078732226,0.6001475972588615,0.5950894184875836,0.6632654787195763,,0.41505045389637707
2023-12-27,2023-24,WAS,TOR,102,132,,,6.5,0,0.4435437788564395,0.4139984340031882,0.4730891237096907,0.5085746240051847,,0.2890125525275827
2023-12-27,2023-24,DAL,CLE,110,113,,,-6.5,0,0.5030268213149085,0.5117974324055885,0.4942562102242285,0.579724623190714,,0.7130528657723422
2023-12-27,2023-24,OKC,NYK,129,120,,,-3.5,1,0.5866406757361176,0.5780089939942196,0.5952723574780154,0.6679085173944559,,0.6206865291604615
2023-12-27,2023-24,BKN,MIL,122,144,,,9.5,0,0.36137683748014826,0.3285016902999574,0.39425198466033917,0.4657976889649873,,0.21115472978709024
2023-12-27,2023-24,ORL,PHI,92,112,,,-2.5,0,0.3696314321006964,0.3592227712796819,0.38004009292171087,0.4756730318816049,,0.5873929722941529
2023-12-28,2023-24,MIN,DAL,118,110,,,-12.5,1,0.7706527904576184,0.7768143592794301,0.7644912216358065,0.788563471747731,,0.8514281304931971
2023-12-28,2023-24,BOS,DET,128,122,,,-17.5,1,0.9240451557311107,0.9522253125243486,0.8958649989378727,0.9667181191494636,,0.919986984880304
2023-12-28,2023-24,POR,SAS,105,118,,,-3.5,0,0.7037606258682347,0.67827274762541,0.7292485041110593,0.728346853777615,,0.6206865291604615
2023-12-28,2023-24,NOP,UTA,112,105,,,-8.5,1,0.7294011817952054,0.7415190231847675,0.7172833404056433,0.7900684826337316,,0.7665240746293874
2023-12-28,2023-24,GSW,MIA,102,114,,,-6.5,0,0.5658104484027328,0.5367310411895446,0.5948898556159209,0.6025199256610777,,0.7130528657723422
2023-12-28,2023-24,DEN,MEM,142,105,,,-9.5,1,0.7880856997477583,0.7878970951833164,0.7882743043122001,0.8390411791759322,,0.790518217596245
2023-12-28,2023-24,LAL,CHA,133,112,,,-13.5,1,0.8069142076661353,0.8129259412603781,0.8009024740718924,0.8508278662724296,,0.868197092052344
2023-12-28,2023-24,CHI,IND,104,120,,,-0.5,0,0.5693552838060789,0.5859492205699338,0.552761347042224,0.6758097378249579,,0.5186585439800319
2023-12-29,2023-24,POR,SAS,134,128,,,-4.5,1,0.6673247221243558,0.6573173168923431,0.6773321273563685,0.6831588238689732,,0.6528811761685757
2023-12-29,2023-24,DEN,OKC,93,119,,,-1.5,0,0.5897238488174248,0.5896583625469759,0.5897893350878737,0.685135810469493,,0.5532803541656142
2023-12-29,2023-24,CLE,MIL,111,119,,,5.5,0,0.4608291489418106,0.44844088961055834,0.47321740827306286,0.5284201508654343,,0.31844658639079165
2023-12-29,2023-24,LAC,MEM,117,106,,,-3.5,1,0.8028299054712449,0.8137183821998673,0.7919414287426226,0.7802076984455222,,0.6206865291604615
2023-12-29,2023-24,ATL,SAC,110,117,,,-1.5,0,0.5573564510950071,0.546892718131374,0.5678201840586403,0.6282259926485113,,0.5532803541656142
2023-12-29,2023-24,ORL,NYK,117,108,,,-0.5,1,0.46211646520654276,0.46755876195996743,0.4566741684531181,0.5493194230230699,,0.5186585439800319
2023-12-29,2023-24,BOS,TOR,120,118,,,-5.5,1,0.8444611021042534,0.8262102184006705,0.8627119858078361,0.8800293461009762,,0.6837356127682949
2023-12-29,2023-24,HOU,PHI,127,131,,,1.5,0,0.3507699597891104,0.3361140598902922,0.3654258596879287,0.3878243613713223,,0.4492105947756774
2023-12-29,2023-24,WAS,BKN,110,104,,,5.5,1,0.4018130201227615,0.40252913965114817,0.4010969005943748,0.4398751565077151,,0.31844658639079165
2023-12-29,2023-24,PHX,CHA,133,119,,,-15.5,1,0.8214571974749345,0.8254231339340173,0.8174912610158516,0.8366577864986592,,0.8969365809385075
2023-12-30,2023-24,DET,TOR,129,127,,,3.5,1,0.31577907218705353,0.31740157022958615,0.3141565741445209,0.3101897177760126,,0.3816878509294548
2023-12-30,2023-24,IND,NYK,140,126,,,-3.5,1,0.5619731187858165,0.57488916087161,0.5490570767000229,0.5191720901137133,,0.6206865291604615
2023-12-30,2023-24,UTA,MIA,117,109,,,3.5,1,0.3480676083340438,0.36069005102200263,0.33544516564608506,0.418396723637463,,0.3816878509294548
2023-12-30,2023-24,MIN,LAL,108,106,,,-4.5,1,0.6948279020034378,0.6861112119193373,0.7035445920875384,0.7566115899568762,,0.6528811761685757
2023-12-30,2023-24,CHI,PHI,105,92,,,-0.5,1,0.39077257297768075,0.38275094393452597,0.3987942020208356,0.3715864563390281,,0.5186585439800319
2023-12-30,2023-24,GSW,DAL,122,132,,,-3.5,0,0.6719330165275175,0.6310490248732611,0.7128170081817738,0.6906707442359888,,0.6206865291604615
2023-12-31,2023-24,PHX,ORL,112,107,,,-5.5,1,0.5272685741378729,0.5397696751579183,0.5147674731178274,0.6139574311926955,,0.6837356127682949
2023-12-31,2023-24,OKC,BKN,124,108,,,-7.5,1,0.7990505028874452,0.8151940198627847,0.7829069859121056,0.8299805235181003,,0.7406831670688772
2023-12-31,2023-24,WAS,ATL,126,130,,,6.5,0,0.37749380934411014,0.3719701230122224,0.38301749567599785,0.4401345574664452,,0.2890125525275827
2023-12-31,2023-24,NOP,LAL,129,109,,,-5.5,1,0.6712648023718404,0.6883436946978398,0.6541859100458408,0.6884246074055047,,0.6837356127682949
2023-12-31,2023-24,MEM,SAC,92,123,,,-0.5,0,0.4404725496768138,0.43575138052724793,0.44519371882637976,0.540127198484155,,0.5186585439800319
2023-12-31,2023-24,SAS,BOS,101,134,,,14.5,0,0.15771755314486874,0.10368484160978805,0.21175026467994945,0.1329270587552723,,0.11770936500261889
2024-01-01,2023-24,NYK,MIN,112,106,,,1.5,1,0.47785201636115676,0.44751261637409645,0.5081914163482171,0.5434569797628391,,0.4492105947756774
2024-01-01,2023-24,TOR,CLE,124,121,,,-2.5,1,0.4654314771837388,0.47803396558772726,0.4528289887797503,0.5287165726809209,,0.5873929722941529
2024-01-01,2023-24,LAC,MIA,121,104,,,-8.5,1,0.6138585415082284,0.5921891792252425,0.6355279037912143,0.6407796487291699,,0.7665240746293874
2024-01-01,2023-24,DEN,CHA,111,93,,,-17.5,1,0.8821329362894895,0.8852652023283472,0.8790006702506319,0.9129274020251772,,0.919986984880304
2024-01-01,2023-24,HOU,DET,136,113,,,-9.5,1,0.8429478382550166,0.8271004442024842,0.8587952323075491,0.8750487427153538,,0.790518217596245
2024-01-01,2023-24,MIL,IND,113,122,,,-8.5,0,0.7324423051017571,0.7162908025503457,0.7485938076531685,0.800516668627708,,0.7665240746293874
2024-01-01,2023-24,UTA,DAL,127,90,,,4.5,1,0.5183323291791293,0.504327109800602,0.5323375485576567,0.5498787242650249,,0.3494051226951947
2024-01-01,2023-24,PHX,POR,109,88,,,-9.5,1,0.7343688025397317,0.7424326388680382,0.7263049662114253,0.8302170133429234,,0.790518217596245
2024-01-02,2023-24,GSW,ORL,121,115,,,-3.5,1,0.6018367380098657,0.5925132982205793,0.611160177799152,0.6347208374758032,,0.6206865291604615
2024-01-02,2023-24,SAC,CHA,104,111,,,-15.5,0,0.8490990226842576,0.8765574559441319,0.8216405894243833,0.8682440750731125,,0.8969365809385075
2024-01-02,2023-24,OKC,BOS,127,123,,,4.5,1,0.4938974901981436,0.47027261243636564,0.5175223679599216,0.5353925112443789,,0.3494051226951947
2024-01-02,2023-24,NOP,BKN,112,85,,,-5.5,1,0.7588723399250801,0.7670960877324843,0.7506485921176758,0.7712495522058651,,0.6837356127682949
2024-01-02,2023-24,MEM,SAS,106,98,,,-10.5,1,0.6939933059036951,0.7082579854894017,0.6797286263179885,0.7939977647023623,,0.8126491965359115
2024-01-02,2023-24,PHI,CHI,110,97,,,-9.5,1,0.7484900255390077,0.7512902911576385,0.745689759920377,0.8126594070720966,,0.790518217596245
2024-01-03,2023-24,SAC,ORL,138,135,,,-5.5,1,0.6254791480622618,0.6492353684683807,0.6017229276561429,0.6509223169229897,,0.6837356127682949
2024-01-03,2023-24,NYK,CHI,116,100,,,-7.5,1,0.7067853441137736,0.7163393311053718,0.6972313571221753,0.7358934192002115,,0.7406831670688772
2024-01-03,2023-24,MEM,TOR,111,116,,,-1.5,0,0.45037089913805517,0.44744669310292745,0.4532951051731829,0.5827689807707949,,0.5532803541656142
2024-01-03,2023-24,UTA,DET,154,148,,,-8.5,1,0.8058614176119894,0.8198555205563128,0.7918673146676658,0.8691086842002123,,0.7665240746293874
2024-01-03,2023-24,CLE,WAS,140,101,,,-9.5,1,0.7754994006268923,0.7933331301767889,0.7576656710769957,0.8459105942233577,,0.790518217596245
2024-01-03,2023-24,LAL,MIA,96,110,,,-5.5,0,0.5052862821438139,0.49249333491503383,0.5180792293725939,0.5776415090413876,,0.6837356127682949
2024-01-03,2023-24,PHX,LAC,122,131,,,3.5,0,0.44706989528503566,0.44522919153545915,0.44891059903461217,0.5455627110348873,,0.3816878509294548
2024-01-03,2023-24,DAL,POR,126,97,,,-11.5,1,0.7335964139848468,0.7515483932967646,0.7156444346729289,0.8091652674097631,,0.8329362310205675
2024-01-03,2023-24,MIN,NOP,106,117,,,-6.5,0,0.629602938793714,0.656529745912443,0.602676131674985,0.688500675165484,,0.7130528657723422
2024-01-03,2023-24,ATL,OKC,141,138,,,-1.5,1,0.4347006983779449,0.40558607181200007,0.4638153249438898,0.4123916011587205,,0.5532803541656142
2024-01-03,2023-24,HOU,BKN,112,101,,,-4.5,1,0.6895759910581274,0.732656260223818,0.6464957218924366,0.6740851800256149,,0.6528811761685757
2024-01-03,2023-24,IND,MIL,142,130,,,3.5,1,0.44559005429907084,0.45252338435725653,0.4386567242408852,0.4910178280978081,,0.3816878509294548
2024-01-04,2023-24,GSW,DEN,127,130,,,3.5,0,0.4556974548564271,0.4423544680987858,0.4690404416140684,0.4946563531832332,,0.3816878509294548
2024-01-04,2023-24,SAS,MIL,121,125,,,11.5,0,0.22087518969393027,0.2225561864132422,0.21919419297461837,0.2147534111884065,,0.16847015425964673
2024-01-05,2023-24,BOS,UTA,126,97,,,-14.5,1,0.8531884472528617,0.8342602785651825,0.872116615940541,0.8825279414671873,,0.8833327242620539
2024-01-05,2023-24,DEN,ORL,120,122,,,-9.5,0,0.7156476532980725,0.7075392802601805,0.7237560263359643,0.7801453518058611,,0.790518217596245
2024-01-05,2023-24,DAL,POR,139,103,,,-7.5,1,0.7587349756603594,0.7630498272742802,0.7544201240464388,0.8217481152693336,,0.7406831670688772
2024-01-05,2023-24,SAC,TOR,135,130,,,-4.5,1,0.6493818521139056,0.655472717712664,0.6432909865151473,0.7040488393963614,,0.6528811761685757
2024-01-05,2023-24,LAL,MEM,113,127,,,-3.5,0,0.6822993382753375,0.6872450970411822,0.6773535795094927,0.7440065830838636,,0.6206865291604615
2024-01-05,2023-24,HOU,MIN,95,122,,,4.5,0,0.4571628423943631,0.4579339769658429,0.4563917078228833,0.4755159308842651,,0.3494051226951947
2024-01-05,2023-24,PHX,MIA,113,97,,,-3.5,1,0.511097380507252,0.48965131136493584,0.532543449649568,0.5415208755751572,,0.6206865291604615
2024-01-05,2023-24,BKN,OKC,124,115,,,4.5,1,0.3207188076418035,0.24810364681783278,0.39333396846577423,0.3625082423753996,,0.3494051226951947
2024-01-05,2023-24,IND,ATL,150,116,,,-2.5,1,0.6414696253828631,0.6407862163661694,0.6421530343995567,0.6781912637340549,,0.5873929722941529
2024-01-05,2023-24,NOP,LAC,95,111,,,-0.5,0,0.5358019015002863,0.5637566508103669,0.5078471521902057,0.6459116859521314,,0.5186585439800319
2024-01-05,2023-24,CLE,WAS,114,90,,,-10.5,1,0.811014331627968,0.8213359473390793,0.8006927159168566,0.8562176689176643,,0.8126491965359115
2024-01-05,2023-24,GSW,DET,113,109,,,-10.5,1,0.858523715613682,0.835184688374457,0.8818627428529069,0.9001945332054488,,0.8126491965359115
2024-01-05,2023-24,CHI,CHA,104,91,,,-8.5,1,0.7642903510957065,0.7729193802933995,0.7556613218980136,0.8092563762949192,,0.7665240746293874
2024-01-05,2023-24,PHI,NYK,92,128,,,-5.5,0,0.6609791939591154,0.6854833991028939,0.6364749888153368,0.7359625301874381,,0.6837356127682949
2024-01-06,2023-24,HOU,MIL,112,108,,,7.5,1,0.39298178957840346,0.3865982797264969,0.39936529943031,0.4413196912098759,,0.26125623891201216
2024-01-06,2023-24,IND,BOS,101,118,,,6.5,0,0.39066451042048944,0.4219024911760889,0.3594265296648899,0.3917456147908929,,0.2890125525275827
2024-01-06,2023-24,WAS,NYK,105,121,,,9.5,0,0.24508477195374734,0.2660313948749139,0.22413814903258078,0.2577131135809807,,0.21115472978709024
2024-01-06,2023-24,PHI,UTA,109,120,,,-5.5,0,0.748515716615567,0.7534926143250107,0.7435388189061234,0.8083643778135798,,0.6837356127682949
2024-01-07,2023-24,LAL,LAC,106,103,,,5.5,1,0.3592869951817359,0.34967961565183575,0.36889437471163605,0.4564207041871265,,0.31844658639079165
2024-01-07,2023-24,PHX,MEM,115,121,,,-8.5,0,0.6908868962567931,0.691714783989618,0.6900590085239682,0.7399585221777746,,0.7665240746293874
2024-01-07,2023-24,SAC,NOP,100,133,,,-4.5,0,0.487937310770231,0.4910785812893463,0.4847960402511157,0.5704054443893147,,0.6528811761685757
2024-01-07,2023-24,CLE,SAS,117,115,,,-10.5,1,0.8730114487597591,0.870685492943299,0.8753374045762193,0.8913770374306512,,0.8126491965359115
2024-01-07,2023-24,BKN,POR,127,134,,,-9.5,0,0.7273017910572805,0.7253828618370121,0.729220720277549,0.8061813177386199,,0.790518217596245
2024-01-07,2023-24,ORL,ATL,117,110,,,2.5,1,0.5834988752210754,0.620157582343494,0.5468401680986567,0.6833301937091929,,0.41505045389637707
2024-01-07,2023-24,DAL,MIN,115,108,,,2.5,1,0.4210945006069814,0.4129515073989205,0.4292374938150422,0.4617951229478749,,0.41505045389637707
2024-01-07,2023-24,GSW,TOR,118,133,,,-2.5,0,0.6545599508376776,0.6331099607691194,0.6760099409062358,0.6981670598249987,,0.5873929722941529
2024-01-07,2023-24,DEN,DET,131,114,,,-16.5,1,0.8969048883751156,0.9037031435805216,0.8901066331697095,0.9433811625258364,,0.9091173794696449
2024-01-08,2023-24,CHA,CHI,112,119,,,6.5,0,0.33167455508387333,0.33290492162867447,0.3304441885390722,0.4153466566075695,,0.2890125525275827
2024-01-08,2023-24,IND,BOS,133,131,,,3.5,1,0.34942610306730515,0.34918787554919384,0.34966433058541646,0.3645284803466787,,0.3816878509294548
2024-01-08,2023-24,MIL,UTA,116,132,,,-8.5,0,0.7277778544816655,0.7007764788629512,0.7547792301003798,0.7815891860606209,,0.7665240746293874
2024-01-08,2023-24,WAS,OKC,128,136,,,11.5,0,0.18733364785182807,0.17211088788945003,0.2025564078142061,0.2313597886188178,,0.16847015425964673
2024-01-08,2023-24,MIA,HOU,120,113,,,-4.5,1,0.6500381705855139,0.6469632704422474,0.6531130707287804,0.7433787740227512,,0.6528811761685757
2024-01-08,2023-24,LAC,PHX,138,111,,,-5.5,1,0.7398338331007438,0.7374170375683108,0.7422506286331768,0.7580713404697851,,0.6837356127682949
2024-01-09,2023-24,DAL,MEM,103,120,,,-9.5,0,0.6732927295852889,0.6669131082832762,0.6796723508873016,0.7107478131642663,,0.790518217596245
2024-01-09,2023-24,DET,SAC,110,131,,,11.5,0,0.29755008221728374,0.27242341548690874,0.3226767489476588,0.2702283745256621,,0.16847015425964673
2024-01-09,2023-24,ORL,MIN,92,113,,,5.5,0,0.4737954415411707,0.46562117979380596,0.4819697032885355,0.5151069161646499,,0.31844658639079165
2024-01-09,2023-24,NYK,POR,112,84,,,-12.5,1,0.8708784099599253,0.8571849419064328,0.8845718780134177,0.9031244857089182,,0.8514281304931971
2024-01-09,2023-24,LAL,TOR,132,131,,,-4.5,1,0.516613741653785,0.5529266014275435,0.4803008818800267,0.6377422605871763,,0.6528811761685757
2024-01-10,2023-24,ATL,PHI,139,132,,,-0.5,1,0.48198467083977936,0.44970189884815753,0.5142674428314011,0.4821527436011198,,0.5186585439800319
2024-01-10,2023-24,CHA,SAC,98,123,,,8.5,0,0.3725390648978658,0.35411189710945096,0.3909662326862807,0.3707465132470378,,0.23528346065663988
2024-01-10,2023-24,DET,SAS,108,130,,,3.5,0,0.50701533285028,0.5192114591345524,0.49481920656600764,0.5612835428870498,,0.3816878509294548
2024-01-10,2023-24,LAC,TOR,126,120,,,-11.5,1,0.7696245468266797,0.7797532761226034,0.759495817530756,0.7870201572173267,,0.8329362310205675
2024-01-10,2023-24,IND,WAS,112,104,,,-8.5,1,0.8319127006446037,0.8413322652301698,0.8224931360590376,0.864592382730518,,0.7665240746293874
2024-01-10,2023-24,CHI,HOU,124,119,,,-4.5,1,0.5608883111114332,0.5576046907525317,0.5641719314703347,0.6622266526543332,,0.6528811761685757
2024-01-10,2023-24,GSW,NOP,105,141,,,2.5,0,0.4103211470725714,0.40314269600826336,0.4174995981368794,0.4872748084765107,,0.41505045389637707
2024-01-10,2023-24,BOS,MIN,127,120,,,-10.5,1,0.7689790349996826,0.7750920572297363,0.7628660127696288,0.7536483886266838,,0.8126491965359115
2024-01-10,2023-24,MIA,OKC,120,128,,,4.5,0,0.4273003466389437,0.41433378700015205,0.4402669062777353,0.5470295198154282,,0.3494051226951947
2024-01-10,2023-24,UTA,DEN,124,111,,,6.5,1,0.417186114068617,0.4162073098977674,0.4181649182394666,0.4766434653913295,,0.2890125525275827
2024-01-11,2023-24,LAL,PHX,109,127,,,1.5,0,0.5341434442927072,0.5555097912606197,0.5127770973247947,0.6315894256348377,,0.4492105947756774
2024-01-11,2023-24,OKC,POR,139,77,,,-13.5,1,0.8949138034597249,0.8944454689227088,0.895382137996741,0.9168057873479578,,0.868197092052344
2024-01-11,2023-24,CLE,BKN,111,102,,,-3.5,1,0.739758048967921,0.7403249930780224,0.7391911048578197,0.7610763822663357,,0.6206865291604615
2024-01-11,2023-24,DAL,NYK,128,124,,,4.5,1,0.4124171561312704,0.41605141033031645,0.40878290193222433,0.4469858066717233,,0.3494051226951947
2024-01-11,2023-24,MIL,BOS,135,102,,,-2.5,1,0.44227073415172047,0.4237455677063657,0.4607959005970752,0.4314677589464107,,0.5873929722941529
2024-01-12,2023-24,CHI,GSW,131,140,,,-3.5,0,0.5382100498757469,0.578366736427298,0.49805336332419603,0.6676781511403299,,0.6206865291604615
2024-01-12,2023-24,MIN,POR,116,93,,,-16.5,1,0.8983625437575262,0.910309992684725,0.8864150948303275,0.9105391553190724,,0.9091173794696449
2024-01-12,2023-24,MEM,LAC,119,128,,,8.5,0,0.3747994620414449,0.33107214327982476,0.41852678080306494,0.4343773298811695,,0.23528346065663988
2024-01-12,2023-24,DEN,NOP,125,113,,,-5.5,1,0.5052576159770488,0.5236485968118827,0.48686663514221495,0.6130639193301164,,0.6837356127682949
2024-01-12,2023-24,DET,HOU,110,112,,,8.5,0,0.26730635326534286,0.25718845417831104,0.27742425235237467,0.2793077015037187,,0.23528346065663988
2024-01-12,2023-24,SAS,CHA,135,99,,,-2.5,1,0.5933327893510831,0.5943398920097069,0.5923256866924594,0.6301917642237428,,0.5873929722941529
2024-01-12,2023-24,UTA,TOR,145,113,,,-1.5,1,0.5818749429713719,0.6029862613224175,0.5607636246203263,0.6860627913125356,,0.5532803541656142
2024-01-12,2023-24,MIA,ORL,99,96,,,-1.5,1,0.6424433476854636,0.6257243803077533,0.6591623150631738,0.7045296635544279,,0.5532803541656142
2024-01-12,2023-24,PHI,SAC,112,93,,,-0.5,1,0.611016760478149,0.6157704432159383,0.6062630777403597,0.7131708622647421,,0.5186585439800319
2024-01-12,2023-24,ATL,IND,108,126,,,-5.5,0,0.4507125899063943,0.4447156970136027,0.4567094827991859,0.5650142228277885,,0.6837356127682949
2024-01-13,2023-24,UTA,LAL,132,125,,,-2.5,1,0.6884765497544088,0.6394332530455492,0.7375198464632682,0.7173972577369462,,0.5873929722941529
2024-01-13,2023-24,MIL,GSW,129,118,,,-13.5,1,0.7584081345507501,0.773745530917866,0.7430707381836342,0.7814163836985877,,0.868197092052344
2024-01-13,2023-24,OKC,ORL,112,100,,,-11.5,1,0.8182602036461064,0.8346653026739731,0.8018551046182397,0.8039971018168399,,0.8329362310205675
2024-01-13,2023-24,DAL,NOP,108,118,,,-5.5,0,0.47287858462616195,0.46007919539885334,0.4856779738534705,0.4611254985406434,,0.6837356127682949
2024-01-13,2023-24,ATL,WAS,99,127,,,-7.5,0,0.7375209014891821,0.728050139134035,0.7469916638443291,0.8129004282532621,,0.7406831670688772
2024-01-13,2023-24,SAS,CHI,116,122,,,6.5,0,0.39178026906522173,0.4262338283266518,0.35732670980379166,0.4083811128888914,,0.2890125525275827
2024-01-13,2023-24,BOS,HOU,145,113,,,-14.5,1,0.8003130465977111,0.8336752156594064,0.7669508775360158,0.8664834889146077,,0.8833327242620539
2024-01-13,2023-24,MEM,NYK,94,106,,,10.5,0,0.32951527646788875,0.3296254708510504,0.32940508208472713,0.4295700931543088,,0.18888924117694963
2024-01-14,2023-24,MIL,SAC,143,142,,,-4.5,1,0.6896510060639616,0.660889435631647,0.7184125764962762,0.7583110266151408,,0.6528811761685757
2024-01-14,2023-24,DEN,IND,117,109,,,-10.5,1,0.6061787384091017,0.6158251427975798,0.5965323340206237,0.7126429867031633,,0.8126491965359115
2024-01-14,2023-24,MIN,LAC,109,105,,,-0.5,1,0.5059484238977869,0.5359304792952746,0.4759663685002993,0.6432756575473066,,0.5186585439800319
2024-01-14,2023-24,POR,PHX,116,127,,,14.5,0,0.29709268441374226,0.25338172148383925,0.34080364734364527,0.3628053793265973,,0.11770936500261889
2024-01-14,2023-24,MIA,CHA,104,87,,,-8.5,1,0.867666748243673,0.8619346921164068,0.8733988043709391,0.8950570043375057,,0.7665240746293874
2024-01-15,2023-24,LAL,OKC,112,105,,,2.5,1,0.30827618151274616,0.2978973315298194,0.3186550314956729,0.3802219950830277,,0.41505045389637707
2024-01-15,2023-24,WAS,DET,117,129,,,-5.5,0,0.7086941529153751,0.7125543065031201,0.70483399932763,0.8108632921010951,,0.6837356127682949
2024-01-15,2023-24,PHI,HOU,124,115,,,-8.5,1,0.7018759800418333,0.6907595426103603,0.7129924174733063,0.7839828407124558,,0.7665240746293874
2024-01-15,2023-24,UTA,IND,132,105,,,-6.5,1,0.5709430063571035,0.6051839483057876,0.5367020644084195,0.6188212067534606,,0.7130528657723422
2024-01-15,2023-24,CLE,CHI,109,91,,,-4.5,1,0.6853369984163482,0.6786831305538651,0.6919908662788313,0.7202988571448937,,0.6528811761685757
2024-01-15,2023-24,DAL,NOP,125,120,,,4.5,1,0.3777707343814234,0.35918584498379874,0.396355623779048,0.4363886683474806,,0.3494051226951947
2024-01-15,2023-24,MEM,GSW,116,107,,,7.5,1,0.49867223571766517,0.5221777258387151,0.47516674559661526,0.6016989028700164,,0.26125623891201216
2024-01-15,2023-24,ATL,SAS,109,99,,,-8.5,1,0.6732344410057339,0.678780252908464,0.6676886291030039,0.7809260732754547,,0.7665240746293874
2024-01-15,2023-24,NYK,ORL,94,98,,,-5.5,0,0.7358210762235362,0.7287544178420977,0.7428877346049746,0.7829378671694545,,0.6837356127682949
2024-01-15,2023-24,BKN,MIA,95,96,,,-0.5,0,0.4933846014742534,0.4813413544481059,0.5054278485004009,0.4702887665042981,,0.5186585439800319
2024-01-15,2023-24,TOR,BOS,96,105,,,6.5,0,0.3210259319051697,0.31227011817873634,0.3297817456316031,0.3195113013934632,,0.2890125525275827
2024-01-16,2023-24,PHI,DEN,126,121,,,-1.5,1,0.4482177175351225,0.4603062874059133,0.4361291476643317,0.6020543388399517,,0.5532803541656142
2024-01-16,2023-24,PHX,SAC,119,117,,,-4.5,1,0.5941257548584956,0.6035063997629804,0.5847451099540109,0.6543445369455181,,0.6528811761685757
2024-01-16,2023-24,LAC,OKC,128,117,,,-5.5,1,0.5712695692147991,0.6227492982144549,0.5197898402151434,0.6131817984629649,,0.6837356127682949
2024-01-17,2023-24,TOR,MIA,121,97,,,3.5,1,0.506691071289507,0.4796421099482028,0.5337400326308112,0.4977520650957386,,0.3816878509294548
2024-01-17,2023-24,BOS,SAS,117,98,,,-14.5,1,0.8967663320064052,0.9072831572943841,0.8862495067184262,0.9463406255111086,,0.8833327242620539
2024-01-17,2023-24,ATL,ORL,106,104,,,-4.5,1,0.4735978172155323,0.4520865724879275,0.4951090619431371,0.5390741030835139,,0.6528811761685757
2024-01-17,2023-24,LAL,DAL,127,110,,,-3.5,1,0.519748550708601,0.5293698616236844,0.5101272397935177,0.6237129613927667,,0.6206865291604615
2024-01-17,2023-24,NOP,CHA,132,112,,,-12.5,1,0.8985960754214203,0.9146567018219312,0.8825354490209094,0.9235936539917624,,0.8514281304931971
2024-01-17,2023-24,CLE,MIL,135,95,,,-1.5,1,0.506492486509449,0.5185337400648588,0.49445123295403925,0.5647765742006604,,0.5532803541656142
2024-01-17,2023-24,NYK,HOU,109,94,,,-7.5,1,0.7434805677375653,0.7340152973863516,0.7529458380887791,0.8070328679765464,,0.7406831670688772
2024-01-17,2023-24,POR,BKN,105,103,,,5.5,1,0.4153249635360048,0.3939331315404747,0.4367167955315348,0.4614348676214199,,0.31844658639079165
2024-01-17,2023-24,DET,MIN,117,124,,,12.5,0,0.1957524469480047,0.14927450329341166,0.2422303906025977,0.1452459755101809,,0.149850591223406
2024-01-18,2023-24,NYK,WAS,113,109,,,-11.5,1,0.8592643091251622,0.8487938583320318,0.8697347599182926,0.9001296949676906,,0.8329362310205675
2024-01-18,2023-24,TOR,CHI,110,116,,,1.5,0,0.576668814222423,0.5782258531314657,0.5751117753133803,0.6473160316031932,,0.4492105947756774
2024-01-18,2023-24,SAC,IND,121,126,,,-8.5,0,0.49288899694943566,0.516811635911922,0.46896635798694924,0.6005255200813548,,0.7665240746293874
2024-01-18,2023-24,MIN,MEM,118,103,,,-12.5,1,0.7576628134391028,0.7628712906563483,0.7524543362218573,0.8261698804392466,,0.8514281304931971
2024-01-18,2023-24,UTA,OKC,129,134,,,3.5,0,0.4974927398987229,0.46649523889877714,0.5284902408986686,0.5324121865742562,,0.3816878509294548
2024-01-19,2023-24,NOP,PHX,109,123,,,-2.5,0,0.721478331646395,0.7047861255640336,0.7381705377287563,0.7529050225812979,,0.5873929722941529
2024-01-19,2023-24,CHA,SAS,124,120,,,-4.5,1,0.4868407150621422,0.5141027444525355,0.459578685671749,0.6086577737468968,,0.6528811761685757
2024-01-19,2023-24,LAL,BKN,112,130,,,-7.5,0,0.6729065506333588,0.6715777403083095,0.6742353609584081,0.7127564570887641,,0.7406831670688772
2024-01-19,2023-24,POR,IND,118,115,,,7.5,1,0.2848371346062497,0.28924574597917047,0.2804285232333289,0.3223023021352118,,0.26125623891201216
2024-01-19,2023-24,BOS,DEN,100,102,,,-7.5,0,0.6543624688677747,0.644306023927168,0.6644189138083815,0.7509180782280166,,0.7406831670688772
2024-01-19,2023-24,ORL,PHI,109,124,,,5.5,0,0.47252451255643185,0.4588878677754562,0.4861611573374075,0.5081048640694457,,0.31844658639079165
2024-01-19,2023-24,MIA,ATL,108,109,,,-0.5,0,0.6957224555274589,0.6935255662472083,0.6979193448077096,0.7640300807616281,,0.5186585439800319
2024-01-20,2023-24,NYK,TOR,126,100,,,-7.5,1,0.7048469140800042,0.7363881194617152,0.6733057086982932,0.800553634497637,,0.7406831670688772
2024-01-20,2023-24,DET,MIL,135,141,,,13.5,0,0.20027810820122371,0.19158875652219523,0.20896745988025217,0.1757244875148206,,0.132959841458717
2024-01-20,2023-24,ATL,CLE,95,116,,,2.5,0,0.34714066302534724,0.3123807333776724,0.38190059267302207,0.4481464699076709,,0.41505045389637707
2024-01-20,2023-24,HOU,UTA,127,126,,,-2.5,1,0.4466539622476057,0.40926182326281124,0.48404610123240016,0.5153862748152607,,0.5873929722941529
2024-01-20,2023-24,CHA,PHI,89,97,,,12.5,0,0.2104386881473664,0.2225561314698006,0.1983212448249322,0.2161722717438608,,0.149850591223406
2024-01-20,2023-24,CHI,MEM,125,96,,,-7.5,1,0.6081323527326116,0.6182861475998107,0.5979785578654124,0.6803181118321204,,0.7406831670688772
2024-01-20,2023-24,MIN,OKC,97,102,,,-3.5,0,0.5131129209746401,0.5392103978003997,0.4870154441488806,0.638773350454859,,0.6206865291604615
2024-01-20,2023-24,WAS,SAS,127,131,,,-2.5,0,0.6421128040267561,0.6658956967089414,0.6183299113445706,0.6797966340063536,,0.5873929722941529
2024-01-21,2023-24,ORL,MIA,105,87,,,-1.5,1,0.5318944965673678,0.5436147376628236,0.5201742554719118,0.5760359281114855,,0.5532803541656142
2024-01-21,2023-24,WAS,DEN,104,113,,,12.5,0,0.19634884276397183,0.18601271711551318,0.20668496841243048,0.2398930990922008,,0.149850591223406
2024-01-21,2023-24,HOU,BOS,107,116,,,11.5,0,0.2807207208904144,0.25370512591705496,0.3077363158637738,0.3109562205759695,,0.16847015425964673
2024-01-21,2023-24,PHX,IND,117,110,,,-6.5,1,0.5600616067264359,0.5777369939494051,0.5423862195034665,0.6535533229664158,,0.7130528657723422
2024-01-21,2023-24,LAC,BKN,125,114,,,-9.5,1,0.8142759441047427,0.8260068439633591,0.8025450442461264,0.8280585658346031,,0.790518217596245
2024-01-21,2023-24,LAL,POR,134,110,,,-11.5,1,0.7555788819940303,0.7691494839063064,0.7420082800817543,0.8002535198480577,,0.8329362310205675
2024-01-22,2023-24,SAC,ATL,122,107,,,-8.5,1,0.6967515145301182,0.7037959686991659,0.6897070603610705,0.7224269580169924,,0.7665240746293874
2024-01-22,2023-24,DAL,BOS,110,119,,,2.5,0,0.3488216615684747,0.40190841634871177,0.29573490678823766,0.3282776142198481,,0.41505045389637707
2024-01-22,2023-24,MIN,CHA,125,128,,,-13.5,0,0.8844153732579172,0.9022519820584367,0.8665787644573977,0.9276270485364538,,0.868197092052344
2024-01-22,2023-24,DET,MIL,113,122,,,12.5,0,0.19810393746062527,0.18674535484238966,0.20946252007886088,0.1722517421036543,,0.149850591223406
2024-01-22,2023-24,PHX,CHI,115,113,,,-5.5,1,0.6446626910926316,0.6344398303278566,0.6548855518574067,0.7040321746999522,,0.6837356127682949
2024-01-22,2023-24,ORL,CLE,99,126,,,2.5,0,0.4152263526608686,0.38640179483429477,0.4440509104874425,0.5106934321226128,,0.41505045389637707
2024-01-22,2023-24,PHI,SAS,133,123,,,-13.5,1,0.8506892959870751,0.8552019043991034,0.8461766875750469,0.91138823121916,,0.868197092052344
2024-01-22,2023-24,TOR,MEM,100,108,,,-7.5,0,0.6136042126185732,0.607553925447145,0.6196544997900013,0.6697414177860157,,0.7406831670688772
2024-01-23,2023-24,BKN,NYK,103,108,,,3.5,0,0.3356717406216708,0.32642485384623654,0.34491862739710516,0.3989574581411306,,0.3816878509294548
2024-01-23,2023-24,NOP,UTA,153,124,,,-6.5,1,0.6700534869802223,0.6545256779529425,0.6855812960075021,0.7114106158854618,,0.7130528657723422
2024-01-23,2023-24,IND,DEN,109,114,,,4.5,0,0.46463309674155784,0.4479426386180162,0.48132355486509953,0.5056619037219602,,0.3494051226951947
2024-01-23,2023-24,LAC,LAL,127,116,,,-9.5,1,0.7912497261978559,0.7912386150180034,0.7912608373777084,0.8148032695538479,,0.790518217596245
2024-01-23,2023-24,OKC,POR,111,109,,,-13.5,1,0.8961864457984526,0.9081488940040378,0.8842239975928675,0.9212302961211998,,0.868197092052344
2024-01-24,2023-24,WAS,MIN,107,118,,,10.5,0,0.20838728940754925,0.20676841555527165,0.21000616325982685,0.2462729493400474,,0.18888924117694963
2024-01-24,2023-24,DAL,PHX,109,132,,,2.5,0,0.46059737458267086,0.44835734243936465,0.47283740672597707,0.5273943540670488,,0.41505045389637707
2024-01-24,2023-24,SAS,OKC,114,140,,,8.5,0,0.22959491162651394,0.23335848695835276,0.2258313362946751,0.2016649483893852,,0.23528346065663988
2024-01-24,2023-24,GSW,ATL,134,112,,,-6.5,1,0.6679154857668662,0.6633287729793479,0.6725021985543845,0.700092711331692,,0.7130528657723422
2024-01-24,2023-24,MIL,CLE,126,116,,,-6.5,1,0.46198323036752037,0.49915813880258436,0.4248083219324564,0.6093832720683141,,0.7130528657723422
2024-01-24,2023-24,HOU,POR,131,137,,,-10.5,0,0.7721144609938957,0.7782231786861655,0.766005743301626,0.7965421151077092,,0.8126491965359115
2024-01-24,2023-24,MIA,MEM,96,105,,,-11.5,0,0.6338929610219971,0.6204364864753502,0.647349435568644,0.7248170849648436,,0.8329362310205675
2024-01-24,2023-24,DET,CHA,113,106,,,-2.5,1,0.524760624275649,0.5036765975788592,0.5458446509724387,0.52505706642752,,0.5873929722941529
2024-01-25,2023-24,WAS,UTA,108,123,,,7.5,0,0.26401222441974737,0.2604883017074846,0.2675361471320101,0.3397679829171829,,0.26125623891201216
2024-01-25,2023-24,IND,PHI,134,122,,,3.5,1,0.48009812987128336,0.46465087076040085,0.4955453889821659,0.511827513668799,,0.3816878509294548
2024-01-25,2023-24,GSW,SAC,133,134,,,1.5,0,0.4930788872841204,0.4932261898460787,0.4929315847221622,0.6090655593160517,,0.4492105947756774
2024-01-25,2023-24,LAL,CHI,141,132,,,-5.5,1,0.5060043987808951,0.5429766843913616,0.4690321131704286,0.6005813940291891,,0.6837356127682949
2024-01-25,2023-24,NYK,DEN,122,84,,,2.5,1,0.5196688202198037,0.537234074792692,0.5021035656469154,0.6322198840645233,,0.41505045389637707
2024-01-25,2023-24,MIA,BOS,110,143,,,8.5,0,0.30657816772438695,0.2878055704252194,0.3253507650235545,0.3603776198606749,,0.23528346065663988
2024-01-25,2023-24,BKN,MIN,94,96,,,3.5,0,0.4006755768093334,0.3972237737748946,0.4041273798437723,0.3989686652572118,,0.3816878509294548
2024-01-26,2023-24,IND,PHX,133,131,,,4.5,1,0.47965987782569747,0.4903533976644457,0.46896635798694924,0.5899379005330712,,0.3494051226951947
2024-01-26,2023-24,TOR,LAC,107,127,,,8.5,0,0.330041370187252,0.2983085252390645,0.3617742151354395,0.3867258783520434,,0.23528346065663988
2024-01-26,2023-24,SAS,POR,116,100,,,-4.5,1,0.5562810789622104,0.5552161198348374,0.5573460380895834,0.5984231157239377,,0.6528811761685757
2024-01-26,2023-24,NOP,OKC,83,107,,,1.5,0,0.5450096024868376,0.5356593590501403,0.5543598459235348,0.581152761842606,,0.4492105947756774
2024-01-26,2023-24,MIL,CLE,100,112,,,-5.5,0,0.528690063175618,0.5225450692181828,0.5348350571330532,0.6317632574086234,,0.6837356127682949
2024-01-26,2023-24,ATL,DAL,143,148,,,-2.5,0,0.4414014520994728,0.4423683486530125,0.440434555545933,0.5858435099224049,,0.5873929722941529
2024-01-26,2023-24,MEM,ORL,107,106,,,6.5,1,0.5911656360403729,0.5808404729768438,0.6014907991039019,0.6211184531009115,,0.2890125525275827
2024-01-26,2023-24,CHA,HOU,104,138,,,4.5,0,0.3672680307642158,0.4006742346025887,0.33386182692584293,0.4260438906184923,,0.3494051226951947
2024-01-27,2023-24,DEN,PHI,111,105,,,-12.5,1,0.5997790905068423,0.6097768515958033,0.5897813294178813,0.6539230341282014,,0.8514281304931971
2024-01-27,2023-24,MIL,NOP,141,117,,,-3.5,1,0.5674633036123089,0.5838557491875039,0.5510708580371138,0.6378352636699577,,0.6206865291604615
2024-01-27,2023-24,BOS,LAC,96,115,,,-6.5,0,0.6746830105537095,0.6817930564277186,0.6675729646797004,0.736248759080705,,0.7130528657723422
2024-01-27,2023-24,DAL,SAC,115,120,,,4.5,0,0.47902540497671586,0.4823597223162318,0.47569108763719986,0.5748798369487743,,0.3494051226951947
2024-01-27,2023-24,CHA,UTA,122,134,,,10.5,0,0.23538142153371802,0.2065250556219384,0.26423778744549764,0.2780084561895738,,0.18888924117694963
2024-01-27,2023-24,SAS,MIN,113,112,,,10.5,1,0.20071805363062797,0.18749849708840324,0.2139376101728527,0.2323137395110765,,0.18888924117694963
2024-01-27,2023-24,DET,WAS,104,118,,,-3.5,0,0.519690259052882,0.4916762786808058,0.5477042394249582,0.5258365990676713,,0.6206865291604615
2024-01-27,2023-24,BKN,HOU,106,104,,,-4.5,1,0.5939364877601124,0.627495502621369,0.5603774728988559,0.6171194043019035,,0.6528811761685757
2024-01-27,2023-24,NYK,MIA,125,109,,,-4.5,1,0.7756273282653091,0.7788908818282804,0.7723637747023379,0.8095669624235132,,0.6528811761685757
2024-01-27,2023-24,GSW,LAL,144,145,,,-1.5,0,0.5631436123534523,0.5583483249636702,0.5679388997432346,0.6417790450595197,,0.5532803541656142
2024-01-28,2023-24,DET,OKC,120,104,,,12.5,1,0.16062534372174248,0.09561878071454602,0.22563190672893893,0.1105324048687503,,0.149850591223406
2024-01-28,2023-24,ATL,TOR,126,125,,,-7.5,1,0.473925030546238,0.5029849726513992,0.44486508844107686,0.592677882403933,,0.7406831670688772
2024-01-28,2023-24,ORL,PHX,113,98,,,1.5,1,0.4260453991999218,0.4066173416810295,0.44547345671881416,0.5193171444455054,,0.4492105947756774
2024-01-28,2023-24,IND,MEM,116,110,,,-7.5,1,0.6797052206922136,0.6865574247974884,0.6728530165869387,0.7220670273323421,,0.7406831670688772
2024-01-28,2023-24,POR,CHI,96,104,,,5.5,0,0.32193154576591587,0.3108410430816822,0.33302204845014954,0.4000915862094552,,0.31844658639079165
2024-01-29,2023-24,BOS,NOP,118,112,,,-7.5,1,0.6789174457638636,0.6630793202367612,0.694755571290966,0.7835706218779548,,0.7406831670688772
2024-01-29,2023-24,POR,PHI,130,104,,,5.5,1,0.22167722143615148,0.19793828396110671,0.24541615891119622,0.257690959526243,,0.31844658639079165
2024-01-29,2023-24,SAS,WAS,113,118,,,-3.5,0,0.6017493775273232,0.5970981465223244,0.6064006085323219,0.6429629206059716,,0.6206865291604615
2024-01-29,2023-24,MEM,SAC,94,103,,,10.5,0,0.46358316041551006,0.4578109848045769,0.4693553360264433,0.5724654076238967,,0.18888924117694963
2024-01-29,2023-24,MIA,PHX,105,118,,,-2.5,0,0.4962926666488021,0.49180183495392366,0.5007834983436805,0.5506980085351466,,0.5873929722941529
2024-01-29,2023-24,HOU,LAL,135,119,,,1.5,1,0.49492951420543907,0.5168804561031917,0.4729785723076865,0.6036843920299483,,0.4492105947756774
2024-01-29,2023-24,DEN,MIL,113,107,,,-4.5,1,0.5808210709445367,0.594156066017132,0.5674860758719416,0.6640279932674787,,0.6528811761685757
2024-01-29,2023-24,OKC,MIN,101,107,,,-2.5,0,0.5778548540729818,0.5569463956612796,0.5987633124846841,0.668420349793735,,0.5873929722941529
2024-01-29,2023-24,DAL,ORL,131,129,,,-3.5,1,0.598291037035005,0.6349801795383108,0.5616018945316992,0.5857781782431472,,0.6206865291604615
2024-01-29,2023-24,CHA,NYK,92,113,,,9.5,0,0.1925420829129188,0.14974614985932247,0.23533801596651516,0.1624631717494175,,0.21115472978709024
2024-01-29,2023-24,BKN,UTA,147,114,,,-0.5,1,0.4369199626209167,0.4120839271512,0.46175599809063334,0.5053685051912724,,0.5186585439800319
2024-01-29,2023-24,CLE,LAC,118,108,,,1.5,1,0.5240402214568128,0.5215605185845079,0.5265199243291178,0.5749508891141977,,0.4492105947756774
2024-01-30,2023-24,CHI,TOR,107,118,,,-6.5,0,0.6757989475752153,0.6843234628020834,0.6672744323483473,0.7123406206310917,,0.7130528657723422
2024-01-30,2023-24,BOS,IND,129,124,,,-7.5,1,0.7112178922858822,0.6787630678886142,0.7436727166831502,0.8151814812841772,,0.7406831670688772
2024-01-30,2023-24,NYK,UTA,118,103,,,-2.5,1,0.7515049898755488,0.7578279989372912,0.7451819808138064,0.797175939167274,,0.5873929722941529
2024-01-30,2023-24,GSW,PHI,119,107,,,-1.5,1,0.5535823278443541,0.5460265692912398,0.5611380863974684,0.5197368606908488,,0.5532803541656142
2024-01-30,2023-24,ATL,LAL,138,122,,,-5.5,1,0.5225493418357565,0.5193040529694858,0.5257946307020273,0.5576117395847398,,0.6837356127682949
2024-01-31,2023-24,HOU,NOP,99,110,,,-0.5,0,0.4248009329630913,0.43958298423703157,0.41001888168915107,0.4928284589160958,,0.5186585439800319
2024-01-31,2023-24,WAS,LAC,109,125,,,9.5,0,0.17628640650094984,0.1643633469448691,0.18820946605703057,0.2073193780920896,,0.21115472978709024
2024-01-31,2023-24,OKC,DEN,105,100,,,-6.5,1,0.5499254444575115,0.5751904272722184,0.5246604616428046,0.6393283222122584,,0.7130528657723422
2024-01-31,2023-24,POR,MIL,119,116,,,10.5,1,0.2902611638085376,0.2770414172886083,0.30348091032846697,0.3043521976049499,,0.18888924117694963
2024-01-31,2023-24,SAS,ORL,98,108,,,6.5,0,0.34558645042723024,0.33827824095986275,0.3528946598945978,0.3871730640127046,,0.2890125525275827
2024-01-31,2023-24,MIA,SAC,115,106,,,-2.5,1,0.43524924811521226,0.43508474628706645,0.435413749943358,0.5674988725983995,,0.5873929722941529
2024-01-31,2023-24,CHA,CHI,110,117,,,5.5,0,0.311037672129057,0.34132208840526096,0.280753255852853,0.3353413564493753,,0.31844658639079165
2024-01-31,2023-24,BKN,PHX,120,136,,,3.5,0,0.44434835312769627,0.4240011184840701,0.46469558777132236,0.5055989311401362,,0.3816878509294548
2024-01-31,2023-24,CLE,DET,128,121,,,-13.5,1,0.9017787602844035,0.9180220103371752,0.8855355102316318,0.9408412603455978,,0.868197092052344
2024-01-31,2023-24,MIN,DAL,121,87,,,-12.5,1,0.7466493535962206,0.7570349028080928,0.7362638043843484,0.8192402458563939,,0.8514281304931971
2024-02-01,2023-24,UTA,PHI,124,127,,,-4.5,0,0.5406829078600873,0.5415366431853159,0.5398291725348587,0.591880059313323,,0.6528811761685757
2024-02-01,2023-24,MEM,CLE,101,108,,,9.5,0,0.36710198922813664,0.3659154785092639,0.3682884999470093,0.3961253185045744,,0.21115472978709024
2024-02-01,2023-24,NYK,IND,109,105,,,-1.5,1,0.7198232378589797,0.7099969438778678,0.7296495318400916,0.778552735042122,,0.5532803541656142
2024-02-01,2023-24,BOS,LAL,105,114,,,-15.5,0,0.8415047948483649,0.8137960555646945,0.8692135341320355,0.8798282021782012,,0.8969365809385075
2024-02-02,2023-24,WAS,MIA,102,110,,,8.5,0,0.384407303036421,0.39557161140295344,0.3732429946698886,0.410823310908542,,0.23528346065663988
2024-02-02,2023-24,MEM,GSW,101,121,,,7.5,0,0.44522215792340636,0.4723399318185288,0.4181043840282839,0.5963015791540376,,0.26125623891201216
2024-02-02,2023-24,OKC,CHA,126,106,,,-15.5,1,0.8874228854971398,0.8991523405462196,0.8756934304480598,0.937867159559694,,0.8969365809385075
2024-02-02,2023-24,SAS,NOP,113,114,,,8.5,0,0.23039262995226995,0.2442608128217351,0.21652444708280483,0.2649650320589488,,0.23528346065663988
2024-02-02,2023-24,DET,LAC,125,136,,,12.5,0,0.15863573413051874,0.12942162494862575,0.18784984331241175,0.1401392804519998,,0.149850591223406
2024-02-02,2023-24,IND,SAC,122,133,,,3.5,0,0.5580320445809682,0.5595953781924701,0.5564687109694664,0.663488886646892,,0.3816878509294548
2024-02-02,2023-24,ATL,PHX,129,120,,,3.5,1,0.3552292915657794,0.32291397414319706,0.3875446089883618,0.4199870394509391,,0.3816878509294548
2024-02-02,2023-24,MIN,ORL,106,108,,,-6.5,0,0.7443954205647996,0.7369737724040903,0.7518170687255087,0.791400513448596,,0.7130528657723422
2024-02-02,2023-24,HOU,TOR,135,106,,,-4.5,1,0.5693776105943391,0.6027906530063514,0.5359645681823267,0.6415786056217526,,0.6528811761685757
2024-02-02,2023-24,DEN,POR,120,108,,,-14.5,1,0.8399800832875157,0.8215221460696126,0.8584380205054187,0.8867241397124268,,0.8833327242620539
2024-02-03,2023-24,PHI,BKN,121,136,,,-1.5,0,0.7006029277193231,0.6848082391418784,0.7163976162967679,0.7556882934286137,,0.5532803541656142
2024-02-03,2023-24,DAL,MIL,117,129,,,4.5,0,0.4341568942408225,0.4401438164537268,0.4281699720279181,0.4523206587955146,,0.3494051226951947
2024-02-03,2023-24,SAS,CLE,101,117,,,10.5,0,0.17410052997322917,0.15655805677227874,0.19164300317417957,0.2052882932840651,,0.18888924117694963
2024-02-03,2023-24,NYK,LAL,105,113,,,-2.5,0,0.7783311931805044,0.7779562839113273,0.7787061024496814,0.8360903313026022,,0.5873929722941529
2024-02-03,2023-24,ATL,GSW,141,134,,,-2.5,1,0.5008358315333541,0.5111377350026011,0.4905339280641072,0.5471097220797855,,0.5873929722941529
2024-02-03,2023-24,CHI,SAC,115,123,,,-1.5,0,0.5650664878809037,0.5915153835200082,0.5386175922417993,0.5707324136199369,,0.5532803541656142
2024-02-04,2023-24,MIN,HOU,111,90,,,-7.5,1,0.7311379970400578,0.7406140078489731,0.7216619862311423,0.8077741698050798,,0.7406831670688772
2024-02-04,2023-24,UTA,MIL,123,108,,,-2.5,1,0.5815941711748817,0.5344581813228692,0.6287301610268942,0.5154390958890058,,0.5873929722941529
2024-02-04,2023-24,WAS,PHX,112,140,,,11.5,0,0.27045543742047057,0.23545638335971067,0.3054544914812305,0.2953464563001122,,0.16847015425964673
2024-02-04,2023-24,BOS,MEM,131,91,,,-19.5,1,0.8561986319619206,0.8322812948336019,0.8801159690902393,0.8813984107403624,,0.938237097476741
2024-02-04,2023-24,MIA,LAC,95,103,,,4.5,0,0.3047234659546248,0.2974773455442879,0.3119695863649617,0.3933427253621552,,0.3494051226951947
2024-02-04,2023-24,DET,ORL,99,111,,,6.5,0,0.261779937545362,0.2653745783560725,0.2581852967346515,0.2855892512447923,,0.2890125525275827
2024-02-04,2023-24,CHA,IND,99,115,,,11.5,0,0.2569318028261121,0.2557270416449249,0.25813656400729934,0.2745207773716135,,0.16847015425964673
2024-02-04,2023-24,DEN,POR,112,103,,,-15.5,1,0.8439960983300687,0.8295541761547186,0.8584380205054187,0.8892275134588244,,0.8969365809385075
2024-02-04,2023-24,OKC,TOR,135,127,,,-8.5,1,0.7992610005014931,0.8024598997301914,0.7960621012727948,0.8410037210600532,,0.7665240746293874
2024-02-05,2023-24,NOP,TOR,138,100,,,-10.5,1,0.7911309178309729,0.8090739255231576,0.7731879101387881,0.8044442375609271,,0.8126491965359115
2024-02-05,2023-24,CLE,SAC,136,110,,,-4.5,1,0.7142564163628418,0.7066128127944156,0.7219000199312681,0.7565003264814509,,0.6528811761685757
2024-02-05,2023-24,BKN,GSW,98,109,,,-0.5,0,0.5175959153193048,0.5565740806461577,0.47861774999245205,0.6180357907401449,,0.5186585439800319
2024-02-05,2023-24,ATL,LAC,144,149,,,4.5,0,0.32464753794748274,0.35168368795445676,0.29761138794050873,0.3230222571081846,,0.3494051226951947
2024-02-05,2023-24,PHI,DAL,102,118,,,2.5,0,0.6632245884296972,0.665446171805817,0.6610030050535776,0.748257249655028,,0.41505045389637707
2024-02-05,2023-24,CHA,LAL,118,124,,,13.5,0,0.282243871553451,0.2515243198516263,0.3129634232552757,0.2987221326153751,,0.132959841458717
2024-02-06,2023-24,BKN,DAL,107,119,,,2.5,0,0.6020221537926382,0.6279277376747134,0.576116569910563,0.6414903297395486,,0.41505045389637707
2024-02-06,2023-24,IND,HOU,132,129,,,-8.5,1,0.6670685131301062,0.6642018334861477,0.6699351927740645,0.7199083177948505,,0.7665240746293874
2024-02-06,2023-24,UTA,OKC,124,117,,,3.5,1,0.42991465372746596,0.4369581158537262,0.4228711916012058,0.4819323136239932,,0.3816878509294548
2024-02-06,2023-24,CHI,MIN,129,123,,,4.5,1,0.3903602641602909,0.38825204686336334,0.3924684814572184,0.4254988272056919,,0.3494051226951947
2024-02-06,2023-24,MIA,ORL,121,95,,,-3.5,1,0.4518796167749809,0.48907320081234035,0.4146860327376215,0.6041707657110132,,0.6206865291604615
2024-02-06,2023-24,NYK,MEM,123,113,,,-13.5,1,0.8324092447039253,0.8352055569012934,0.8296129325065571,0.8603521978675985,,0.868197092052344
2024-02-06,2023-24,PHX,MIL,114,106,,,-5.5,1,0.6196459567373588,0.6194062023063369,0.6198857111683806,0.6357512156384668,,0.6837356127682949
2024-02-07,2023-24,PHI,GSW,104,127,,,3.5,0,0.5166211275697201,0.5390758147640684,0.4941664403753719,0.6395032688084841,,0.3816878509294548
2024-02-07,2023-24,CHA,TOR,117,123,,,7.5,0,0.3523384584972651,0.3642220221349862,0.3404548948595439,0.3815651075612785,,0.26125623891201216
2024-02-07,2023-24,MIA,SAS,116,104,,,-6.5,1,0.754616624978639,0.7650567412022174,0.7441765087550607,0.8516507092454585,,0.7130528657723422
2024-02-07,2023-24,LAC,NOP,106,117,,,-5.5,0,0.6967534355393958,0.701530692341516,0.6919761787372757,0.743487438372781,,0.6837356127682949
2024-02-07,2023-24,BOS,ATL,125,117,,,-11.5,1,0.815387577356849,0.8149134056059155,0.8158617491077824,0.880177937169215,,0.8329362310205675
2024-02-07,2023-24,WAS,CLE,106,114,,,11.5,0,0.1895532866198717,0.1403712483732962,0.23873532486644716,0.1958948266545779,,0.16847015425964673
2024-02-07,2023-24,SAC,DET,120,133,,,-13.5,0,0.8656435237945037,0.8689280659894624,0.862358981599545,0.9064480715034036,,0.868197092052344
2024-02-08,2023-24,ORL,SAS,127,111,,,-10.5,1,0.8349401288995113,0.849031241593305,0.8208490162057176,0.8499051984412862,,0.8126491965359115
2024-02-08,2023-24,POR,DET,122,128,,,-4.5,0,0.706066374688685,0.7376361709872183,0.6744965783901516,0.744661502531976,,0.6528811761685757
2024-02-08,2023-24,IND,GSW,109,131,,,-5.5,0,0.6254919551344724,0.6623514576700931,0.5886324525988519,0.6406908486041428,,0.6837356127682949
2024-02-08,2023-24,LAL,DEN,106,114,,,3.5,0,0.44021114676951356,0.4386051289856705,0.4418171645533567,0.4687927546825823,,0.3816878509294548
2024-02-08,2023-24,NYK,DAL,108,122,,,5.5,0,0.7835198649659092,0.7756933395048052,0.791346390427013,0.8227576571017093,,0.31844658639079165
2024-02-08,2023-24,MIL,MIN,105,129,,,2.5,0,0.504429088470295,0.5165781271849939,0.4922800497555962,0.5813734982855492,,0.41505045389637707
2024-02-08,2023-24,MEM,CHI,110,118,,,5.5,0,0.44787373177286216,0.45218010485286175,0.4435673586928626,0.5585624864430423,,0.31844658639079165
2024-02-08,2023-24,BKN,CLE,95,118,,,7.5,0,0.37235928296996157,0.37016149021083355,0.37455707572908953,0.356288191228082,,0.26125623891201216
2024-02-08,2023-24,PHX,UTA,129,115,,,-5.5,1,0.6887398182489959,0.6883074418019315,0.6891721946960604,0.7093234735440429,,0.6837356127682949
2024-02-09,2023-24,PHI,ATL,121,127,,,3.5,0,0.5847575416508171,0.5889329761515331,0.5805821071501012,0.6993247092519906,,0.3816878509294548
2024-02-09,2023-24,TOR,HOU,107,104,,,-2.5,1,0.47879942956682653,0.4811682483199801,0.4764306108136729,0.6002603888927576,,0.5873929722941529
2024-02-09,2023-24,LAL,NOP,139,122,,,2.5,1,0.3974848873236466,0.389126737193549,0.4058430374537443,0.4753121702375896,,0.41505045389637707
2024-02-09,2023-24,BOS,WAS,133,129,,,-18.5,1,0.9066249230908452,0.91466642025803,0.8985834259236605,0.9426229469415864,,0.9296571683215398
2024-02-09,2023-24,SAC,DEN,135,106,,,-2.5,1,0.5250675309912461,0.5475808549391217,0.5025542070433706,0.4673835130319397,,0.5873929722941529
2024-02-09,2023-24,MIL,CHA,120,84,,,-16.5,1,0.8669427899288475,0.8518213054566492,0.882064274401046,0.9153417786137344,,0.9091173794696449
2024-02-10,2023-24,WAS,PHI,113,119,,,5.5,0,0.38840033873116886,0.399611656045115,0.37718902141722266,0.3976436188940151,,0.31844658639079165
2024-02-10,2023-24,DAL,OKC,146,111,,,1.5,1,0.4321936568691471,0.4554177384432505,0.4089695752950438,0.4741157860647724,,0.4492105947756774
2024-02-10,2023-24,LAC,DET,112,106,,,-16.5,1,0.8984147582390856,0.903329968303453,0.893499548174718,0.939481652735314,,0.9091173794696449
2024-02-10,2023-24,ORL,CHI,114,108,,,-5.5,1,0.5476713758770633,0.5710074346234579,0.5243353171306687,0.6469190410761253,,0.6837356127682949
2024-02-10,2023-24,TOR,CLE,95,119,,,8.5,0,0.23455534001546655,0.21562331464114043,0.25348736538979266,0.3252212916918154,,0.23528346065663988
2024-02-10,2023-24,POR,NOP,84,93,,,8.5,0,0.3186339973111298,0.35160351342196106,0.2856644812002985,0.298416120406993,,0.23528346065663988
2024-02-10,2023-24,ATL,HOU,122,113,,,-7.5,1,0.5809254992266051,0.6024502930426328,0.5594007054105775,0.6294283591768517,,0.7406831670688772
2024-02-10,2023-24,BKN,SAS,123,103,,,-6.5,1,0.7543803306443346,0.7584831038159241,0.7502775574727453,0.8071647417393716,,0.7130528657723422
2024-02-10,2023-24,GSW,PHX,113,112,,,1.5,1,0.5045383718520856,0.5160312679381985,0.49304547576597274,0.5907925813805532,,0.4492105947756774
2024-02-10,2023-24,CHA,MEM,115,106,,,5.5,1,0.33423605857694605,0.32574614604209307,0.342725971111799,0.3867229796396865,,0.31844658639079165
2024-02-10,2023-24,NYK,IND,111,125,,,3.5,0,0.7113887076509197,0.7139102878664433,0.708867127435396,0.7718518443217249,,0.3816878509294548
2024-02-11,2023-24,OKC,SAC,127,113,,,-3.5,1,0.6056460238586322,0.5840558807972954,0.627236166919969,0.7169411067271175,,0.6206865291604615
2024-02-11,2023-24,MIA,BOS,106,110,,,7.5,0,0.343855999703409,0.33559498628558077,0.3521170131212373,0.3796720715839645,,0.26125623891201216
2024-02-12,2023-24,LAC,MIN,100,121,,,-4.5,0,0.5823689521519239,0.5755337595058498,0.5892041447979979,0.669440719728734,,0.6528811761685757
2024-02-12,2023-24,DAL,WAS,112,104,,,-12.5,1,0.8594611469106344,0.8503812786410418,0.8685410151802269,0.8735521373534448,,0.8514281304931971
2024-02-12,2023-24,TOR,SAS,99,122,,,-5.5,0,0.7348323965714219,0.7308471140998555,0.7388176790429882,0.8012852708706419,,0.6837356127682949
2024-02-12,2023-24,UTA,GSW,107,129,,,-0.5,0,0.5095638396146823,0.49678988386482703,0.5223377953645376,0.5903778173318369,,0.5186585439800319
2024-02-12,2023-24,ATL,CHI,126,136,,,-4.5,0,0.5133125658317934,0.5346828291070107,0.4919423025565762,0.597316769722285,,0.6528811761685757
2024-02-12,2023-24,MIL,DEN,112,95,,,-1.5,1,0.5374672227221651,0.5476260628567328,0.5273083825875974,0.5736808092912349,,0.5532803541656142
2024-02-12,2023-24,CLE,PHI,121,123,,,-11.5,0,0.8233108315477298,0.834139765478141,0.8124818976173187,0.8454640635510661,,0.8329362310205675
2024-02-12,2023-24,MEM,NOP,87,96,,,9.5,0,0.3163525295485071,0.30383771905280016,0.32886734004421414,0.3657529122306825,,0.21115472978709024
2024-02-12,2023-24,CHA,IND,111,102,,,10.5,1,0.20902592996873018,0.2033233301389652,0.21472852979849516,0.2593455104074526,,0.18888924117694963
2024-02-12,2023-24,HOU,NYK,105,103,,,-1.5,1,0.3691220995883785,0.40400125578140395,0.33424294339535304,0.4295739946353999,,0.5532803541656142
2024-02-13,2023-24,LAL,DET,125,111,,,-11.5,1,0.8011589549138842,0.8054262618990731,0.7968916479286953,0.8679997894419651,,0.8329362310205675
2024-02-13,2023-24,BKN,BOS,110,118,,,7.5,0,0.32016433905032093,0.29075463290281156,0.34957404519783025,0.2986911226162157,,0.26125623891201216
2024-02-13,2023-24,ORL,OKC,113,127,,,2.5,0,0.48948597768226576,0.4673767319334094,0.5115952234311221,0.5063016460498021,,0.41505045389637707
2024-02-13,2023-24,PHX,SAC,130,125,,,-4.5,1,0.6720744815671389,0.6513958158382952,0.6927531472959826,0.7177537187969932,,0.6528811761685757
2024-02-13,2023-24,POR,MIN,109,121,,,9.5,0,0.2362395916875314,0.23682203648760342,0.23565714688745934,0.2186036935736295,,0.21115472978709024
2024-02-13,2023-24,MIL,MIA,97,123,,,-7.5,0,0.6511638146632033,0.6486648325837858,0.6536627967426208,0.7257242259182987,,0.7406831670688772
2024-02-14,2023-24,NOP,WAS,133,126,,,-14.5,1,0.8880470300356516,0.876250966060832,0.8998430940104711,0.9132222709291452,,0.8833327242620539
2024-02-14,2023-24,PHX,DET,116,100,,,-13.5,1,0.8915987881896112,0.8948039078807895,0.8883936684984329,0.914552506549918,,0.868197092052344
2024-02-14,2023-24,GSW,LAC,125,130,,,-3.5,0,0.5269696424850057,0.5348856094448274,0.5190536755251839,0.5588926964600484,,0.6206865291604615
2024-02-14,2023-24,UTA,LAL,122,138,,,-5.5,0,0.6291182639952151,0.6284409008708175,0.6297956271196127,0.6255059058529723,,0.6837356127682949
2024-02-14,2023-24,ORL,NYK,118,100,,,-3.5,1,0.4284250547555766,0.4122517409279435,0.4445983685832096,0.4985859670194887,,0.6206865291604615
2024-02-14,2023-24,CLE,CHI,108,105,,,-9.5,1,0.7718022728913085,0.7711763902681402,0.7724281555144767,0.8207121161528114,,0.790518217596245
2024-02-14,2023-24,BOS,BKN,136,86,,,-11.5,1,0.8695281948346667,0.8571792546735828,0.8818771349957507,0.886645740859386,,0.8329362310205675
2024-02-14,2023-24,CHA,ATL,122,99,,,6.5,1,0.3203510491909375,0.31770106270354703,0.3230010356783279,0.3909905322557988,,0.2890125525275827
2024-02-14,2023-24,DAL,SAS,116,93,,,-11.5,1,0.812851174173941,0.8342221420861106,0.7914802062617715,0.8606925622745271,,0.8329362310205675
2024-02-14,2023-24,PHI,MIA,104,109,,,-2.5,0,0.5558918734256623,0.5790722974333958,0.5327114494179287,0.584182346183629,,0.5873929722941529
2024-02-14,2023-24,TOR,IND,125,127,,,2.5,0,0.3714688353895076,0.36793123100450287,0.37500643977451237,0.4735369287764774,,0.41505045389637707
2024-02-14,2023-24,DEN,SAC,98,102,,,-5.5,0,0.6757819500085069,0.6699515149757699,0.6816123850412439,0.7268665612431302,,0.6837356127682949
2024-02-14,2023-24,MEM,HOU,121,113,,,1.5,1,0.45045459285972067,0.438220845943707,0.46268833977573437,0.5553766182217093,,0.4492105947756774
2024-02-15,2023-24,MEM,MIL,113,110,,,14.5,1,0.3636507384194927,0.33245626844519566,0.3948452083937898,0.4504505176782459,,0.11770936500261889
2024-02-15,2023-24,UTA,GSW,137,140,,,1.5,0,0.49273043331046773,0.49661282219254665,0.48884804442838886,0.5192718637030306,,0.4492105947756774
2024-02-15,2023-24,POR,MIN,91,128,,,9.5,0,0.19439623921685978,0.17926489473680077,0.2095275836969188,0.2107489175236147,,0.21115472978709024
2024-02-22,2023-24,NOP,HOU,127,105,,,-6.5,1,0.7537627694386799,0.7568849343064067,0.750640604570953,0.8138227800701711,,0.7130528657723422
2024-02-22,2023-24,OKC,LAC,129,107,,,-1.5,1,0.5350374082644503,0.5506748382137285,0.5193999783151722,0.5968855377991402,,0.5532803541656142
2024-02-22,2023-24,SAC,SAS,127,122,,,-10.5,1,0.8209009739739263,0.8452844169641829,0.7965175309836696,0.8614347835839787,,0.8126491965359115
2024-02-22,2023-24,GSW,LAL,128,110,,,-6.5,1,0.6853249503702181,0.6788684187577865,0.6917814819826499,0.6988920396908869,,0.7130528657723422
2024-02-22,2023-24,IND,DET,129,115,,,-12.5,1,0.8476344499684557,0.8291552614381084,0.8661136384988031,0.876282211666609,,0.8514281304931971
2024-02-22,2023-24,DAL,PHX,123,113,,,-2.5,1,0.49390780875737816,0.5036716259666787,0.4841439915480776,0.5652691462532987,,0.5873929722941529
2024-02-22,2023-24,CLE,ORL,109,116,,,-5.5,0,0.7641861056118688,0.7599246794886265,0.7684475317351113,0.8149498188701592,,0.6837356127682949
2024-02-22,2023-24,TOR,BKN,121,93,,,-1.5,1,0.4830749794410762,0.48754696166598044,0.47860299721617194,0.5797566890180628,,0.5532803541656142
2024-02-22,2023-24,UTA,CHA,107,115,,,-9.5,0,0.7838883076026555,0.7817330809875416,0.7860435342177693,0.8373014469052865,,0.790518217596245
2024-02-22,2023-24,CHI,BOS,112,129,,,8.5,0,0.34452410200135464,0.341522925490108,0.3475252785126013,0.3533358383377196,,0.23528346065663988
2024-02-22,2023-24,DEN,WAS,130,110,,,-15.5,1,0.8459869685440575,0.8413127200367766,0.8506612170513385,0.9032809914814104,,0.8969365809385075
2024-02-22,2023-24,PHI,NYK,96,110,,,-1.5,0,0.4506444214269433,0.4225533666398501,0.4787354762140365,0.506031566574029,,0.5532803541656142
2024-02-23,2023-24,MEM,LAC,95,101,,,8.5,0,0.30687514202647115,0.3483329357013715,0.2654173483515708,0.335277796294483,,0.23528346065663988
2024-02-23,2023-24,GSW,CHA,97,84,,,-12.5,1,0.8854780705369597,0.8739407702141069,0.8970153708598125,0.8954392404390918,,0.8514281304931971
2024-02-23,2023-24,PHI,CLE,104,97,,,1.5,1,0.3416335038120881,0.32901942503177534,0.35424758259240086,0.3841422802705845,,0.4492105947756774
2024-02-23,2023-24,NOP,MIA,95,106,,,-2.5,0,0.6814895743231739,0.6622299796344117,0.7007491690119362,0.7295208522167314,,0.5873929722941529
2024-02-23,2023-24,LAL,SAS,123,118,,,-10.5,1,0.8298721941690105,0.8397497625216099,0.819994625816411,0.8553773286866223,,0.8126491965359115
2024-02-23,2023-24,MIN,MIL,107,112,,,-4.5,0,0.7708776946588447,0.7813464656099478,0.7604089237077415,0.8004212321369638,,0.6528811761685757
2024-02-23,2023-24,POR,DEN,112,127,,,8.5,0,0.2924668059538408,0.3305126019616836,0.254421009945998,0.2876071270771205,,0.23528346065663988
2024-02-23,2023-24,ATL,TOR,121,123,,,-7.5,0,0.6506910834881723,0.700257765837839,0.6011244011385054,0.6542162312187244,,0.7406831670688772
2024-02-23,2023-24,OKC,WAS,147,106,,,-15.5,1,0.9035437499680715,0.9123248420174768,0.8947626579186663,0.924866678360732,,0.8969365809385075
2024-02-23,2023-24,HOU,PHX,114,110,,,2.5,1,0.4373661004764462,0.43445034447536196,0.4402818564775305,0.4414709156068941,,0.41505045389637707
2024-02-24,2023-24,DET,ORL,109,112,,,8.5,0,0.2638335528178402,0.2640424941282798,0.26362461150740063,0.2961566803347699,,0.23528346065663988
2024-02-24,2023-24,MIN,BKN,101,86,,,-8.5,1,0.8512339328851827,0.8324640982601199,0.8700037675102454,0.8785276780161704,,0.7665240746293874
2024-02-24,2023-24,NYK,BOS,102,116,,,6.5,0,0.4200862923430792,0.4033056787388424,0.43686690594731603,0.4658239671820495,,0.2890125525275827
2024-02-25,2023-24,LAC,SAC,107,123,,,-4.5,0,0.6724226153533839,0.6669571617727266,0.6778880689340411,0.7613678272190186,,0.6528811761685757
2024-02-25,2023-24,GSW,DEN,103,119,,,-0.5,0,0.6060513059954491,0.599561891601877,0.6125407203890213,0.6350079514644272,,0.5186585439800319
2024-02-25,2023-24,UTA,SAS,128,109,,,-7.5,1,0.755125566728147,0.7694630415897973,0.7407880918664967,0.8086137612540523,,0.7406831670688772
2024-02-25,2023-24,ATL,ORL,109,92,,,-2.5,1,0.4821587175360602,0.4936462832069983,0.4706711518651221,0.4789401770262699,,0.5873929722941529
2024-02-25,2023-24,IND,DAL,133,111,,,2.5,1,0.5288567269821633,0.5623458933684866,0.4953675605958402,0.6022376608200853,,0.41505045389637707
2024-02-25,2023-24,POR,CHA,80,93,,,-3.5,0,0.6024114384704524,0.5823510627717625,0.6224718141691424,0.6540825586008773,,0.6206865291604615
2024-02-25,2023-24,PHX,LAL,123,113,,,-3.5,1,0.664908332660072,0.6795258790196745,0.6502907863004695,0.7070607359854761,,0.6206865291604615
2024-02-25,2023-24,WAS,CLE,105,114,,,13.5,0,0.19744564253443503,0.15567751250097514,0.2392137725678949,0.1904457463185189,,0.132959841458717
2024-02-25,2023-24,PHI,MIL,98,119,,,4.5,0,0.48225514871243547,0.473667446644953,0.49084285077991785,0.5528615961109655,,0.3494051226951947
2024-02-25,2023-24,NOP,CHI,106,114,,,-4.5,0,0.7045954464712282,0.7029786386400402,0.7062122543024162,0.7631668918287209,,0.6528811761685757
2024-02-25,2023-24,HOU,OKC,110,123,,,6.5,0,0.35185559342663975,0.32634758842452793,0.37736359842875156,0.3873422784340376,,0.2890125525275827
2024-02-26,2023-24,IND,TOR,122,130,,,-5.5,0,0.7472430222030999,0.7551502841053155,0.7393357603008844,0.7793256297631725,,0.6837356127682949
2024-02-26,2023-24,SAC,MIA,110,121,,,-7.5,0,0.5953638453995915,0.58811475483697,0.6026129359622131,0.6411745978903173,,0.7406831670688772
2024-02-26,2023-24,NYK,DET,113,111,,,-11.5,1,0.8665212964893866,0.8593186824751305,0.8737239105036426,0.9120851977556226,,0.8329362310205675
2024-02-26,2023-24,MEM,BKN,86,111,,,2.5,0,0.5669363262286181,0.5665632584563033,0.5673093940009329,0.6303054764513366,,0.41505045389637707
2024-02-27,2023-24,NYK,NOP,92,115,,,6.5,0,0.5427072134526305,0.5344364284994586,0.5509779984058023,0.6408752918153078,,0.2890125525275827
2024-02-27,2023-24,ORL,BKN,108,81,,,-6.5,1,0.7416632697380954,0.7659522495282394,0.7173742899479515,0.7303292156574073,,0.7130528657723422
2024-02-27,2023-24,MIL,CHA,123,85,,,-13.5,1,0.8513538819436154,0.8356105809621182,0.8670971829251126,0.8740731603586145,,0.868197092052344
2024-02-27,2023-24,ATL,UTA,124,97,,,-1.5,1,0.5471928614253565,0.5513675852298411,0.5430181376208719,0.5910407540537196,,0.5532803541656142
2024-02-27,2023-24,BOS,PHI,117,99,,,-11.5,1,0.8694760497731484,0.8759280419777711,0.8630240575685256,0.8884054954823994,,0.8329362310205675
2024-02-27,2023-24,CLE,DAL,121,119,,,-3.5,1,0.7371155425257814,0.7279195380513325,0.7463115470002304,0.7682445008925299,,0.6206865291604615
2024-02-27,2023-24,MIN,SAS,114,105,,,-13.5,1,0.8942934625998297,0.921078237343904,0.8675086878557553,0.9332521934058476,,0.868197092052344
2024-02-27,2023-24,POR,MIA,96,106,,,6.5,0,0.34296463527071597,0.3066766257663431,0.3792526447750889,0.2785949672853989,,0.2890125525275827
2024-02-27,2023-24,OKC,HOU,112,95,,,-10.5,1,0.8058390553272273,0.8160747426027045,0.7956033680517501,0.8462307729224852,,0.8126491965359115
2024-02-27,2023-24,CHI,DET,95,105,,,-10.5,0,0.8718693335619441,0.8636148880478072,0.8801237790760809,0.8724884338848768,,0.8126491965359115
2024-02-27,2023-24,WAS,GSW,112,123,,,11.5,0,0.22927729857810653,0.2216330168149682,0.2369215803412449,0.257192749371771,,0.16847015425964673
2024-02-28,2023-24,TOR,DAL,125,136,,,3.5,0,0.5124310916711339,0.4834398001477294,0.5414223831945384,0.4986640846666051,,0.3816878509294548
2024-02-28,2023-24,IND,NOP,123,114,,,-3.5,1,0.5612225247880827,0.5572875553120867,0.5651574942640786,0.5246713659535784,,0.6206865291604615
2024-02-28,2023-24,CHI,CLE,132,123,,,5.5,1,0.3861367472425402,0.41107184048103906,0.3612016540040414,0.4130976880584805,,0.31844658639079165
2024-02-28,2023-24,DEN,SAC,117,96,,,-9.5,1,0.6321252336650967,0.6246084204201519,0.6396420469100413,0.7228319691422044,,0.790518217596245
2024-02-28,2023-24,MIN,MEM,110,101,,,-13.5,1,0.8867612142424395,0.8660498654389176,0.9074725630459615,0.8999186704782721,,0.868197092052344
2024-02-28,2023-24,LAC,LAL,112,116,,,-1.5,0,0.6757489258079601,0.6966031842592868,0.6548946673566334,0.7537231470392862,,0.5532803541656142
2024-02-29,2023-24,ORL,UTA,115,107,,,-6.5,1,0.6964273726297889,0.7094666214743098,0.6833881237852679,0.729555530426618,,0.7130528657723422
2024-02-29,2023-24,NYK,GSW,99,110,,,3.5,0,0.5232573665749639,0.5494675889300945,0.4970471442198333,0.6160722049707746,,0.3816878509294548
2024-02-29,2023-24,BKN,ATL,124,97,,,-0.5,1,0.4879600389749976,0.5207979368564617,0.45512214109353355,0.6139162357730913,,0.5186585439800319
2024-02-29,2023-24,PHX,HOU,110,105,,,-8.5,1,0.766686871355571,0.7640458622162627,0.7693278804948793,0.8019589214925383,,0.7665240746293874
2024-02-29,2023-24,CHA,MIL,99,111,,,11.5,0,0.2570142511240159,0.2651456687812383,0.2488828334667934,0.2995188510870889,,0.16847015425964673
2024-02-29,2023-24,DEN,MIA,103,97,,,-6.5,1,0.629864980411954,0.5943760705763362,0.665353890247572,0.6952089067266378,,0.7130528657723422
2024-02-29,2023-24,SAS,OKC,132,118,,,11.5,1,0.19427684281718643,0.15173507548287274,0.23681861015150013,0.2020116477401382,,0.16847015425964673
2024-02-29,2023-24,LAL,WAS,134,131,,,-10.5,1,0.846777391763643,0.8219764944856438,0.8715782890416421,0.8804235626497395,,0.8126491965359115
2024-03-01,2023-24,DET,CLE,100,110,,,6.5,0,0.22324770057128904,0.1977056109359194,0.24878979020665867,0.2031607795353689,,0.2890125525275827
2024-03-01,2023-24,LAC,WAS,140,115,,,-16.5,1,0.8987420782199238,0.9026628616412171,0.8948212947986305,0.918869080264277,,0.9091173794696449
2024-03-01,2023-24,NOP,IND,129,102,,,-5.5,1,0.610773303345467,0.6355083913579498,0.5860382153329842,0.7187824023973886,,0.6837356127682949
2024-03-01,2023-24,PHI,CHA,121,114,,,-11.5,1,0.7671825094193081,0.784868656046322,0.7494963627922941,0.8049762020618448,,0.8329362310205675
2024-03-01,2023-24,CHI,MIL,97,113,,,3.5,0,0.5543512473657742,0.5570890709405355,0.551613423791013,0.5323478419700615,,0.3816878509294548
2024-03-01,2023-24,MIN,SAC,120,124,,,-8.5,0,0.7339103816992802,0.7266743673197041,0.7411463960788562,0.7923926778879172,,0.7665240746293874
2024-03-01,2023-24,BOS,DAL,138,110,,,-9.5,1,0.7973112226945669,0.7892660114382839,0.80535643395085,0.8374715164046586,,0.790518217596245
2024-03-01,2023-24,TOR,GSW,105,120,,,3.5,0,0.4013923225183946,0.4181125851626087,0.38467205987418046,0.4055905153171376,,0.3816878509294548
2024-03-01,2023-24,MEM,POR,92,122,,,-1.5,0,0.6708875151608886,0.6748920350265903,0.666882995295187,0.73996136788564,,0.5532803541656142
2024-03-02,2023-24,MEM,POR,100,107,,,-2.5,0,0.6152170092975313,0.6226146096665224,0.6078194089285404,0.6563758259433625,,0.5873929722941529
2024-03-02,2023-24,LAL,DEN,114,124,,,-0.5,0,0.48524442023851444,0.4763214628682336,0.49416737760879526,0.5089136815594651,,0.5186585439800319
2024-03-02,2023-24,PHX,HOU,109,118,,,-8.5,0,0.7560001832937722,0.7556721273578726,0.7563282392296716,0.8064928114029275,,0.7665240746293874
2024-03-02,2023-24,BKN,ATL,114,102,,,1.5,1,0.5395231150949311,0.5893874717296939,0.48965875846016826,0.6562790126431509,,0.4492105947756774
2024-03-02,2023-24,MIA,UTA,126,120,,,-9.5,1,0.747595779122841,0.7517000568292097,0.7434915014164724,0.7852910109658825,,0.790518217596245
2024-03-03,2023-24,PHX,OKC,110,118,,,4.5,0,0.4598702683342695,0.4412559884620077,0.47848454820653136,0.5739586128461297,,0.3494051226951947
2024-03-03,2023-24,DAL,PHI,116,120,,,-7.5,0,0.6968048202390567,0.7075206216613596,0.6860890188167537,0.7295306890974124,,0.7406831670688772
2024-03-03,2023-24,CLE,NYK,98,107,,,-4.5,0,0.7228406195359971,0.7022446741894665,0.7434365648825279,0.7510327646991839,,0.6528811761685757
2024-03-03,2023-24,SAS,IND,117,105,,,6.5,1,0.33567240330715453,0.3030665132733293,0.3682782933409797,0.3790377265990846,,0.2890125525275827
2024-03-03,2023-24,TOR,CHA,111,106,,,-7.5,1,0.7208212235815605,0.6991724326715971,0.7424700144915239,0.7592463347371143,,0.7406831670688772
2024-03-03,2023-24,BOS,GSW,140,88,,,-8.5,1,0.7643909502084485,0.7779827553286847,0.7507991450882124,0.7954448334655103,,0.7665240746293874
2024-03-03,2023-24,MIN,LAC,88,89,,,-2.5,0,0.6856941053995849,0.679216683834933,0.6921715269642367,0.7049538053253848,,0.5873929722941529
2024-03-03,2023-24,ORL,DET,113,91,,,-10.5,1,0.8568685968061323,0.8367159777599592,0.8770212158523052,0.8735711316715158,,0.8126491965359115
2024-03-04,2023-24,MIL,LAC,113,106,,,2.5,1,0.6402807533040425,0.6869967915633873,0.5935647150446978,0.6112529528092647,,0.41505045389637707
2024-03-04,2023-24,BKN,MEM,102,106,,,-9.5,0,0.7407810943124249,0.745128017078253,0.7364341715465968,0.77638049930142,,0.790518217596245
2024-03-04,2023-24,MIN,POR,119,114,,,-15.5,1,0.8780597329485089,0.86765507839729,0.8884643874997279,0.9107227249883162,,0.8969365809385075
2024-03-04,2023-24,UTA,WAS,127,115,,,-4.5,1,0.759946834141006,0.7646304162783492,0.7552632520036627,0.8210739911209799,,0.6528811761685757
2024-03-04,2023-24,SAC,CHI,109,113,,,-6.5,0,0.6815839854008767,0.6827988260877277,0.6803691447140259,0.7177906388725226,,0.7130528657723422
2024-03-04,2023-24,LAL,OKC,116,104,,,1.5,1,0.47991289558527794,0.4979025745351206,0.46192321663543523,0.4912371114718168,,0.4492105947756774
2024-03-05,2023-24,CHA,ORL,89,101,,,8.5,0,0.25943146219656954,0.268827611504866,0.250035312888273,0.3321229559095416,,0.23528346065663988
2024-03-05,2023-24,DAL,IND,120,137,,,-5.5,0,0.6170620628805548,0.6277246508500617,0.6063994749110477,0.6730364388916691,,0.6837356127682949
2024-03-05,2023-24,MIA,DET,118,110,,,-11.5,1,0.8751775740138614,0.868962390446723,0.8813927575809998,0.90226815847848,,0.8329362310205675
2024-03-05,2023-24,DEN,PHX,107,117,,,-8.5,0,0.6945590606157601,0.6949727043448104,0.6941454168867097,0.7332565602656458,,0.7665240746293874
2024-03-05,2023-24,TOR,NOP,98,139,,,9.5,0,0.32113912771675973,0.3122346402550506,0.33004361517846886,0.3755363449020013,,0.21115472978709024
2024-03-05,2023-24,NYK,ATL,100,116,,,-1.5,0,0.7412593496099359,0.7512052805453864,0.7313134186744854,0.7945736494518086,,0.5532803541656142
2024-03-05,2023-24,HOU,SAS,114,101,,,-6.5,1,0.6766993403966337,0.6988957575935975,0.6545029231996699,0.7647464682309559,,0.7130528657723422
2024-03-05,2023-24,CLE,BOS,105,104,,,8.5,1,0.36773454175466624,0.3697200238935631,0.36574905961576937,0.4622630886424789,,0.23528346065663988
2024-03-05,2023-24,BKN,PHI,112,107,,,-0.5,1,0.5151929829219639,0.5099459384646187,0.5204400273793091,0.5954779679726884,,0.5186585439800319
2024-03-06,2023-24,HOU,LAC,116,122,,,6.5,0,0.4514453247838689,0.3953400284453415,0.5075506211223964,0.4379191636230447,,0.2890125525275827
2024-03-06,2023-24,UTA,CHI,117,119,,,4.5,0,0.4938588615627185,0.49666707386965697,0.49105064925578,0.5761770982243214,,0.3494051226951947
2024-03-06,2023-24,PHI,MEM,109,115,,,-4.5,0,0.7074440861551282,0.7243850821990163,0.6905030901112401,0.7816617304905804,,0.6528811761685757
2024-03-06,2023-24,GSW,MIL,125,90,,,-2.5,1,0.5533978144856344,0.5364516303910305,0.5703439985802384,0.626897236051221,,0.5873929722941529
2024-03-06,2023-24,WAS,ORL,109,119,,,7.5,0,0.2783495926524219,0.26591266376069467,0.29078652154414913,0.2808377083259599,,0.26125623891201216
2024-03-06,2023-24,ATL,CLE,112,101,,,-3.5,1,0.39585997020901037,0.3993333226566578,0.39238661776136297,0.3936740351517697,,0.6206865291604615
2024-03-06,2023-24,POR,OKC,120,128,,,13.5,0,0.2886958857870685,0.23724924804264783,0.3401425235314892,0.2761743818615874,,0.132959841458717
2024-03-06,2023-24,LAL,SAC,120,130,,,-3.5,0,0.5729770111058372,0.5445602031433981,0.6013938190682764,0.6354940262637155,,0.6206865291604615
2024-03-07,2023-24,SAC,SAS,131,129,,,-11.5,1,0.8043855110771249,0.8147640005520768,0.794007021602173,0.8520636973512761,,0.8329362310205675
2024-03-07,2023-24,IND,MIN,111,113,,,-1.5,0,0.4404752652947137,0.44274603930799217,0.4382044912814352,0.4588901652642231,,0.5532803541656142
2024-03-07,2023-24,DEN,BOS,115,109,,,1.5,1,0.3693676869698854,0.3639656407682211,0.37476973317154977,0.4650147963557307,,0.4492105947756774
2024-03-07,2023-24,GSW,CHI,122,125,,,-8.5,0,0.7404069932351243,0.7381335585848257,0.7426804278854228,0.7659635274355283,,0.7665240746293874
2024-03-07,2023-24,DAL,MIA,114,108,,,-4.5,1,0.5113689521758773,0.5046617150330389,0.5180761893187157,0.5459926022825563,,0.6528811761685757
2024-03-07,2023-24,DET,BKN,118,112,,,2.5,1,0.358633690209366,0.38285336927390756,0.3344140111448244,0.4125201754015681,,0.41505045389637707
2024-03-07,2023-24,PHX,TOR,120,113,,,-10.5,1,0.77454536970958,0.7778382027263284,0.7712525366928316,0.8305348928516734,,0.8126491965359115
2024-03-08,2023-24,WAS,CHA,112,100,,,-2.5,1,0.5209908782921844,0.53675122437496,0.5052305322094087,0.5943119639364658,,0.5873929722941529
2024-03-08,2023-24,LAL,MIL,123,122,,,4.5,1,0.5008194785946326,0.5041014108885147,0.4975375463007506,0.5602938228839258,,0.3494051226951947
2024-03-08,2023-24,PHI,NOP,95,103,,,8.5,0,0.3438586691470048,0.3388748970495135,0.3488424412444961,0.4057840344054869,,0.23528346065663988
2024-03-08,2023-24,MEM,ATL,92,99,,,3.5,0,0.422155526281202,0.4417858522117458,0.40252520035065814,0.4936879980856907,,0.3816878509294548
2024-03-08,2023-24,OKC,MIA,107,100,,,-8.5,1,0.7143981712657159,0.7213631208322241,0.7074332216992077,0.7021492712553696,,0.7665240746293874
2024-03-08,2023-24,POR,HOU,107,123,,,6.5,0,0.4338090157007841,0.44670813168699075,0.4209098997145775,0.481177962445651,,0.2890125525275827
2024-03-08,2023-24,CLE,MIN,113,104,,,-1.5,1,0.564815578624299,0.586133636968527,0.5434975202800708,0.5773814368987152,,0.5532803541656142
2024-03-08,2023-24,NYK,ORL,98,74,,,-2.5,1,0.5003358632115674,0.5048841210539667,0.4957876053691681,0.6295140529451599,,0.5873929722941529
2024-03-09,2023-24,LAC,CHI,112,102,,,-8.5,1,0.6956670556768179,0.6773286923327484,0.7140054190208873,0.7620504173897477,,0.7665240746293874
2024-03-09,2023-24,CHA,BKN,110,99,,,6.5,1,0.3837270566481137,0.36723396978748035,0.400220143508747,0.4371008595212411,,0.2890125525275827
2024-03-09,2023-24,POR,TOR,128,118,,,2.5,1,0.5016175592940291,0.49878818466383346,0.5044469339242247,0.548564773708667,,0.41505045389637707
2024-03-09,2023-24,GSW,SAS,113,126,,,-12.5,0,0.8399611794739634,0.8382401585892744,0.8416822003586525,0.8830251415433241,,0.8514281304931971
2024-03-09,2023-24,PHX,BOS,107,117,,,5.5,0,0.32821203518704045,0.3193844994110045,0.33703957096307646,0.4201995535802702,,0.31844658639079165
2024-03-09,2023-24,DEN,UTA,142,121,,,-13.5,1,0.7864000585890467,0.7921805275482523,0.7806195896298411,0.837732663077557,,0.868197092052344
2024-03-09,2023-24,DET,DAL,124,142,,,8.5,0,0.30272966611168994,0.30509839884569523,0.3003609333776847,0.3363619626579346,,0.23528346065663988
2024-03-10,2023-24,LAC,MIL,117,124,,,6.5,0,0.608984755445175,0.5796748190268107,0.6382946918635394,0.6922766559657374,,0.2890125525275827
2024-03-10,2023-24,CLE,BKN,101,120,,,-6.5,0,0.8187489025970321,0.8269914757240278,0.8105063294700365,0.8447771120268479,,0.7130528657723422
2024-03-10,2023-24,ORL,IND,97,111,,,-1.5,0,0.6020776025995809,0.6333037713642231,0.5708514338349385,0.6536041752794767,,0.5532803541656142
2024-03-10,2023-24,OKC,MEM,124,93,,,-15.5,1,0.8843474875474132,0.8799056725070722,0.8887893025877542,0.8930364817062406,,0.8969365809385075
2024-03-10,2023-24,LAL,MIN,120,109,,,-4.5,1,0.4204924079738367,0.4528587716253429,0.38812604432233055,0.4666330656976966,,0.6528811761685757
2024-03-10,2023-24,SAC,HOU,104,112,,,-6.5,0,0.6747734902845609,0.717525998277611,0.6320209822915108,0.7421237048568153,,0.7130528657723422
2024-03-10,2023-24,NYK,PHI,73,79,,,-7.5,0,0.7351772835920651,0.7229273649148258,0.7474272022693044,0.7590891531270407,,0.7406831670688772
2024-03-10,2023-24,MIA,WAS,108,110,,,-11.5,0,0.8765621948946033,0.8721911904214564,0.8809331993677502,0.9011763123476788,,0.8329362310205675
2024-03-10,2023-24,ATL,NOP,103,116,,,6.5,0,0.3430943358030887,0.3470524530871154,0.33913621851906195,0.4208236262503896,,0.2890125525275827
2024-03-11,2023-24,POR,BOS,99,121,,,11.5,0,0.2021479026762612,0.13094707419856763,0.2733487311539548,0.1502088952214987,,0.16847015425964673
2024-03-11,2023-24,SAS,GSW,102,112,,,5.5,0,0.3624407009116505,0.3667442296940696,0.3581371721292313,0.3639334441518142,,0.31844658639079165
2024-03-11,2023-24,CLE,PHX,111,117,,,7.5,0,0.5767727000768821,0.5855591911965982,0.5679862089571659,0.6631347208479131,,0.26125623891201216
2024-03-11,2023-24,CHI,DAL,92,127,,,3.5,0,0.5135275376622215,0.5336711496361272,0.49338392568831574,0.6125078931262965,,0.3816878509294548
2024-03-11,2023-24,DET,CHA,114,97,,,-4.5,1,0.5533327307305973,0.5872187805118613,0.5194466809493333,0.6140271657403719,,0.6528811761685757
2024-03-11,2023-24,DEN,TOR,125,119,,,-16.5,1,0.8646396805229866,0.8580738322558684,0.8712055287901046,0.8797732374414041,,0.9091173794696449
2024-03-12,2023-24,UTA,BOS,107,123,,,6.5,0,0.2722497122654944,0.24265892315910498,0.3018405013718838,0.2323058232654332,,0.2890125525275827
2024-03-12,2023-24,NYK,PHI,106,79,,,-5.5,1,0.6774506747067859,0.6849555864610368,0.669945762952535,0.7312279188472922,,0.6837356127682949
2024-03-12,2023-24,LAC,MIN,100,118,,,-5.5,0,0.5279414939537445,0.5578515058766609,0.4980314820308281,0.5980984156984963,,0.6837356127682949
2024-03-12,2023-24,SAS,HOU,101,103,,,3.5,0,0.4121764185577447,0.43641350786131605,0.3879393292541733,0.4757296245825542,,0.3816878509294548
2024-03-12,2023-24,OKC,IND,111,121,,,-5.5,0,0.7290972391534323,0.7173630105833995,0.7408314677234651,0.749619130257497,,0.6837356127682949
2024-03-12,2023-24,SAC,MIL,129,94,,,-1.5,1,0.535241618595897,0.5328453769223339,0.5376378602694603,0.5719115432548203,,0.5532803541656142
2024-03-12,2023-24,MEM,WAS,109,97,,,2.5,1,0.6065413320847184,0.6283948007831767,0.58468786338626,0.7137633290425395,,0.41505045389637707
2024-03-13,2023-24,MIA,DEN,88,100,,,3.5,0,0.4804960030188776,0.46263440995113875,0.49835759608661645,0.5279333720888969,,0.3816878509294548
2024-03-13,2023-24,DAL,GSW,109,99,,,-8.5,1,0.5708282560525924,0.6107884136128315,0.5308680984923531,0.6113573805497882,,0.7665240746293874
2024-03-13,2023-24,IND,CHI,129,132,,,-5.5,0,0.6904521921537372,0.6811938847656935,0.699710499541781,0.7362731756669246,,0.6837356127682949
2024-03-13,2023-24,DET,TOR,113,104,,,-3.5,1,0.505079211245077,0.5080067231825576,0.5021516993075964,0.5229922139724487,,0.6206865291604615
2024-03-13,2023-24,SAC,LAL,120,107,,,2.5,1,0.6009392544153254,0.620270276844518,0.5816082319861328,0.6681816580945672,,0.41505045389637707
2024-03-13,2023-24,ORL,BKN,114,106,,,-6.5,1,0.6585306817178072,0.6594231395404929,0.6576382238951215,0.7112687947528377,,0.7130528657723422
2024-03-13,2023-24,POR,ATL,106,102,,,4.5,1,0.43552099100701164,0.45107982421702963,0.41996215779699364,0.4585686246388725,,0.3494051226951947
2024-03-13,2023-24,NOP,CLE,95,116,,,-6.5,0,0.7002131514704701,0.7023286042390299,0.6980976987019103,0.7173999793668323,,0.7130528657723422
2024-03-13,2023-24,MEM,CHA,98,110,,,2.5,0,0.6377222436087664,0.6156975008408858,0.6597469863766469,0.714750917813412,,0.41505045389637707
2024-03-14,2023-24,HOU,WAS,135,119,,,-8.5,1,0.7975307518376673,0.8014926213858107,0.793568882289524,0.850023912655813,,0.7665240746293874
2024-03-14,2023-24,MIL,PHI,114,105,,,-6.5,1,0.7420145463878052,0.745376752173631,0.7386523406019794,0.7724466835240958,,0.7130528657723422
2024-03-14,2023-24,POR,NYK,93,105,,,12.5,0,0.34736074838103803,0.3226102049018636,0.3721112918602125,0.3552890379019389,,0.149850591223406
2024-03-14,2023-24,OKC,DAL,126,119,,,-9.5,1,0.6962717557086224,0.7118441799439142,0.6806993314733305,0.7005345413827537,,0.790518217596245
2024-03-14,2023-24,BOS,PHX,127,112,,,-5.5,1,0.7920624662590988,0.8112938285096176,0.77283110400858,0.8257404894141701,,0.6837356127682949
2024-03-14,2023-24,CHI,LAC,111,126,,,6.5,0,0.46362672522672127,0.4291643127326776,0.49808913772076496,0.4967914485724693,,0.2890125525275827
2024-03-15,2023-24,TOR,ORL,103,113,,,7.5,0,0.39558234844772505,0.37724679731348154,0.41391789958196856,0.438457109204641,,0.26125623891201216
2024-03-15,2023-24,NOP,LAC,112,104,,,-6.5,1,0.648394276796354,0.6898201560105859,0.6069683975821222,0.6595726191283567,,0.7130528657723422
2024-03-15,2023-24,DET,MIA,95,108,,,8.5,0,0.30411936327819533,0.3022373240096952,0.3060014025466954,0.3201794100669278,,0.23528346065663988
2024-03-15,2023-24,UTA,ATL,124,122,,,1.5,1,0.5511688746324079,0.5614099971247496,0.5409277521400663,0.6061487049467277,,0.4492105947756774
2024-03-15,2023-24,CHA,PHX,96,107,,,10.5,0,0.3232771606572209,0.3329282811654219,0.31362604014901985,0.2832922353562327,,0.18888924117694963
2024-03-15,2023-24,SAS,DEN,106,117,,,10.5,0,0.21864946167986016,0.23935915854413567,0.19793976481558462,0.2576414738803312,,0.18888924117694963
2024-03-16,2023-24,UTA,MIN,100,119,,,7.5,0,0.2818618264339251,0.2894729014859871,0.27425075138186306,0.3385707897871797,,0.26125623891201216
2024-03-16,2023-24,IND,BKN,121,100,,,-8.5,1,0.7077740618910149,0.677344070573754,0.7382040532082759,0.7525612867571065,,0.7665240746293874
2024-03-16,2023-24,MEM,OKC,112,118,,,10.5,0,0.2518785185088239,0.2080795455147032,0.2956774915029446,0.2666762072177834,,0.18888924117694963
2024-03-16,2023-24,PHI,CHA,109,98,,,-10.5,1,0.7792868166557272,0.8023130957640499,0.7562605375474046,0.7984901650473569,,0.8126491965359115
2024-03-16,2023-24,SAC,NYK,91,98,,,-3.5,0,0.6438697500156707,0.6619073773517615,0.6258321226795798,0.6567689767712941,,0.6206865291604615
2024-03-16,2023-24,LAL,GSW,121,128,,,-1.5,0,0.5300394545822051,0.5653672399536498,0.4947116692107606,0.5883134573571761,,0.5532803541656142
2024-03-16,2023-24,HOU,CLE,117,103,,,4.5,1,0.4458610219342524,0.4435958790792439,0.44812616478926093,0.4825034246499655,,0.3494051226951947
2024-03-16,2023-24,NOP,POR,126,107,,,-12.5,1,0.8620424331428709,0.8414344690628527,0.8826503972228892,0.900510956343803,,0.8514281304931971
2024-03-16,2023-24,CHI,WAS,127,98,,,-9.5,1,0.7834021258441433,0.7797647081724562,0.7870395435158303,0.8411894240278077,,0.790518217596245
2024-03-17,2023-24,SAS,BKN,122,115,,,-1.5,1,0.5592475200573325,0.5526526313067355,0.5658424088079295,0.519217362311799,,0.5532803541656142
2024-03-17,2023-24,MIL,PHX,140,129,,,2.5,1,0.5980167818168907,0.6032606378814352,0.5927729257523461,0.6240951567136434,,0.41505045389637707
2024-03-17,2023-24,WAS,BOS,104,130,,,14.5,0,0.15557247511957267,0.08808702440164042,0.22305792583750494,0.1016015644123736,,0.11770936500261889
2024-03-17,2023-24,DAL,DEN,107,105,,,1.5,1,0.49930152754646007,0.4767286172075275,0.5218744378853926,0.5112719440702161,,0.4492105947756774
2024-03-17,2023-24,ORL,TOR,111,96,,,-11.5,1,0.7666661266315042,0.7849047857145356,0.7484274675484728,0.8164883457637472,,0.8329362310205675
2024-03-17,2023-24,DET,MIA,101,104,,,5.5,0,0.291698058441097,0.2782331673212765,0.30516294956091744,0.3038141476149417,,0.31844658639079165
2024-03-17,2023-24,LAC,ATL,93,110,,,-9.5,0,0.7499130097973226,0.740476831224238,0.759349188370407,0.7980933284230612,,0.790518217596245
2024-03-18,2023-24,PHI,MIA,98,91,,,-2.5,1,0.5319352479197832,0.5133075450798479,0.5505629507597185,0.5023679931104181,,0.5873929722941529
2024-03-18,2023-24,BOS,DET,119,94,,,-15.5,1,0.9269632752476937,0.9512435393353641,0.9026830111600233,0.960859446217599,,0.8969365809385075
2024-03-18,2023-24,GSW,NYK,112,119,,,-6.5,0,0.6245830308135811,0.622461649334533,0.6267044122926292,0.6552640915081395,,0.7130528657723422
2024-03-18,2023-24,UTA,MIN,104,114,,,4.5,0,0.26962356662044623,0.28372511906113795,0.2555220141797545,0.3154577977264267,,0.3494051226951947
2024-03-18,2023-24,LAL,ATL,136,105,,,-9.5,1,0.6942859252445415,0.7025974229787177,0.6859744275103652,0.6914368234993526,,0.790518217596245
2024-03-18,2023-24,SAC,MEM,121,111,,,-11.5,1,0.8309411508872495,0.8470823367264249,0.8147999650480741,0.8631546594676706,,0.8329362310205675
2024-03-18,2023-24,CHI,POR,110,107,,,-8.5,1,0.7491832896046631,0.7422299103009277,0.7561366689083985,0.8021511548503305,,0.7665240746293874
2024-03-18,2023-24,IND,CLE,103,108,,,-6.5,0,0.5522958612645877,0.5701084055088211,0.5344833170203543,0.5916293169275724,,0.7130528657723422
2024-03-19,2023-24,MIN,DEN,112,115,,,7.5,0,0.5603870470864503,0.5778283872397547,0.5429457069331459,0.6690285736788196,,0.26125623891201216
2024-03-19,2023-24,WAS,HOU,114,137,,,10.5,0,0.27783617762442625,0.3029991258411678,0.25267322940768466,0.3186380311847434,,0.18888924117694963
2024-03-19,2023-24,ORL,CHA,112,92,,,-13.5,1,0.8215126570151223,0.8388983224434619,0.8041269915867827,0.8664881489047491,,0.868197092052344
2024-03-19,2023-24,BKN,NOP,91,104,,,6.5,0,0.3495013251132223,0.3570217465949745,0.34198090363147005,0.3772101071420333,,0.2890125525275827
2024-03-19,2023-24,SAS,DAL,107,113,,,9.5,0,0.34926787215424243,0.33845680197252503,0.36007894233595983,0.3634860769636441,,0.21115472978709024
2024-03-20,2023-24,PHX,PHI,115,102,,,-9.5,1,0.7253039623921455,0.714341567213827,0.7362663575704639,0.7710482375486359,,0.790518217596245
2024-03-20,2023-24,POR,LAC,103,116,,,12.5,0,0.3308290639826654,0.3077216222529559,0.35393650571237484,0.3164039984989238,,0.149850591223406
2024-03-20,2023-24,OKC,UTA,119,107,,,-15.5,1,0.827085399400881,0.823710677205602,0.83046012159616,0.8467931896995007,,0.8969365809385075
2024-03-20,2023-24,DET,IND,103,122,,,11.5,0,0.2565521627643116,0.2682853404900438,0.2448189850385794,0.3039450908764701,,0.16847015425964673
2024-03-20,2023-24,GSW,MEM,137,116,,,-11.5,1,0.858359014186399,0.8386353588845026,0.8780826694882954,0.8714062880316455,,0.8329362310205675
2024-03-20,2023-24,BOS,MIL,122,119,,,-10.5,1,0.8045855089746272,0.7941118353072285,0.8150591826420259,0.8344015765763755,,0.8126491965359115
2024-03-20,2023-24,TOR,SAC,89,123,,,11.5,0,0.336260950267345,0.29881948368179195,0.373702416852898,0.3653157913706882,,0.16847015425964673
2024-03-20,2023-24,CLE,MIA,104,107,,,-2.5,0,0.6445407352311643,0.6457596941631893,0.6433217762991393,0.7081561494571288,,0.5873929722941529
2024-03-21,2023-24,ORL,NOP,121,106,,,2.5,1,0.4666411057296385,0.4606979248879401,0.47258428657133694,0.5061254878676142,,0.41505045389637707
2024-03-21,2023-24,PHX,ATL,128,115,,,-9.5,1,0.7211832226177987,0.7018622157136425,0.7405042295219548,0.7716970051005428,,0.790518217596245
2024-03-21,2023-24,HOU,CHI,127,117,,,-3.5,1,0.6260670571153115,0.6427739710652393,0.6093601431653838,0.6856665717240664,,0.6206865291604615
2024-03-21,2023-24,MIL,BKN,115,108,,,-10.5,1,0.7490114883122023,0.7372362715305929,0.7607867050938116,0.8076059492538801,,0.8126491965359115
2024-03-21,2023-24,DAL,UTA,113,97,,,-14.5,1,0.8015732645766545,0.817458886524094,0.7856876426292148,0.8077052984870371,,0.8833327242620539
2024-03-21,2023-24,DEN,NYK,113,100,,,-9.5,1,0.7096161627705737,0.7137309282649767,0.7055013972761706,0.7333826409484807,,0.790518217596245
2024-03-21,2023-24,WAS,SAC,109,102,,,11.5,1,0.2351092678101646,0.2495837069415926,0.22063482867873663,0.2296707424750219,,0.16847015425964673
2024-03-22,2023-24,SAS,MEM,97,99,,,-6.5,0,0.6649636228750181,0.6717382824043245,0.6581889633457116,0.6797818248552778,,0.7130528657723422
2024-03-22,2023-24,TOR,OKC,103,123,,,16.5,0,0.22571792590275602,0.20730982215143295,0.24412602965407906,0.268290271091657,,0.09171831128088412
2024-03-22,2023-24,MIN,CLE,104,91,,,-7.5,1,0.6828797188677169,0.6921919095653422,0.6735675281700917,0.7288047066910905,,0.7406831670688772
2024-03-22,2023-24,DET,BOS,102,129,,,13.5,0,0.16097977317177556,0.10097089647462483,0.2209886498689263,0.1073948687807813,,0.132959841458717
2024-03-22,2023-24,POR,LAC,117,125,,,14.5,0,0.3195878534797441,0.2990718211981594,0.34010388576132883,0.3003676724341261,,0.11770936500261889
2024-03-22,2023-24,MIA,NOP,88,111,,,-2.5,0,0.5419365466458025,0.5609359731925165,0.5229371200990884,0.5498742802476017,,0.5873929722941529
2024-03-22,2023-24,GSW,IND,111,123,,,-4.5,0,0.5809246134307862,0.5952163341624984,0.5666328926990738,0.662796568542028,,0.6528811761685757
2024-03-22,2023-24,LAL,PHI,101,94,,,-7.5,1,0.7120694626117792,0.7072195605858846,0.7169193646376737,0.7343188977856221,,0.7406831670688772
2024-03-23,2023-24,ORL,SAC,107,109,,,-2.5,0,0.5781264517795728,0.5744058147128912,0.5818470888462545,0.6298434327085979,,0.5873929722941529
2024-03-23,2023-24,ATL,CHA,132,91,,,-7.5,1,0.7754668432623568,0.7810677771164777,0.7698659094082358,0.8165176903098683,,0.7406831670688772
2024-03-23,2023-24,HOU,UTA,147,119,,,-10.5,1,0.7416602304406632,0.7391173481139964,0.74420311276733,0.7675296671858158,,0.8126491965359115
2024-03-23,2023-24,WAS,TOR,112,109,,,-5.5,1,0.5715900919541628,0.615266925895721,0.5279132580126046,0.5579405987916758,,0.6837356127682949
2024-03-23,2023-24,SAS,PHX,106,131,,,10.5,0,0.28389433731690206,0.27273499653445704,0.2950536780993471,0.3222754616518717,,0.18888924117694963
2024-03-23,2023-24,NYK,BKN,105,93,,,-7.5,1,0.7300360687413722,0.7332378759720111,0.7268342615107333,0.8053135055697965,,0.7406831670688772
2024-03-23,2023-24,CHI,BOS,113,124,,,4.5,0,0.28347076261358195,0.28834835335807396,0.27859317186908994,0.2504902286779714,,0.3494051226951947
2024-03-23,2023-24,POR,DEN,111,114,,,10.5,0,0.21839896223240055,0.16895925407286994,0.26783867039193116,0.2029851537566351,,0.18888924117694963
2024-03-24,2023-24,MIN,GSW,114,110,,,-2.5,1,0.7187716094656327,0.724335684590466,0.7132075343407992,0.7718681561504835,,0.5873929722941529
2024-03-24,2023-24,LAL,IND,150,145,,,-2.5,1,0.5293495235657779,0.5298887153478092,0.5288103317837467,0.5988580568368292,,0.5873929722941529
2024-03-24,2023-24,MIA,CLE,121,84,,,-3.5,1,0.5144427944104226,0.5254139173137357,0.5034716715071097,0.5714061869635342,,0.6206865291604615
2024-03-24,2023-24,LAC,PHI,107,121,,,-8.5,0,0.7254478795994527,0.7645552035032604,0.6863405556956449,0.7845575800640545,,0.7665240746293874
2024-03-24,2023-24,MIL,OKC,118,93,,,-2.5,1,0.505930539519523,0.5051874271682001,0.5066736518708459,0.571568116869651,,0.5873929722941529
2024-03-24,2023-24,DET,NOP,101,114,,,14.5,0,0.2047202343175896,0.17750627405163602,0.23193419458354317,0.1958744623302914,,0.11770936500261889
2024-03-25,2023-24,DEN,MEM,128,103,,,-12.5,1,0.8976674683901555,0.900824832635672,0.894510104144639,0.9197752005076748,,0.8514281304931971
2024-03-25,2023-24,NYK,DET,124,99,,,-16.5,1,0.8884889623670387,0.8872484535279758,0.8897294712061016,0.903844012210312,,0.9091173794696449
2024-03-25,2023-24,SAS,PHX,104,102,,,12.5,1,0.2555919968595307,0.2550382754806472,0.25614571823841426,0.296595275578204,,0.149850591223406
2024-03-25,2023-24,ATL,BOS,120,118,,,10.5,1,0.22581358992868517,0.22558474242621912,0.22604243743115118,0.2428129362931913,,0.18888924117694963
2024-03-25,2023-24,CHI,WAS,105,107,,,-12.5,0,0.7956733743459041,0.7912185183474998,0.8001282303443086,0.8358194969824096,,0.8514281304931971
2024-03-25,2023-24,SAC,PHI,108,96,,,-7.5,1,0.768566733919692,0.7855506186007299,0.751582849238654,0.7462636719861445,,0.7406831670688772
2024-03-25,2023-24,LAC,IND,116,133,,,-6.5,0,0.5751451686128675,0.5926621479112752,0.5576281893144597,0.6300146149829299,,0.7130528657723422
2024-03-25,2023-24,HOU,POR,110,92,,,-14.5,1,0.819681800826491,0.8368582098963868,0.8025053917565953,0.8567822277161985,,0.8833327242620539
2024-03-25,2023-24,CLE,CHA,115,92,,,-11.5,1,0.8580804716071966,0.8366864728412348,0.8794744703731583,0.8914382527690262,,0.8329362310205675
2024-03-25,2023-24,UTA,DAL,105,115,,,8.5,0,0.3334328142497254,0.33748332117552465,0.32938230732392615,0.4035395430645445,,0.23528346065663988
2024-03-25,2023-24,TOR,BKN,88,96,,,6.5,0,0.47516726866550346,0.4531561038397291,0.4971784334912778,0.5216718611735524,,0.2890125525275827
2024-03-26,2023-24,MIL,LAL,124,128,,,-9.5,0,0.6442532714990039,0.6701978135880639,0.618308729409944,0.7065590928960409,,0.790518217596245
2024-03-26,2023-24,NOP,OKC,112,119,,,1.5,0,0.6280272789250132,0.6185339965963043,0.637520561253722,0.6744322996350918,,0.4492105947756774
2024-03-26,2023-24,SAC,DAL,96,132,,,-0.5,0,0.5879481397750566,0.6052618282545196,0.5706344512955935,0.6238544872884286,,0.5186585439800319
2024-03-26,2023-24,MIA,GSW,92,113,,,4.5,0,0.5398184670711837,0.5667660728400746,0.5128708613022929,0.6437985159135377,,0.3494051226951947
2024-03-27,2023-24,ATL,POR,120,106,,,-11.5,1,0.7888419546947435,0.8005522693774101,0.7771316400120769,0.8207524113375164,,0.8329362310205675
2024-03-27,2023-24,ORL,GSW,93,101,,,-3.5,0,0.58331042860164,0.633242267921849,0.5333785892814309,0.5984316091335009,,0.6206865291604615
2024-03-27,2023-24,CHA,CLE,118,111,,,9.5,1,0.24303765056993343,0.23897231143904502,0.24710298970082184,0.2706215821345944,,0.21115472978709024
2024-03-27,2023-24,MIN,DET,106,91,,,-15.5,1,0.9140563742756918,0.9251469674458755,0.902965781105508,0.942575057542988,,0.8969365809385075
2024-03-27,2023-24,OKC,HOU,126,132,,,-5.5,0,0.6807891127774054,0.6650732855754338,0.696504939979377,0.7485974370874957,,0.6837356127682949
2024-03-27,2023-24,UTA,SAS,111,118,,,-4.5,0,0.6180915705208347,0.6252090446707582,0.6109740963709113,0.697693604023815,,0.6528811761685757
2024-03-27,2023-24,TOR,NYK,101,145,,,13.5,0,0.26565352316199614,0.2700296741328701,0.2612773721911222,0.2947478167895636,,0.132959841458717
2024-03-27,2023-24,WAS,BKN,119,122,,,3.5,0,0.41805645731987795,0.4278803450283068,0.4082325696114491,0.4519119436556475,,0.3816878509294548
2024-03-27,2023-24,PHI,LAC,107,108,,,6.5,0,0.476179444006971,0.4757507849222436,0.47660810309169843,0.5475447043970378,,0.2890125525275827
2024-03-27,2023-24,MEM,LAL,124,136,,,3.5,0,0.37633330183209934,0.3529904103800268,0.3996761932841719,0.3358687125536366,,0.3816878509294548
2024-03-27,2023-24,DEN,PHX,97,104,,,-6.5,0,0.6873156431837675,0.6872153363132433,0.6874159500542917,0.7356723711146256,,0.7130528657723422
2024-03-27,2023-24,CHI,IND,125,99,,,3.5,1,0.40411207178128156,0.39898094536132256,0.40924319820124055,0.4690754111932455,,0.3816878509294548
2024-03-28,2023-24,NOP,MIL,107,100,,,2.5,1,0.645749383652017,0.6286768302183159,0.6628219370857181,0.6911851649253539,,0.41505045389637707
2024-03-28,2023-24,ATL,BOS,123,122,,,15.5,1,0.2622519298208664,0.23170382018884664,0.2928000394528862,0.2682937263280546,,0.10399830273116084
2024-03-29,2023-24,MIA,POR,142,82,,,-13.5,1,0.7760727320925307,0.8141334458003769,0.7380120183846844,0.8638101296032371,,0.868197092052344
2024-03-29,2023-24,WAS,DET,87,96,,,-3.5,0,0.6224472980509771,0.6353799835323669,0.6095146125695873,0.6524954895595574,,0.6206865291604615
2024-03-29,2023-24,CLE,PHI,117,114,,,-7.5,1,0.7010468670224195,0.7030315372497661,0.699062196795073,0.7392812031347025,,0.7406831670688772
2024-03-29,2023-24,UTA,HOU,100,101,,,8.5,0,0.32314074746288113,0.3239108628349755,0.32237063209078676,0.4130104290157497,,0.23528346065663988
2024-03-29,2023-24,ORL,LAC,97,100,,,1.5,0,0.5441606782382172,0.5841673916495017,0.5041539648269328,0.6287069449396794,,0.4492105947756774
2024-03-29,2023-24,SAC,DAL,103,107,,,1.5,0,0.4740426787526564,0.4612911408356628,0.48679421666965,0.5375266849219393,,0.4492105947756774
2024-03-29,2023-24,SAS,NYK,130,126,,,8.5,1,0.2757299074181837,0.29793555758682455,0.25352425724954286,0.3241786320780579,,0.23528346065663988
2024-03-29,2023-24,IND,LAL,109,90,,,-3.5,1,0.5860704165198177,0.6255930331921891,0.5465477998474464,0.637390282450637,,0.6206865291604615
2024-03-29,2023-24,CHA,GSW,97,115,,,12.5,0,0.21494248178218822,0.23158028853989407,0.19830467502448235,0.2635952858050871,,0.149850591223406
2024-03-29,2023-24,BKN,CHI,125,108,,,3.5,1,0.5125960914721488,0.5190590176741243,0.5061331652701733,0.5730068502104625,,0.3816878509294548
2024-03-29,2023-24,OKC,PHX,128,103,,,1.5,1,0.5902531358581444,0.6083350242986703,0.5721712474176186,0.6565503567545817,,0.4492105947756774
2024-03-29,2023-24,DEN,MIN,98,111,,,-2.5,0,0.5590710155869691,0.579585310673976,0.5385567204999623,0.6131997736847355,,0.5873929722941529
2024-03-30,2023-24,NOP,BOS,92,104,,,5.5,0,0.40300238433399477,0.40775118768921875,0.3982535809787708,0.4727446975131733,,0.31844658639079165
2024-03-30,2023-24,ATL,MIL,113,122,,,4.5,0,0.49745499359760337,0.4860401607003785,0.5088698264948283,0.5141734288869612,,0.3494051226951947
2024-03-30,2023-24,ORL,MEM,118,88,,,-13.5,1,0.808472971965692,0.801514342814628,0.8154316011167559,0.8470966848042275,,0.868197092052344
2024-03-31,2023-24,WAS,MIA,107,119,,,12.5,0,0.29992184196010685,0.27199708591708177,0.327846598003132,0.281219613272857,,0.149850591223406
2024-03-31,2023-24,CHA,LAC,118,130,,,14.5,0,0.2688933010472214,0.2626683702220246,0.2751182318724183,0.2982783453750788,,0.11770936500261889
2024-03-31,2023-24,DEN,CLE,130,101,,,-4.5,1,0.7129839687226935,0.6936325554098793,0.7323353820355076,0.7445946039539588,,0.6528811761685757
2024-03-31,2023-24,MIN,CHI,101,109,,,-8.5,0,0.8061307719453656,0.8290283131657741,0.7832332307249571,0.8599369536910132,,0.7665240746293874
2024-03-31,2023-24,BKN,LAL,104,116,,,6.5,0,0.48862359046430726,0.4852366085994677,0.4920105723291468,0.4977698587306636,,0.2890125525275827
2024-03-31,2023-24,HOU,DAL,107,125,,,3.5,0,0.5240509688960684,0.5048514176317794,0.5432505201603574,0.5457745149349237,,0.3816878509294548
2024-03-31,2023-24,TOR,PHI,120,135,,,9.5,0,0.36997842669463094,0.3681067347723641,0.37185011861689776,0.4275817357973266,,0.21115472978709024
2024-03-31,2023-24,NYK,OKC,112,113,,,1.5,0,0.5437346758252208,0.5051450470429971,0.5823243046074447,0.5820377329389234,,0.4492105947756774
2024-03-31,2023-24,SAC,UTA,127,106,,,-12.5,1,0.7831394406321712,0.784293218894265,0.7819856623700774,0.8068617381424302,,0.8514281304931971
2024-03-31,2023-24,SAS,GSW,113,117,,,10.5,0,0.2722079660536917,0.29360549608188136,0.25081043602550196,0.3392804863206904,,0.18888924117694963
2024-04-01,2023-24,NOP,PHX,111,124,,,-0.5,0,0.5790664932335258,0.5984617233850124,0.5596712630820392,0.6867853979117438,,0.5186585439800319
2024-04-01,2023-24,CHA,BOS,104,118,,,18.5,0,0.15117945793261897,0.08344225603915796,0.21891665982607997,0.1075415475997302,,0.07100440456413
2024-04-01,2023-24,IND,BKN,133,111,,,-12.5,1,0.7858543895371264,0.8161271795635967,0.7555815995106562,0.7929001812671735,,0.8514281304931971
2024-04-01,2023-24,DET,MEM,108,110,,,-2.5,0,0.5577410896077869,0.5496104372008102,0.5658717420147636,0.6023905437218933,,0.5873929722941529
2024-04-01,2023-24,ORL,POR,104,103,,,-17.5,1,0.8359814954796145,0.8487802567612946,0.8231827341979343,0.8684146903406492,,0.919986984880304
2024-04-01,2023-24,CHI,ATL,101,113,,,-1.5,0,0.5425228001461734,0.5465745687411764,0.5384710315511704,0.6478286634256126,,0.5532803541656142
2024-04-02,2023-24,TOR,LAL,111,128,,,13.5,0,0.2767014069320983,0.25901042081661785,0.29439239304757875,0.2882395560584656,,0.132959841458717
2024-04-02,2023-24,SAC,LAC,109,95,,,-2.5,1,0.5429518411823998,0.5687273423520686,0.517176340012731,0.6174362814233815,,0.5873929722941529
2024-04-02,2023-24,MIA,NYK,109,99,,,-2.5,1,0.509256590970053,0.5297684283959713,0.48874475354413494,0.5985969881338632,,0.5873929722941529
2024-04-02,2023-24,UTA,CLE,113,129,,,9.5,0,0.3558048029719387,0.35554675347097026,0.3560628524729072,0.4110426963686208,,0.21115472978709024
2024-04-02,2023-24,WAS,MIL,117,113,,,12.5,1,0.21699239868693854,0.199358601741284,0.23462619563259307,0.2213108569831381,,0.149850591223406
2024-04-02,2023-24,PHI,OKC,109,105,,,-2.5,1,0.36693936262181986,0.39254900983898383,0.3413297154046559,0.4205835864417938,,0.5873929722941529
2024-04-02,2023-24,DEN,SAS,110,105,,,-15.5,1,0.87562920906296,0.8691644718387584,0.8820939462871618,0.8959803740160865,,0.8969365809385075
2024-04-02,2023-24,GSW,DAL,104,100,,,-0.5,1,0.5241897543774163,0.5391024630357529,0.5092770457190797,0.5869978460204041,,0.5186585439800319
2024-04-02,2023-24,MIN,HOU,113,106,,,-7.5,1,0.7370687381679336,0.747393009377785,0.7267444669580823,0.7918950643918833,,0.7406831670688772
2024-04-03,2023-24,MIL,MEM,101,111,,,-12.5,0,0.8723236684559457,0.8496837439119422,0.8949635929999491,0.8824828924214234,,0.8514281304931971
2024-04-03,2023-24,NOP,ORL,108,117,,,-4.5,0,0.6225525307424716,0.6554536358068573,0.5896514256780859,0.729803744654091,,0.6528811761685757
2024-04-03,2023-24,MIN,TOR,133,85,,,-17.5,1,0.9235112783346233,0.9421404031590732,0.9048821535101733,0.938757710338058,,0.919986984880304
2024-04-03,2023-24,CHA,POR,86,89,,,-1.5,0,0.5947541365272809,0.583205207865081,0.6063030651894808,0.6253303592789976,,0.5532803541656142
2024-04-03,2023-24,ATL,DET,121,113,,,-12.5,1,0.8359676695769189,0.8579010192924499,0.814034319861388,0.8555468709423367,,0.8514281304931971
2024-04-03,2023-24,PHX,CLE,122,101,,,-6.5,1,0.7502448158130709,0.7449347948147051,0.7555548368114366,0.7075890150901571,,0.7130528657723422
2024-04-03,2023-24,BKN,IND,115,111,,,6.5,1,0.3637340469005893,0.3565000090459384,0.3709680847552402,0.4337267331503947,,0.2890125525275827
2024-04-03,2023-24,WAS,LAL,120,125,,,12.5,0,0.28790434160735334,0.2874830185215435,0.28832566469316323,0.2619765702147146,,0.149850591223406
2024-04-03,2023-24,BOS,OKC,135,100,,,-12.5,1,0.7936088176217093,0.7968324366122346,0.790385198631184,0.8016645409770861,,0.8514281304931971
2024-04-04,2023-24,DAL,ATL,109,95,,,-11.5,1,0.7607224779537982,0.7625659987957815,0.7588789571118151,0.7880288983908608,,0.8329362310205675
2024-04-04,2023-24,LAC,DEN,102,100,,,3.5,1,0.45627130977194597,0.43148260349090173,0.4810600160529902,0.4956776292408607,,0.3816878509294548
2024-04-04,2023-24,MIA,PHI,105,109,,,-2.5,0,0.6681449698451243,0.6750850491449117,0.6612048905453367,0.7310049015171439,,0.5873929722941529
2024-04-04,2023-24,NYK,SAC,120,109,,,-3.5,1,0.6262241139047722,0.6373853765751158,0.6150628512344284,0.6685788678271163,,0.6206865291604615
2024-04-04,2023-24,HOU,GSW,110,133,,,3.5,0,0.5013473055412352,0.5060825882079332,0.49661202287453726,0.5441129673862117,,0.3816878509294548
2024-04-05,2023-24,NOP,SAS,109,111,,,-11.5,0,0.8165138139059069,0.832020858406366,0.8010067694054478,0.8627750744647557,,0.8329362310205675
2024-04-05,2023-24,CHA,ORL,124,115,,,12.5,1,0.24455337742209185,0.2252313371087648,0.2638754177354189,0.2816650367612106,,0.149850591223406
2024-04-05,2023-24,BOS,SAC,101,100,,,-9.5,1,0.8868431707118859,0.8710784528237098,0.902607888600062,0.8712627877221625,,0.790518217596245
2024-04-05,2023-24,PHX,MIN,97,87,,,-4.5,1,0.525887474753905,0.519819789055408,0.5319551604524019,0.5579031469544963,,0.6528811761685757
2024-04-05,2023-24,MEM,DET,108,90,,,1.5,1,0.6817926317554813,0.678886418587003,0.6846988449239596,0.7203463233361953,,0.4492105947756774
2024-04-05,2023-24,DAL,GSW,108,106,,,1.5,1,0.6032817787831299,0.6225902191958406,0.5839733383704194,0.6590076205841638,,0.4492105947756774
2024-04-05,2023-24,CHI,NYK,108,100,,,1.5,1,0.5327240747927507,0.520050410166837,0.5453977394186645,0.4962757446641693,,0.4492105947756774
2024-04-05,2023-24,HOU,MIA,104,119,,,3.5,0,0.564374341828453,0.6054416577097645,0.5233070259471414,0.5947376443294802,,0.3816878509294548
2024-04-05,2023-24,IND,OKC,126,112,,,-6.5,1,0.5493709409848256,0.5582663167907025,0.5404755651789488,0.5797812311030833,,0.7130528657723422
2024-04-05,2023-24,WAS,POR,102,108,,,-2.5,0,0.5806058955300177,0.5852803477679308,0.5759314432921048,0.6044124676046052,,0.5873929722941529
2024-04-05,2023-24,LAC,UTA,131,102,,,-12.5,1,0.7905221358043926,0.7824867651528435,0.7985575064559415,0.8356363585136131,,0.8514281304931971
2024-04-05,2023-24,MIL,TOR,111,117,,,-14.5,0,0.8960734533655356,0.8908063786643974,0.9013405280666738,0.8900258765191892,,0.8833327242620539
2024-04-06,2023-24,MEM,PHI,96,116,,,15.5,0,0.37738244647905816,0.3670095434026519,0.38775534955546437,0.4534464872576851,,0.10399830273116084
2024-04-06,2023-24,BKN,DET,113,103,,,-10.5,1,0.8039358460872401,0.8266345101065723,0.7812371820679079,0.8163913626544043,,0.8126491965359115
2024-04-06,2023-24,DEN,ATL,142,110,,,-10.5,1,0.7304677321670272,0.7391837283879016,0.7217517359461528,0.8050659681234972,,0.8126491965359115
2024-04-06,2023-24,LAL,CLE,116,97,,,-4.5,1,0.6311998232312395,0.633037698910786,0.629361947551693,0.6776095806494533,,0.6528811761685757
2024-04-07,2023-24,IND,MIA,117,115,,,-2.5,1,0.6180406763442883,0.6334587374758052,0.6026226152127715,0.6634130507013111,,0.5873929722941529
2024-04-07,2023-24,ORL,CHI,113,98,,,-6.5,1,0.6561822002167108,0.6621845206498601,0.6501798797835615,0.6988041045789635,,0.7130528657723422
2024-04-07,2023-24,LAL,MIN,117,127,,,2.5,0,0.44786003032879645,0.44556577342615566,0.45015428723143724,0.5237677997108563,,0.41505045389637707
2024-04-07,2023-24,PHX,NOP,105,113,,,-5.5,0,0.6798318921380001,0.6789533328780101,0.6807104513979901,0.6944377882516264,,0.6837356127682949
2024-04-07,2023-24,MIL,NYK,109,122,,,-4.5,0,0.529767169808858,0.5564920537029946,0.5030422859147212,0.602032075991377,,0.6528811761685757
2024-04-07,2023-24,TOR,WAS,130,122,,,-4.5,1,0.5767801540235842,0.5935992162111664,0.5599610918360021,0.6857639212456015,,0.6528811761685757
2024-04-07,2023-24,BOS,POR,124,107,,,-16.5,1,0.9207254759564583,0.9503876519744885,0.8910632999384279,0.9604481585314494,,0.9091173794696449
2024-04-07,2023-24,CHA,OKC,118,121,,,7.5,0,0.21348214179509128,0.22210942294704905,0.2048548606431335,0.2420424247974814,,0.26125623891201216
2024-04-07,2023-24,GSW,UTA,118,110,,,-12.5,1,0.884219202618362,0.8782869280060035,0.8901514772307203,0.8852289817497047,,0.8514281304931971
2024-04-07,2023-24,DAL,HOU,147,136,,,-9.5,1,0.736285145936693,0.7379061010467238,0.7346641908266622,0.7990934049146495,,0.790518217596245
2024-04-07,2023-24,BKN,SAC,77,107,,,10.5,0,0.45738027138258597,0.41062170843427465,0.5041388343308973,0.5031445320606193,,0.18888924117694963
2024-04-07,2023-24,LAC,CLE,120,118,,,-4.5,1,0.6570220836461622,0.6911782453067974,0.6228659219855271,0.6726810890582139,,0.6528811761685757
2024-04-07,2023-24,SAS,PHI,126,133,,,3.5,0,0.4645776020956799,0.46846844576275315,0.4606867584286067,0.4648540336909321,,0.3816878509294548
2024-04-09,2023-24,MEM,SAS,87,102,,,6.5,0,0.5446386089379741,0.5546605827700062,0.534616635105942,0.6025287308580561,,0.2890125525275827
2024-04-09,2023-24,ATL,MIA,111,117,,,3.5,0,0.5304577034072955,0.5111062991927862,0.5498091076218049,0.5419716122429471,,0.3816878509294548
2024-04-09,2023-24,POR,NOP,100,110,,,14.5,0,0.2778053871056549,0.23985655036285,0.3157542238484598,0.2676714799943923,,0.11770936500261889
2024-04-09,2023-24,CHI,NYK,117,128,,,5.5,0,0.4155264051652113,0.4214345641978563,0.40961824613256625,0.4929365782132657,,0.31844658639079165
2024-04-09,2023-24,UTA,DEN,95,111,,,15.5,0,0.19188848818777113,0.19765704020712505,0.1861199361684172,0.2501442933708467,,0.10399830273116084
2024-04-09,2023-24,PHI,DET,120,102,,,-14.5,1,0.8622373350691867,0.8571753783421202,0.8672992917962531,0.8743057139523797,,0.8833327242620539
2024-04-09,2023-24,HOU,ORL,118,106,,,2.5,1,0.5196926033484459,0.5200013795457075,0.5193838271511843,0.5787225255895925,,0.41505045389637707
2024-04-09,2023-24,TOR,IND,123,140,,,14.5,0,0.22270234375133724,0.2117918317036501,0.23361285579902438,0.2765406379059181,,0.11770936500261889
2024-04-09,2023-24,MIN,WAS,130,121,,,-18.5,1,0.9078032324125607,0.9293691720805233,0.886237292744598,0.9479865401235616,,0.9296571683215398
2024-04-09,2023-24,OKC,SAC,112,105,,,-5.5,1,0.6599976562211125,0.6553517313980085,0.6646435810442166,0.6955967692213595,,0.6837356127682949
2024-04-09,2023-24,PHX,LAC,92,105,,,-9.5,0,0.6690354286095821,0.6752489201334461,0.6628219370857181,0.704379621703374,,0.790518217596245
2024-04-09,2023-24,MIL,BOS,104,91,,,-3.5,1,0.28433949278498544,0.28096641814216594,0.28771256742780493,0.2964523282306813,,0.6206865291604615
2024-04-09,2023-24,LAL,GSW,120,134,,,1.5,0,0.5076336491003355,0.5108474577433683,0.5044198404573027,0.5739129673131736,,0.4492105947756774
2024-04-09,2023-24,CHA,DAL,104,130,,,12.5,0,0.1897117171493009,0.19035552943565795,0.18906790486294386,0.2005786862997634,,0.149850591223406
2024-04-10,2023-24,LAC,PHX,108,124,,,11.5,0,0.5543416360921649,0.5981221727471362,0.5105610994371936,0.6201539629477986,,0.16847015425964673
2024-04-10,2023-24,DEN,MIN,116,107,,,-7.5,1,0.5738974574978668,0.6118070514401912,0.5359878635555424,0.6154727407408648,,0.7406831670688772
2024-04-10,2023-24,ATL,CHA,114,115,,,-8.5,0,0.8329331746897451,0.8416505038537034,0.8242158455257869,0.8378096058709679,,0.7665240746293874
2024-04-10,2023-24,BKN,TOR,106,102,,,-11.5,1,0.7709931594890534,0.7912067036927565,0.7507796152853504,0.7723320420491625,,0.8329362310205675
2024-04-10,2023-24,MIL,ORL,117,99,,,1.5,1,0.6052749619344178,0.6386247765576565,0.5719251473111792,0.6633649971656796,,0.4492105947756774
2024-04-10,2023-24,CLE,MEM,110,98,,,-19.5,1,0.827540930460239,0.8579986418045249,0.797083219115953,0.8469949705765473,,0.938237097476741
2024-04-10,2023-24,MIA,DAL,92,111,,,2.5,0,0.525966094487177,0.5310310857228663,0.5209011032514878,0.5276719258788221,,0.41505045389637707
2024-04-10,2023-24,OKC,SAS,127,89,,,-17.5,1,0.8338073851227976,0.849807300662803,0.8178074695827922,0.8622203517014225,,0.919986984880304
2024-04-11,2023-24,POR,GSW,92,100,,,13.5,0,0.20683173938858404,0.17383881209894528,0.2398246666782228,0.2217717263101816,,0.132959841458717
2024-04-11,2023-24,DET,CHI,105,127,,,11.5,0,0.3259836995823892,0.33616474956875864,0.3158026495960198,0.3683726076570159,,0.16847015425964673
2024-04-11,2023-24,SAC,NOP,123,135,,,-1.5,0,0.5252305673852034,0.546989463263297,0.5034716715071097,0.5814418342499544,,0.5532803541656142
2024-04-11,2023-24,UTA,HOU,124,121,,,11.5,1,0.3462658497761082,0.34879336819957435,0.3437383313526421,0.4290326088540347,,0.16847015425964673
2024-04-11,2023-24,BOS,NYK,109,118,,,-2.5,0,0.7509205448228551,0.7446504681948068,0.7571906214509033,0.8184660453933473,,0.5873929722941529
2024-04-12,2023-24,WAS,CHI,127,129,,,-1.5,0,0.38038194861193886,0.3809145394148693,0.37984935780900836,0.3480637697357197,,0.5532803541656142
2024-04-12,2023-24,OKC,MIL,125,107,,,-14.5,1,0.6864062070176109,0.6760108022775955,0.6968016117576262,0.7137350162745667,,0.8833327242620539
2024-04-12,2023-24,BOS,CHA,131,98,,,-7.5,1,0.910006778984711,0.9215781970053258,0.8984353609640963,0.955291538724946,,0.7406831670688772
2024-04-12,2023-24,CLE,IND,129,120,,,-3.5,1,0.47183372991598416,0.49004758631324874,0.45361987351871963,0.5590497337035167,,0.6206865291604615
2024-04-12,2023-24,GSW,NOP,109,114,,,-3.5,0,0.6683432539512719,0.692385060142712,0.644301447759832,0.6715682857962884,,0.6206865291604615
2024-04-12,2023-24,NYK,BKN,111,107,,,-11.5,1,0.8039036721835284,0.819070504145278,0.7887368402217787,0.8379987334815775,,0.8329362310205675
2024-04-12,2023-24,SAC,PHX,107,108,,,4.5,0,0.504115686151787,0.5047597007964645,0.5034716715071097,0.5471046519572347,,0.3494051226951947
2024-04-12,2023-24,MEM,LAL,120,123,,,16.5,0,0.2914520372797822,0.28252066657380254,0.3003834079857618,0.3236942005970115,,0.09171831128088412
2024-04-12,2023-24,POR,HOU,107,116,,,6.5,0,0.36237114850151364,0.3631639217430816,0.36157837525994563,0.3794964882336727,,0.2890125525275827
2024-04-12,2023-24,SAS,DEN,121,120,,,11.5,1,0.2142264827618871,0.22388070306042274,0.2045722624633515,0.2622305694100635,,0.16847015425964673
2024-04-12,2023-24,MIA,TOR,125,103,,,-13.5,1,0.8765369599399208,0.8754449012592669,0.8776290186205746,0.8789217040423382,,0.868197092052344
2024-04-12,2023-24,DAL,DET,89,107,,,-11.5,0,0.9300854409231394,0.9508540542927472,0.9093168275535317,0.9472073670939868,,0.8329362310205675
2024-04-12,2023-24,PHI,ORL,125,113,,,-6.5,1,0.6183980079358252,0.628239770224648,0.6085562456470024,0.6375755871338944,,0.7130528657723422
2024-04-12,2023-24,LAC,UTA,109,110,,,-15.5,0,0.8325084728379579,0.857113574660121,0.8079033710157948,0.8481104802249043,,0.8969365809385075
2024-04-12,2023-24,MIN,ATL,109,106,,,-12.5,1,0.8005556142393362,0.8037557012164597,0.7973555272622127,0.8450340872259836,,0.8514281304931971
2024-04-14,2023-24,MEM,DEN,111,126,,,13.5,0,0.21983782819696884,0.18512859877011698,0.25454705762382074,0.2087045281380316,,0.132959841458717
2024-04-14,2023-24,GSW,UTA,123,116,,,-11.5,1,0.8838238936909852,0.8812277222663188,0.8864200651156517,0.8861317443335653,,0.8329362310205675
2024-04-14,2023-24,SAS,DET,123,95,,,-5.5,1,0.7173589326800116,0.708527685039874,0.7261901803201493,0.74646141179401,,0.6837356127682949
2024-04-14,2023-24,NOP,LAL,108,124,,,-0.5,0,0.6468924771863829,0.6721790044426444,0.6216059499301212,0.7178479265221479,,0.5186585439800319
2024-04-14,2023-24,CLE,CHA,110,120,,,-14.5,0,0.8561367987900063,0.846710476621934,0.8655631209580785,0.8754465469967417,,0.8833327242620539
2024-04-14,2023-24,ORL,MIL,113,88,,,-6.5,1,0.5466175604664947,0.5583642605959371,0.5348708603370522,0.5880450259250675,,0.7130528657723422
2024-04-14,2023-24,IND,ATL,157,115,,,-13.5,1,0.7355159755203318,0.7438062230316064,0.7272257280090573,0.7702036706869206,,0.868197092052344
2024-04-14,2023-24,PHI,BKN,107,86,,,-13.5,1,0.7378350647952305,0.7484444015814038,0.7272257280090573,0.7620403043221038,,0.868197092052344
2024-04-14,2023-24,MIN,PHX,106,125,,,-1.5,0,0.6917906208482918,0.6996003536590489,0.6839808880375348,0.7091048654647704,,0.5532803541656142
2024-04-14,2023-24,LAC,HOU,105,116,,,4.5,0,0.6569028130839857,0.643888618586283,0.6699170075816884,0.7022310532653301,,0.3494051226951947
2024-04-14,2023-24,OKC,DAL,135,86,,,-19.5,1,0.5661900563748166,0.5916376047056686,0.5407425080439644,0.6433389502613209,,0.938237097476741
2024-04-14,2023-24,NYK,CHI,120,119,,,-13.5,1,0.7541750670508733,0.7576216461177585,0.7507284879839883,0.7907708084214771,,0.868197092052344
2024-04-14,2023-24,MIA,TOR,118,103,,,-15.5,1,0.8807615953603621,0.8793693869941392,0.882153803726585,0.8832004647989428,,0.8969365809385075
2024-04-14,2023-24,SAC,POR,121,82,,,-16.5,1,0.8696323184099599,0.8692570046545703,0.8700076321653494,0.8720588122574348,,0.9091173794696449
2024-04-14,2023-24,BOS,WAS,132,122,,,-9.5,1,0.915740631787043,0.9462235179235812,0.8852577456505049,0.9638869162215242,,0.790518217596245
2024-10-22,2024-25,LAL,MIN,110,103,,,1.5,1,0.4797308909798429,0.47072193814367175,0.4887398438160141,0.554965857224651,,0.4492105947756774
2024-10-22,2024-25,BOS,NYK,132,109,,,-5.5,1,0.7151828875786146,0.6966483784683758,0.7337173966888533,0.7856428952402424,,0.6837356127682949
2024-10-23,2024-25,TOR,CLE,106,136,,,6.5,0,0.3095376951924862,0.2902262962653578,0.3288490941196146,0.3990137368365839,,0.2890125525275827
2024-10-23,2024-25,HOU,CHA,105,110,,,-8.5,0,0.7086478477317157,0.7208811951719273,0.6964145002915041,0.8050915878784508,,0.7665240746293874
2024-10-23,2024-25,LAC,PHX,113,116,,,4.5,0,0.4590592536147995,0.45171795107110446,0.4664005561584946,0.5595395226278703,,0.3494051226951947
2024-10-23,2024-25,POR,GSW,104,140,,,7.5,0,0.24473273911756593,0.1964763506331191,0.2929891276020128,0.318450908015779,,0.26125623891201216
2024-10-23,2024-25,DET,IND,109,115,,,5.5,0,0.2268051889890011,0.2152113316181161,0.2383990463598861,0.3157233723991126,,0.31844658639079165
2024-10-23,2024-25,ATL,BKN,120,116,,,-7.5,1,0.585045175684735,0.6032826829127991,0.566807668456671,0.6741096190381397,,0.7406831670688772
2024-10-23,2024-25,PHI,MIL,109,124,,,4.5,0,0.6219841949565763,0.6099191325213386,0.634049257391814,0.6520429164662577,,0.3494051226951947
2024-10-23,2024-25,MIA,ORL,97,116,,,-1.5,0,0.6024593679762937,0.6001440835717166,0.6047746523808708,0.6557763163742034,,0.5532803541656142
2024-10-23,2024-25,NOP,CHI,123,111,,,-5.5,1,0.619057895069804,0.6070188304330888,0.6310969597065191,0.712723534790912,,0.6837356127682949
2024-10-23,2024-25,UTA,MEM,124,126,,,2.5,0,0.5845295844651512,0.5703812165705991,0.5986779523597034,0.6860568981556681,,0.41505045389637707
2024-10-24,2024-25,DEN,OKC,87,102,,,-2.5,0,0.5453402554652431,0.5404509413033038,0.5502295696271824,0.6344209215623542,,0.5873929722941529
2024-10-24,2024-25,DAL,SAS,120,109,,,-8.5,1,0.7571497073600437,0.7744149668776301,0.7398844478424574,0.8564700533475285,,0.7665240746293874
2024-10-24,2024-25,WAS,BOS,102,122,,,14.5,0,0.159652039592098,0.10295336673384517,0.21635071245035084,0.1745830694926493,,0.11770936500261889
2024-10-24,2024-25,SAC,MIN,115,117,,,-0.5,0,0.47414975569973117,0.40951354773152476,0.5387859636679376,0.5397537094020777,,0.5186585439800319
2024-10-25,2024-25,ORL,BKN,116,101,,,-11.5,1,0.7274361078353173,0.7226153274305169,0.7322568882401177,0.7741652508868935,,0.8329362310205675
2024-10-25,2024-25,TOR,PHI,115,107,,,5.5,1,0.2940433654439011,0.2645009308336226,0.32358580005417964,0.3915982935267754,,0.31844658639079165
2024-10-25,2024-25,UTA,GSW,86,127,,,6.5,0,0.27556992927189977,0.24099418498007288,0.3101456735637267,0.3590174441386308,,0.2890125525275827
2024-10-25,2024-25,ATL,CHA,125,120,,,-5.5,1,0.6519211349616334,0.6546709420643413,0.6491713278589254,0.7446235399664418,,0.6837356127682949
2024-10-25,2024-25,MIL,CHI,122,133,,,-9.5,0,0.6218316418479355,0.5988795704220089,0.6447837132738621,0.7153784365297694,,0.790518217596245
2024-10-25,2024-25,CLE,DET,113,101,,,-10.5,1,0.7775978372186076,0.7929885464065248,0.7622071280306906,0.8455371473398596,,0.8126491965359115
2024-10-25,2024-25,LAL,PHX,123,116,,,-1.5,1,0.5726385486209666,0.5565055524844801,0.5887715447574532,0.6320187010598439,,0.5532803541656142
2024-10-25,2024-25,HOU,MEM,128,108,,,-3.5,1,0.7285409860939703,0.6997996979203543,0.7572822742675863,0.7893440311815528,,0.6206865291604615
2024-10-25,2024-25,NYK,IND,123,98,,,-4.5,1,0.4988788916073151,0.48572360681286086,0.5120341764017693,0.5992011146963472,,0.6528811761685757
2024-10-25,2024-25,POR,NOP,103,105,,,6.5,0,0.2831115264467757,0.21533285230338858,0.3508902005901628,0.3432655694496254,,0.2890125525275827
2024-10-26,2024-25,LAL,SAC,131,127,,,-0.5,1,0.576090501805044,0.5695915419631637,0.5825894616469242,0.688245362714271,,0.5186585439800319
2024-10-26,2024-25,CHI,OKC,95,114,,,9.5,0,0.4063014005213254,0.36680746852989965,0.44579533251275116,0.4384331090675099,,0.21115472978709024
2024-10-26,2024-25,DEN,LAC,104,109,,,-7.5,0,0.7076478020717145,0.6956258960616298,0.7196697080817992,0.7532973390015325,,0.7406831670688772
2024-10-26,2024-25,CHA,MIA,106,114,,,5.5,0,0.3614729205805055,0.3167858404680884,0.4061600006929227,0.4440468262500202,,0.31844658639079165
2024-10-26,2024-25,PHX,DAL,114,102,,,3.5,1,0.47695404794512114,0.44985144602699667,0.5040566498632456,0.5431924518196284,,0.3816878509294548
2024-10-26,2024-25,WAS,CLE,116,135,,,9.5,0,0.3287760028290847,0.318470918181643,0.3390810874765264,0.3331568966392167,,0.21115472978709024
2024-10-26,2024-25,MEM,ORL,124,111,,,-0.5,1,0.35566068555903835,0.33247055363230915,0.37885081748576754,0.3785026258079204,,0.5186585439800319
2024-10-26,2024-25,DET,BOS,118,124,,,12.5,0,0.17482155480157724,0.12630420822320765,0.2233389013799468,0.1831907217237996,,0.149850591223406
2024-10-26,2024-25,MIN,TOR,112,101,,,-14.5,1,0.8985655234487749,0.8915096062023066,0.9056214406952433,0.8950553419093128,,0.8833327242620539
2024-10-26,2024-25,SAS,HOU,109,106,,,1.5,1,0.5490975855025435,0.5226456723104909,0.5755494986945962,0.5228044382434054,,0.4492105947756774
2024-10-27,2024-25,BKN,MIL,115,102,,,8.5,1,0.43818888348975765,0.41730813042112047,0.45906963655839483,0.507603287933618,,0.23528346065663988
2024-10-27,2024-25,OKC,ATL,128,104,,,-10.5,1,0.7638065438208234,0.7404935492843976,0.7871195383572491,0.8335615620411805,,0.8126491965359115
2024-10-27,2024-25,IND,PHI,114,118,,,-8.5,0,0.6582309787222597,0.6479562022369895,0.6685057552075299,0.7264788285086256,,0.7665240746293874
2024-10-27,2024-25,GSW,LAC,104,112,,,-9.5,0,0.7589659747551745,0.7803317222003952,0.7376002273099538,0.7546436800606027,,0.790518217596245
2024-10-27,2024-25,POR,NOP,125,103,,,6.5,1,0.2877480088247834,0.2162530290286693,0.35924298862089754,0.335946092500999,,0.2890125525275827
2024-10-28,2024-25,TOR,DEN,125,127,,,8.5,0,0.2584640627027005,0.22375689828211293,0.29317122712328814,0.3068849107262188,,0.23528346065663988
2024-10-28,2024-25,SAC,POR,111,98,,,-12.5,1,0.809214699021638,0.8438791871106324,0.7745502109326435,0.8281961945749766,,0.8514281304931971
2024-10-28,2024-25,ORL,IND,119,115,,,-5.5,1,0.5577634613875254,0.5806491590172059,0.5348777637578449,0.6065305093486774,,0.6837356127682949
2024-10-28,2024-25,MIA,DET,106,98,,,-8.5,1,0.7876452877849834,0.7907961594320841,0.7844944161378827,0.8393907436534306,,0.7665240746293874
2024-10-28,2024-25,NYK,CLE,104,110,,,-2.5,0,0.5966541131927047,0.5687304204517776,0.6245778059336318,0.6671810673461879,,0.5873929722941529
2024-10-28,2024-25,ATL,WAS,119,121,,,-7.5,0,0.6878131045082714,0.6865580361028019,0.6890681729137409,0.8118153189331869,,0.7406831670688772
2024-10-28,2024-25,MEM,CHI,123,126,,,-4.5,0,0.44209158945960053,0.41275176888982207,0.471431410029379,0.5023574246929967,,0.6528811761685757
2024-10-28,2024-25,BOS,MIL,119,108,,,-9.5,1,0.8320274464574386,0.8453417259200814,0.8187131669947958,0.843093709193056,,0.790518217596245
2024-10-28,2024-25,DAL,UTA,110,102,,,-11.5,1,0.8255575861654123,0.8439572322170693,0.8071579401137554,0.8828880668081295,,0.8329362310205675
2024-10-28,2024-25,PHX,LAL,109,105,,,-4.5,1,0.5203623040369718,0.5217076433192847,0.519016964754659,0.6414269973978912,,0.6528811761685757
2024-10-28,2024-25,SAS,HOU,101,106,,,2.5,0,0.48802990229855253,0.46298810824977543,0.5130716963473296,0.5392051856505244,,0.41505045389637707
2024-10-29,2024-25,MIN,DAL,114,120,,,-4.5,0,0.6174632131416791,0.6317111806272161,0.6032152456561419,0.6300430674256917,,0.6528811761685757
2024-10-29,2024-25,GSW,NOP,124,106,,,2.5,1,0.6860527338981226,0.662826739179326,0.7092787286169192,0.7312247570153433,,0.41505045389637707
2024-10-29,2024-25,UTA,SAC,96,113,,,6.5,0,0.33590813936277064,0.3170228967273527,0.35479338199818855,0.4106732113014253,,0.2890125525275827
2024-10-29,2024-25,BKN,DEN,139,144,,,5.5,0,0.3922738134459615,0.40942667946314837,0.37512094742877466,0.4279969487600212,,0.31844658639079165
2024-10-30,2024-25,IND,BOS,135,132,,,6.5,1,0.3538324290600675,0.36527192423245464,0.3423929338876804,0.4289080092608197,,0.2890125525275827
2024-10-30,2024-25,WAS,ATL,133,120,,,4.5,1,0.43062623847733944,0.4127751988269373,0.4484772781277416,0.448298102737422,,0.3494051226951947
2024-10-30,2024-25,OKC,SAS,105,93,,,-12.5,1,0.8351714096215686,0.8102706626332498,0.8600721566098873,0.8718971471945871,,0.8514281304931971
2024-10-30,2024-25,CLE,LAL,134,110,,,-4.5,1,0.5049251396418133,0.5236891219462192,0.4861611573374075,0.6192511359531475,,0.6528811761685757
2024-10-30,2024-25,MEM,BKN,106,119,,,-12.5,0,0.574129303988027,0.5630507060639864,0.5852079019120675,0.563018157877941,,0.8514281304931971
2024-10-30,2024-25,PHI,DET,95,105,,,-4.5,0,0.763700547177085,0.7721144963849486,0.7552865979692214,0.8294130615530443,,0.6528811761685757
2024-10-30,2024-25,MIA,NYK,107,116,,,1.5,0,0.4935458415722701,0.504391577002331,0.4827001061422093,0.5949626412863979,,0.4492105947756774
2024-10-30,2024-25,CHA,TOR,138,133,,,-6.5,1,0.6192834202398352,0.597850155163878,0.6407166853157924,0.6743491995329404,,0.7130528657723422
2024-10-30,2024-25,CHI,ORL,102,99,,,5.5,1,0.4947219532033166,0.4872551157036233,0.5021887907030098,0.5688296160160641,,0.31844658639079165
2024-10-30,2024-25,LAC,POR,105,106,,,-8.5,0,0.7683651990910921,0.7769316744445013,0.759798723737683,0.8288724687866306,,0.7665240746293874
2024-10-30,2024-25,GSW,NOP,104,89,,,-3.5,1,0.7270000282910951,0.7145461457073308,0.7394539108748593,0.7483524317057816,,0.6206865291604615
2024-10-31,2024-25,DAL,HOU,102,108,,,-6.5,0,0.7147515426881859,0.7234986097474718,0.7060044756288998,0.79015075014516,,0.7130528657723422
2024-10-31,2024-25,UTA,SAS,88,106,,,2.5,0,0.509141422737139,0.4949873303383702,0.5232955151359079,0.5645203774571766,,0.41505045389637707
2024-10-31,2024-25,LAC,PHX,119,125,,,4.5,0,0.4881303184004038,0.44634809242387513,0.5299125443769325,0.5552606720457606,,0.3494051226951947
2024-10-31,2024-25,MEM,MIL,122,99,,,6.5,1,0.4090130642768003,0.3516780102098804,0.4663481183437202,0.4424486879478539,,0.2890125525275827
2024-11-01,2024-25,POR,OKC,114,137,,,11.5,0,0.2618277408664307,0.18299293477221357,0.34066254696064785,0.2481514306596248,,0.16847015425964673
2024-11-01,2024-25,DET,NYK,98,128,,,6.5,0,0.2807892142547216,0.27182579613904795,0.28975263237039517,0.3379395299346377,,0.2890125525275827
2024-11-01,2024-25,ATL,SAC,115,123,,,6.5,0,0.4048793903679888,0.3952111463225687,0.41454763441340886,0.4880966152599776,,0.2890125525275827
2024-11-01,2024-25,NOP,IND,125,118,,,4.5,1,0.4608289121869531,0.4662113074780138,0.45544651689589244,0.5688139467994273,,0.3494051226951947
2024-11-01,2024-25,BKN,CHI,120,112,,,-1.5,1,0.47969117561930447,0.4819333282966393,0.4774490229419696,0.5790245244919834,,0.5532803541656142
2024-11-01,2024-25,MIN,DEN,119,116,,,-3.5,1,0.5660766482635471,0.5715340381802406,0.5606192583468537,0.6623793539228815,,0.6206865291604615
2024-11-01,2024-25,TOR,LAL,125,131,,,9.5,0,0.3023571991224868,0.26029817577139375,0.34441622247357984,0.3318693145302753,,0.21115472978709024
2024-11-01,2024-25,CLE,ORL,120,109,,,-7.5,1,0.616327017343097,0.6283940975494348,0.6042599371367593,0.6911117601745888,,0.7406831670688772
2024-11-01,2024-25,CHA,BOS,109,124,,,10.5,0,0.21714500636983736,0.183362914612545,0.2509270981271297,0.2182771280793823,,0.18888924117694963
2024-11-02,2024-25,MIL,CLE,113,114,,,-1.5,0,0.4809239701559631,0.4363146837038122,0.525533256608114,0.5031173656825769,,0.5532803541656142
2024-11-02,2024-25,PHX,POR,103,97,,,-12.5,1,0.8789342701058891,0.8708422271231752,0.887026313088603,0.8733245263015164,,0.8514281304931971
2024-11-02,2024-25,DEN,UTA,129,103,,,-10.5,1,0.8618908205851361,0.8481277920465536,0.8756538491237186,0.8784516716506908,,0.8126491965359115
2024-11-02,2024-25,SAS,MIN,113,103,,,3.5,1,0.3917046187863476,0.36125527214580716,0.42215396542688804,0.3865255586246612,,0.3816878509294548
2024-11-02,2024-25,PHI,MEM,107,124,,,1.5,0,0.6964797474926678,0.6811259811293783,0.7118335138559574,0.7604400515755485,,0.4492105947756774
2024-11-02,2024-25,CHA,BOS,103,113,,,10.5,0,0.2255998184067035,0.19677101124473542,0.25442862556867163,0.2092330139460681,,0.18888924117694963
2024-11-02,2024-25,TOR,SAC,131,128,,,9.5,1,0.32142835216122073,0.2912171394098731,0.35163956491256837,0.3312048208562648,,0.21115472978709024
2024-11-02,2024-25,HOU,GSW,121,127,,,-4.5,0,0.42176115186949137,0.3865046755770713,0.4570176281619115,0.5168721390861167,,0.6528811761685757
2024-11-02,2024-25,LAC,OKC,92,105,,,5.5,0,0.41420620696662425,0.4046749518636581,0.42373746206959034,0.4292152738847651,,0.31844658639079165
2024-11-03,2024-25,NOP,ATL,111,126,,,1.5,0,0.6755203328320547,0.6743277388598445,0.676712926804265,0.7429521648591875,,0.4492105947756774
2024-11-03,2024-25,BKN,DET,92,106,,,-3.5,0,0.7069877002343337,0.7000008560859883,0.7139745443826789,0.7744117679530699,,0.6206865291604615
2024-11-03,2024-25,DAL,ORL,108,85,,,-6.5,1,0.6993426432939229,0.6795973887202198,0.7190878978676262,0.7580669583691035,,0.7130528657723422
2024-11-04,2024-25,MIA,SAC,110,111,,,-0.5,0,0.49412320218624056,0.5051473494647627,0.48309905490771843,0.6106710450125248,,0.5186585439800319
2024-11-04,2024-25,DET,LAL,115,103,,,6.5,1,0.3128738104491102,0.2703844191859991,0.35536320171222135,0.3574310881523801,,0.2890125525275827
2024-11-04,2024-25,OKC,ORL,102,86,,,-12.5,1,0.7726045111006773,0.8034442766249069,0.7417647455764477,0.8128442019871959,,0.8514281304931971
2024-11-04,2024-25,ATL,BOS,93,123,,,10.5,0,0.2579209236547966,0.2103978230215222,0.30544402428807094,0.2959310462194717,,0.18888924117694963
2024-11-04,2024-25,CHI,UTA,126,135,,,-7.5,0,0.7632137205698564,0.7794858622469925,0.7469415788927202,0.7993216486289925,,0.7406831670688772
2024-11-04,2024-25,PHX,PHI,118,116,,,-7.5,1,0.7178041364204812,0.7082758530310677,0.7273324198098949,0.79048157484924,,0.7406831670688772
2024-11-04,2024-25,DAL,IND,127,134,,,-4.5,0,0.6021587505415491,0.6074189373606761,0.596898563722422,0.7387031745504973,,0.6528811761685757
2024-11-04,2024-25,NOP,POR,100,118,,,-1.5,0,0.7588111972522694,0.7454934297845357,0.7721289647200031,0.7982282342937022,,0.5532803541656142
2024-11-04,2024-25,WAS,GSW,112,125,,,10.5,0,0.22123842971614627,0.18752706426671797,0.2549497951655746,0.245677732660443,,0.18888924117694963
2024-11-04,2024-25,HOU,NYK,109,97,,,2.5,1,0.4551035287673034,0.4332457586342205,0.4769612989003864,0.5460152616048657,,0.41505045389637707
2024-11-04,2024-25,DEN,TOR,121,119,,,-11.5,1,0.8524531068479368,0.8347806176014065,0.870125596094467,0.8834820224440556,,0.8329362310205675
2024-11-04,2024-25,LAC,SAS,113,104,,,-4.5,1,0.6187217233234692,0.609334266197365,0.6281091804495733,0.7095809935649029,,0.6528811761685757
2024-11-04,2024-25,BKN,MEM,106,104,,,4.5,1,0.5592564467893721,0.5503638399518208,0.5681490536269236,0.6680184392633474,,0.3494051226951947
2024-11-04,2024-25,CLE,MIL,116,114,,,-8.5,1,0.72979974165568,0.7371075769884031,0.7224919063229568,0.7653518453823596,,0.7665240746293874
2024-11-04,2024-25,MIN,CHA,114,93,,,-11.5,1,0.8351874239334764,0.813229090933531,0.8571457569334219,0.8730507460614001,,0.8329362310205675
2024-11-06,2024-25,NOP,CLE,122,131,,,6.5,0,0.3681731966139325,0.35328611452878933,0.38306027869907566,0.4733744075793799,,0.2890125525275827
2024-11-06,2024-25,CHA,DET,108,107,,,1.5,1,0.5340452968141792,0.5324633036664453,0.5356272899619131,0.6156440405051608,,0.4492105947756774
2024-11-06,2024-25,DEN,OKC,124,122,,,7.5,1,0.49859526194181514,0.4528871594617763,0.544303364421854,0.5253335431635463,,0.26125623891201216
2024-11-06,2024-25,LAC,PHI,110,98,,,-2.5,1,0.6260282871229073,0.6087655877306674,0.6432909865151473,0.7022536748961749,,0.5873929722941529
2024-11-06,2024-25,ATL,NYK,121,116,,,7.5,1,0.3706601982454447,0.3648721031155003,0.3764482933753891,0.4581707847584331,,0.26125623891201216
2024-11-06,2024-25,BOS,GSW,112,118,,,-6.5,0,0.6782149919768856,0.6774631713254258,0.6789668126283455,0.7508990492665572,,0.7130528657723422
2024-11-06,2024-25,DAL,CHI,119,99,,,-10.5,1,0.7027303589646132,0.7216641820580927,0.6837965358711336,0.8117649960000167,,0.8126491965359115
2024-11-06,2024-25,HOU,SAS,127,100,,,-6.5,1,0.6417710901310867,0.6578719124581155,0.6256702678040578,0.7391880763688315,,0.7130528657723422
2024-11-06,2024-25,IND,ORL,118,111,,,-5.5,1,0.6544854255478298,0.6595443187015879,0.6494265323940718,0.7058365634065563,,0.6837356127682949
2024-11-06,2024-25,MEM,LAL,131,114,,,-4.5,1,0.42354088810749463,0.4050195336478263,0.442062242567163,0.4451508374588736,,0.6528811761685757
2024-11-06,2024-25,PHX,MIA,115,112,,,-5.5,1,0.6769681961811873,0.6641246285700133,0.6898117637923612,0.7333018867425858,,0.6837356127682949
2024-11-06,2024-25,SAC,TOR,122,107,,,-11.5,1,0.7994717950833194,0.8077737970911494,0.7911697930754894,0.8560255850300084,,0.8329362310205675
2024-11-07,2024-25,CHI,MIN,119,135,,,9.5,0,0.3639685002617512,0.32294742046385205,0.4049895800596504,0.4373129378094565,,0.21115472978709024
2024-11-07,2024-25,MIL,UTA,123,100,,,-9.5,1,0.7210503110095468,0.7246555118666071,0.7174451101524865,0.7752451430423921,,0.790518217596245
2024-11-07,2024-25,SAS,POR,118,105,,,-4.5,1,0.6591355165803451,0.6329077683485657,0.6853632648121245,0.7057200787634427,,0.6528811761685757
2024-11-08,2024-25,CHA,IND,103,83,,,6.5,1,0.29896567924455403,0.290529905568828,0.30740145292028004,0.3527589847359389,,0.2890125525275827
2024-11-08,2024-25,LAL,PHI,116,106,,,-7.5,1,0.6424919224564971,0.6462017457987437,0.6387820991142505,0.7303971588682143,,0.7406831670688772
2024-11-08,2024-25,BOS,BKN,108,104,,,-13.5,1,0.8497488330811033,0.8328041353288831,0.8666935308333235,0.8914631884594937,,0.868197092052344
2024-11-08,2024-25,NYK,MIL,116,94,,,-6.5,1,0.7275303636160599,0.7299198671385565,0.7251408600935635,0.7373699243341069,,0.7130528657723422
2024-11-08,2024-25,DEN,MIA,135,122,,,-3.5,1,0.6761377459157885,0.6587294474428239,0.693546044388753,0.7418147491271737,,0.6206865291604615
2024-11-08,2024-25,MIN,POR,127,102,,,-12.5,1,0.8659291443966107,0.8616108677097684,0.8702474210834531,0.8758248691623792,,0.8514281304931971
2024-11-08,2024-25,OKC,HOU,126,107,,,-7.5,1,0.7308571955879752,0.733501764702586,0.7282126264733644,0.7971888962457251,,0.7406831670688772
2024-11-08,2024-25,SAC,LAC,98,107,,,-6.5,0,0.6180475057316832,0.6255096567665355,0.610585354696831,0.6884399674607861,,0.7130528657723422
2024-11-08,2024-25,DET,ATL,122,121,,,-2.5,1,0.476757119371615,0.46590874964985735,0.48760548909337265,0.5379161174829584,,0.5873929722941529
2024-11-08,2024-25,ORL,NOP,115,88,,,-7.5,1,0.6147144819646884,0.6131030504064132,0.6163259135229635,0.7039281227098414,,0.7406831670688772
2024-11-08,2024-25,CLE,GSW,136,117,,,-3.5,1,0.5287341305794446,0.5295337965671206,0.5279344645917686,0.5838960729152598,,0.6206865291604615
2024-11-08,2024-25,DAL,PHX,113,114,,,-2.5,0,0.5334134066428264,0.5508031946681522,0.5160236186175006,0.6744143609726245,,0.5873929722941529
2024-11-08,2024-25,MEM,WAS,128,104,,,-7.5,1,0.7148838585308899,0.7030541166746824,0.7267136003870974,0.7685201892142497,,0.7406831670688772
2024-11-09,2024-25,LAC,TOR,105,103,,,-6.5,1,0.7527189531822579,0.7516495486735592,0.7537883576909566,0.843334090604314,,0.7130528657723422
2024-11-09,2024-25,ATL,CHI,113,125,,,-2.5,0,0.5513289580251144,0.5365596240351523,0.5660982920150763,0.6364119159042437,,0.5873929722941529
2024-11-09,2024-25,SAS,UTA,110,111,,,-6.5,0,0.7305912119575438,0.7276531184710546,0.733529305444033,0.7471799056297347,,0.7130528657723422
2024-11-09,2024-25,CLE,BKN,105,100,,,-12.5,1,0.7917402835990338,0.8136775244765699,0.7698030427214977,0.827820069203447,,0.8514281304931971
2024-11-10,2024-25,DET,HOU,99,101,,,3.5,0,0.3986202409582663,0.38902820846933756,0.40821227344719513,0.4301971856612288,,0.3816878509294548
2024-11-10,2024-25,LAL,TOR,123,103,,,-10.5,1,0.8104318080325249,0.8188564324415706,0.8020071836234792,0.8459915424119786,,0.8126491965359115
2024-11-10,2024-25,PHI,CHA,107,105,,,-4.5,1,0.6077089445918586,0.6106320591702088,0.6047858300135084,0.7142670989376213,,0.6528811761685757
2024-11-10,2024-25,POR,MEM,89,134,,,1.5,0,0.44776387255922756,0.4240456333820936,0.47148211173636145,0.5538454558972165,,0.4492105947756774
2024-11-10,2024-25,IND,NYK,132,121,,,3.5,1,0.5042817686005853,0.5260530026534872,0.48251053454768333,0.6046784548529328,,0.3816878509294548
2024-11-10,2024-25,MIN,MIA,94,95,,,-7.5,0,0.6869293990088253,0.6908311640273368,0.6830276339903139,0.767749153329814,,0.7406831670688772
2024-11-10,2024-25,OKC,GSW,116,127,,,-6.5,0,0.6027739512978351,0.6130731178443619,0.5924747847513082,0.7124970404528747,,0.7130528657723422
2024-11-10,2024-25,DEN,DAL,122,120,,,-2.5,1,0.5786903733942728,0.5608465428826244,0.596534203905921,0.622668897983322,,0.5873929722941529
2024-11-10,2024-25,ORL,WAS,121,94,,,-11.5,1,0.7648309464277171,0.7801092216133764,0.7495526712420578,0.856653943652353,,0.8329362310205675
2024-11-10,2024-25,PHX,SAC,118,127,,,1.5,0,0.6558414706572137,0.6326155093833896,0.6790674319310377,0.7188484722335313,,0.4492105947756774
2024-11-10,2024-25,MIL,BOS,107,113,,,5.5,0,0.2736747564380419,0.2522898475477502,0.2950596653283336,0.3235904165487296,,0.31844658639079165
2024-11-11,2024-25,HOU,WAS,107,92,,,-12.5,1,0.8159724981062291,0.830005110572227,0.8019398856402312,0.8688591191629652,,0.8514281304931971
2024-11-11,2024-25,OKC,LAC,134,128,,,-6.5,1,0.7076318010874525,0.6816370461241448,0.7336265560507601,0.7900258886962785,,0.7130528657723422
2024-11-11,2024-25,CHI,CLE,113,119,,,8.5,0,0.3424945762029763,0.32176598060811074,0.3632231717978418,0.4348873856324531,,0.23528346065663988
2024-11-11,2024-25,SAS,SAC,116,96,,,3.5,1,0.45050896050255246,0.4507312203552237,0.4502867006498812,0.4700500422534011,,0.3816878509294548
2024-11-11,2024-25,NOP,BKN,105,107,,,1.5,0,0.5441385003486376,0.5209423609947161,0.567334639702559,0.6589608768676082,,0.4492105947756774
2024-11-12,2024-25,ORL,CHA,114,89,,,-8.5,1,0.697895444293698,0.7144430617974465,0.6813478267899495,0.797060922656649,,0.7665240746293874
2024-11-12,2024-25,GSW,DAL,120,117,,,-2.5,1,0.6084399788616085,0.5919367467012495,0.6249432110219675,0.6685623990477323,,0.5873929722941529
2024-11-12,2024-25,MIL,TOR,99,85,,,-8.5,1,0.6971495579122164,0.7025133525295439,0.6917857632948888,0.7968420018839721,,0.7665240746293874
2024-11-12,2024-25,BOS,ATL,116,117,,,-15.5,0,0.8571354700408784,0.838438146080402,0.8758327940013549,0.8965860034084817,,0.8969365809385075
2024-11-12,2024-25,POR,MIN,122,108,,,8.5,1,0.23742361841658394,0.20394622829931375,0.2709010085338541,0.2712494745961381,,0.23528346065663988
2024-11-12,2024-25,UTA,PHX,112,120,,,5.5,0,0.27293242467627665,0.230200751388964,0.31566409796358924,0.3215763734219679,,0.31844658639079165
2024-11-12,2024-25,PHI,NYK,99,111,,,3.5,0,0.39378583903880426,0.39825789998275357,0.38931377809485496,0.4853706689833623,,0.3816878509294548
2024-11-12,2024-25,DET,MIA,123,121,,,1.5,1,0.40366246061908506,0.38713198878086297,0.4201929324573071,0.4411898473229365,,0.4492105947756774
2024-11-13,2024-25,MIL,DET,127,120,,,-7.5,1,0.7004383892559611,0.6815313551078083,0.719345423404114,0.7511085815085943,,0.7406831670688772
2024-11-13,2024-25,SAC,PHX,127,104,,,-8.5,1,0.5595567661274989,0.5659768576099637,0.5531366746450342,0.5604975438486606,,0.7665240746293874
2024-11-13,2024-25,NYK,CHI,123,124,,,-8.5,0,0.694599960065565,0.6767767570160463,0.7124231631150836,0.7748802356097182,,0.7665240746293874
2024-11-13,2024-25,SAS,WAS,139,130,,,-9.5,1,0.7490587128061623,0.7518765820287479,0.7462408435835768,0.8104080233031514,,0.790518217596245
2024-11-13,2024-25,BKN,BOS,114,139,,,9.5,0,0.3325078881127128,0.3303578604992742,0.33465791572615144,0.2862741958009097,,0.21115472978709024
2024-11-13,2024-25,PHI,CLE,106,114,,,11.5,0,0.2988473676545448,0.2600210493679588,0.3376736859411308,0.3954256988538293,,0.16847015425964673
2024-11-13,2024-25,POR,MIN,106,98,,,10.5,1,0.2926817562656751,0.2875215020848424,0.2978420104465078,0.329038376077153,,0.18888924117694963
2024-11-13,2024-25,ORL,IND,94,90,,,-1.5,1,0.49096299285275324,0.5007131645653319,0.4812128211401746,0.6110105261636208,,0.5532803541656142
2024-11-13,2024-25,HOU,LAC,111,103,,,-4.5,1,0.5201934758413138,0.5432755640011009,0.49711138768152663,0.649220170659829,,0.6528811761685757
2024-11-13,2024-25,LAL,MEM,128,123,,,-7.5,1,0.6227506240636489,0.6200676345066015,0.6254336136206962,0.7294512948076093,,0.7406831670688772
2024-11-13,2024-25,OKC,NOP,106,88,,,-14.5,1,0.8226443321382708,0.8372578523750841,0.8080308119014576,0.8665685892118954,,0.8833327242620539
2024-11-14,2024-25,UTA,DAL,115,113,,,7.5,1,0.2229616167138609,0.19353428189828986,0.2523889515294319,0.2878104082687987,,0.26125623891201216
2024-11-15,2024-25,ATL,WAS,129,117,,,-9.5,1,0.7430024045345857,0.7403901924006997,0.7456146166684716,0.8014495310169888,,0.790518217596245
2024-11-15,2024-25,TOR,DET,95,99,,,2.5,0,0.49822886542497447,0.47821834178256956,0.5182393890673793,0.5699768848173016,,0.41505045389637707
2024-11-15,2024-25,CLE,CHI,144,126,,,-9.5,1,0.7609394119639445,0.774201170430033,0.747677653497856,0.8144481735418058,,0.790518217596245
2024-11-15,2024-25,OKC,PHX,99,83,,,-7.5,1,0.7024717156880689,0.7063212783619559,0.6986221530141817,0.7503518363570325,,0.7406831670688772
2024-11-15,2024-25,IND,MIA,111,124,,,-4.5,0,0.5918084962514353,0.5947488616624581,0.5888681308404125,0.6873753903645767,,0.6528811761685757
2024-11-15,2024-25,NOP,DEN,101,94,,,2.5,1,0.30982878072509035,0.2948549402133286,0.3248026212368521,0.3961166790337853,,0.41505045389637707
2024-11-15,2024-25,ORL,PHI,98,86,,,-2.5,1,0.6812234812768201,0.6832240771766057,0.6792228853770346,0.7617567733668072,,0.5873929722941529
2024-11-15,2024-25,NYK,BKN,124,122,,,-8.5,1,0.7232959678119628,0.7102517109425572,0.7363402246813684,0.7955156381358148,,0.7665240746293874
2024-11-15,2024-25,SAS,LAL,115,120,,,2.5,0,0.4794637995214578,0.4557842768787927,0.5031433221641228,0.5234891215030228,,0.41505045389637707
2024-11-15,2024-25,HOU,LAC,125,104,,,-4.5,1,0.533079726197633,0.5640638173302621,0.5020956350650038,0.6656424430658435,,0.6528811761685757
2024-11-15,2024-25,SAC,MIN,126,130,,,1.5,0,0.5294435260713166,0.5391869621101059,0.5197000900325274,0.6128643312428852,,0.4492105947756774
2024-11-15,2024-25,GSW,MEM,123,118,,,-6.5,1,0.7616247538587002,0.7496441243399586,0.7736053833774419,0.833438523057103,,0.7130528657723422
2024-11-16,2024-25,SAC,UTA,121,117,,,-7.5,1,0.7938579816061936,0.799506013952364,0.7882099492600232,0.8353742378098404,,0.7406831670688772
2024-11-16,2024-25,NOP,LAL,99,104,,,7.5,0,0.4949825856755802,0.44019152001634626,0.5497736513348142,0.5010113731829464,,0.26125623891201216
2024-11-16,2024-25,DAL,SAS,110,93,,,-13.5,1,0.7733020948645779,0.7918372012223792,0.7547669885067766,0.8109300449316157,,0.868197092052344
2024-11-16,2024-25,CHA,MIL,115,114,,,3.5,1,0.4785257906042274,0.4429849649682262,0.5140666162402286,0.5025227399102484,,0.3816878509294548
2024-11-16,2024-25,BOS,TOR,126,123,,,-16.5,1,0.9186391071201487,0.9311881409266476,0.90609007331365,0.942361162979431,,0.9091173794696449
2024-11-17,2024-25,CHI,HOU,107,143,,,4.5,0,0.4720465505307027,0.45315770170848363,0.4909353993529218,0.5086716973135565,,0.3494051226951947
2024-11-17,2024-25,WAS,DET,104,124,,,4.5,0,0.45415811557726443,0.4284157739579796,0.4799004571965493,0.5118446289096156,,0.3494051226951947
2024-11-17,2024-25,CLE,CHA,128,114,,,-10.5,1,0.8900078324481588,0.8846478157058097,0.895367849190508,0.877334315355361,,0.8126491965359115
2024-11-17,2024-25,OKC,DAL,119,121,,,-7.5,0,0.7197613135359456,0.7113589631439566,0.7281636639279346,0.7233354286723525,,0.7406831670688772
2024-11-17,2024-25,IND,MIA,119,110,,,-3.5,1,0.557302344478939,0.5507146092746563,0.5638900796832217,0.6429185111218017,,0.6206865291604615
2024-11-17,2024-25,NYK,BKN,114,104,,,-10.5,1,0.7229664454755127,0.710992590129029,0.7349403008219962,0.7988331084712716,,0.8126491965359115
2024-11-17,2024-25,MEM,DEN,105,90,,,-5.5,1,0.4063151359055702,0.38094839609643455,0.43168187571470584,0.4443665932151631,,0.6837356127682949
2024-11-17,2024-25,LAC,UTA,116,105,,,-9.5,1,0.7939996524131142,0.8121193695157888,0.7758799353104396,0.808511052498216,,0.790518217596245
2024-11-17,2024-25,MIN,PHX,120,117,,,-7.5,1,0.5912895198502714,0.6043211611099466,0.5782578785905964,0.6531107358001136,,0.7406831670688772
2024-11-17,2024-25,POR,ATL,114,110,,,4.5,1,0.4718650484343196,0.43468499715709674,0.5090450997115424,0.5491198788858385,,0.3494051226951947
2024-11-18,2024-25,DET,CHI,112,122,,,-4.5,0,0.5436975736307428,0.5583368606806565,0.529058286580829,0.5933332615357112,,0.6528811761685757
2024-11-18,2024-25,MIL,HOU,101,100,,,-3.5,1,0.5057795750377015,0.4758603934487036,0.5356987566266995,0.4958593462394797,,0.6206865291604615
2024-11-18,2024-25,LAC,GSW,102,99,,,5.5,1,0.38253841773608754,0.35925358456689604,0.405823250905279,0.4600859357033555,,0.31844658639079165
2024-11-18,2024-25,TOR,IND,130,119,,,2.5,1,0.3685343174275454,0.34524852218118685,0.3918201126739039,0.336802788863339,,0.41505045389637707
2024-11-18,2024-25,NYK,WAS,134,106,,,-14.5,1,0.8835854863773311,0.8879276081626003,0.879243364592062,0.9054730298025292,,0.8833327242620539
2024-11-18,2024-25,MIA,PHI,106,89,,,-2.5,1,0.6868922140847078,0.650754303233638,0.7230301249357776,0.751386959385995,,0.5873929722941529
2024-11-18,2024-25,SAC,ATL,108,109,,,-4.5,0,0.7666761620499756,0.7633494668045451,0.7700028572954061,0.7684114977068313,,0.6528811761685757
2024-11-18,2024-25,PHX,ORL,99,109,,,4.5,0,0.553027117872064,0.5629488842131856,0.5431053515309426,0.672289501832436,,0.3494051226951947
2024-11-19,2024-25,SAS,OKC,110,104,,,9.5,1,0.2746972982179094,0.2667407618199885,0.28265383461583027,0.3308167260321878,,0.21115472978709024
2024-11-19,2024-25,MEM,DEN,110,122,,,-5.5,0,0.43702684812011294,0.432444544380586,0.44160915185963995,0.4925782600896485,,0.6837356127682949
2024-11-19,2024-25,DAL,NOP,132,91,,,-12.5,1,0.7826974329583205,0.7952344510193269,0.7701604148973142,0.8285049127308105,,0.8514281304931971
2024-11-19,2024-25,LAL,UTA,124,118,,,-10.5,1,0.7980620140902033,0.7893293902141277,0.8067946379662789,0.8465763210300585,,0.8126491965359115
2024-11-19,2024-25,BOS,CLE,120,117,,,-6.5,1,0.6204996839279855,0.616558185426129,0.6244411824298419,0.7355367240518778,,0.7130528657723422
2024-11-19,2024-25,BKN,CHA,116,115,,,-1.5,1,0.654072933929961,0.6304025604036225,0.6777433074562995,0.6934931114470495,,0.5532803541656142
2024-11-20,2024-25,LAC,ORL,104,93,,,2.5,1,0.51326673741633,0.5142661331866992,0.5122673416459608,0.5933485814905062,,0.41505045389637707
2024-11-20,2024-25,MIL,CHI,122,106,,,-8.5,1,0.5711122279451479,0.5686143081584938,0.5736101477318021,0.6798782029860653,,0.7665240746293874
2024-11-20,2024-25,HOU,IND,130,113,,,-5.5,1,0.6430847626585107,0.6383136613423037,0.6478558639747176,0.7060237301174197,,0.6837356127682949
2024-11-20,2024-25,OKC,POR,109,99,,,-13.5,1,0.8700617679363312,0.8431445259146694,0.8969790099579931,0.8938153115765437,,0.868197092052344
2024-11-20,2024-25,MEM,PHI,117,111,,,4.5,1,0.6801711394802707,0.6281500070091763,0.732192271951365,0.6940955169050109,,0.3494051226951947
2024-11-20,2024-25,CLE,NOP,128,100,,,-14.5,1,0.8450938994318338,0.8499590475520008,0.8402287513116669,0.8435851166397984,,0.8833327242620539
2024-11-20,2024-25,PHX,NYK,122,138,,,4.5,0,0.4713757484791319,0.49384089792365166,0.44891059903461217,0.6111872318256852,,0.3494051226951947
2024-11-20,2024-25,GSW,ATL,120,97,,,-7.5,1,0.7859155201701707,0.7731305119911014,0.7987005283492401,0.8421154202956426,,0.7406831670688772
2024-11-21,2024-25,LAL,ORL,118,119,,,-5.5,0,0.5929314397328818,0.6392783254323083,0.5465845540334552,0.6520854383440366,,0.6837356127682949
2024-11-21,2024-25,CHA,DET,123,121,,,2.5,1,0.5282875369468408,0.520138744276052,0.5364363296176297,0.6269578946094393,,0.41505045389637707
2024-11-21,2024-25,SAS,UTA,126,118,,,-2.5,1,0.7318159353869422,0.7018053635012174,0.7618265072726671,0.7622630528942548,,0.5873929722941529
2024-11-21,2024-25,TOR,MIN,110,105,,,6.5,1,0.2628136480880821,0.23311728272801271,0.29251001344815153,0.3008804228670957,,0.2890125525275827
2024-11-22,2024-25,NOP,GSW,108,112,,,10.5,0,0.24643800812272365,0.2478136848778712,0.24506233136757608,0.3424337828717426,,0.18888924117694963
2024-11-22,2024-25,CHI,ATL,136,122,,,1.5,1,0.5669388208704086,0.5776917144110686,0.5561859273297486,0.6379884670071726,,0.4492105947756774
2024-11-22,2024-25,LAC,SAC,104,88,,,4.5,1,0.5316414296562655,0.5365167024904695,0.5267661568220616,0.6279475872245238,,0.3494051226951947
2024-11-22,2024-25,MIL,IND,129,117,,,-5.5,1,0.5210292620784464,0.5372874893650775,0.5047710347918152,0.6066425635550555,,0.6837356127682949
2024-11-22,2024-25,WAS,BOS,96,108,,,15.5,0,0.17034232981911696,0.10250288759665414,0.23818177204157978,0.1273437561640642,,0.10399830273116084
2024-11-22,2024-25,DEN,DAL,120,123,,,-4.5,0,0.49278358445223974,0.5061171979325004,0.47944997097197906,0.5966715331211746,,0.6528811761685757
2024-11-22,2024-25,HOU,POR,116,88,,,-11.5,1,0.8028352600620734,0.8022047195905585,0.8034658005335884,0.8473234780818212,,0.8329362310205675
2024-11-22,2024-25,PHI,BKN,113,98,,,-3.5,1,0.5156437034827657,0.5178768547166059,0.5134105522489255,0.6298090544315106,,0.6206865291604615
2024-11-23,2024-25,UTA,NYK,121,106,,,8.5,1,0.2741503584346031,0.2483416333842091,0.29995908348499717,0.3093148753862905,,0.23528346065663988
2024-11-23,2024-25,LAL,DEN,102,127,,,-4.5,0,0.5481749457985089,0.5830746855731657,0.5132752060238521,0.5933982856955909,,0.6528811761685757
2024-11-23,2024-25,CHI,MEM,131,142,,,4.5,0,0.5031713720681569,0.5043388932275131,0.5020038509088006,0.6107572378854231,,0.3494051226951947
2024-11-23,2024-25,MIL,CHA,125,119,,,-7.5,1,0.7091428515968575,0.6929347654852762,0.7253509377084388,0.7736343950700045,,0.7406831670688772
2024-11-23,2024-25,ORL,DET,111,100,,,-9.5,1,0.7520289125805482,0.7595673196347328,0.7444905055263634,0.8227248208213468,,0.790518217596245
2024-11-23,2024-25,HOU,POR,98,104,,,-12.5,0,0.8391791528631486,0.8438243051816504,0.8345340005446468,0.8553127051861177,,0.8514281304931971
2024-11-23,2024-25,SAS,GSW,104,94,,,3.5,1,0.40676657496874324,0.4064315908517252,0.4071015590857613,0.3826081763267798,,0.3816878509294548
2024-11-24,2024-25,IND,WAS,115,103,,,-12.5,1,0.8128882599571908,0.8280103026218336,0.797766217292548,0.8697134810096191,,0.8514281304931971
2024-11-24,2024-25,BOS,MIN,107,105,,,-8.5,1,0.7321501220181376,0.723213238586413,0.7410870054498622,0.7987567835141232,,0.7665240746293874
2024-11-24,2024-25,PHI,LAC,99,125,,,1.5,0,0.40368382351218524,0.3954407279047344,0.411926919119636,0.4811304744166147,,0.4492105947756774
2024-11-24,2024-25,CLE,TOR,122,108,,,-11.5,1,0.8766726863675499,0.88192052435463,0.8714248483804699,0.899950460464337,,0.8329362310205675
2024-11-24,2024-25,MIA,DAL,123,118,,,-2.5,1,0.426645283271249,0.3898707584928691,0.4634198080496289,0.4979691264585112,,0.5873929722941529
2024-11-24,2024-25,SAC,BKN,103,108,,,-10.5,0,0.7128623946281412,0.7006008496551274,0.725123939601155,0.773632380006085,,0.8126491965359115
2024-11-25,2024-25,IND,NOP,114,110,,,-7.5,1,0.6825049458574517,0.6720848699321422,0.692925021782761,0.7393836177543295,,0.7406831670688772
2024-11-25,2024-25,MEM,POR,123,98,,,-10.5,1,0.7298073868700643,0.709612917814613,0.7500018559255156,0.7487670645912924,,0.8126491965359115
2024-11-25,2024-25,DEN,NYK,118,145,,,-2.5,0,0.59314910523843,0.5920838811199279,0.5942143293569321,0.6905222464047026,,0.5873929722941529
2024-11-25,2024-25,SAC,OKC,109,130,,,3.5,0,0.35287106611196184,0.3374245337188146,0.3683175985051091,0.4439206182701337,,0.3816878509294548
2024-11-25,2024-25,ATL,DAL,119,129,,,-2.5,0,0.35955169817631183,0.34768843305694047,0.37141496329568313,0.3714997410582335,,0.5873929722941529
2024-11-25,2024-25,BOS,LAC,126,94,,,-10.5,1,0.7709619632759883,0.7710692180433566,0.7708547085086199,0.8122068450398939,,0.8126491965359115
2024-11-25,2024-25,GSW,BKN,120,128,,,-13.5,0,0.8120826519735047,0.8148068898253183,0.8093584141216912,0.8503075438465513,,0.868197092052344
2024-11-25,2024-25,DET,TOR,102,100,,,-4.5,1,0.6714055866603917,0.704261097965841,0.6385500753549425,0.6839605393839343,,0.6528811761685757
2024-11-25,2024-25,CHA,ORL,84,95,,,4.5,0,0.3138601756365925,0.2888620412850482,0.3388583099881368,0.3925615929907428,,0.3494051226951947
2024-11-26,2024-25,PHX,LAL,127,100,,,-2.5,1,0.5588001079543243,0.5604278483682379,0.5571723675404108,0.6492817870822836,,0.5873929722941529
2024-11-26,2024-25,UTA,SAS,115,128,,,1.5,0,0.4573197839881983,0.43259439660573135,0.48204517137066516,0.4965609319997421,,0.4492105947756774
2024-11-26,2024-25,WAS,CHI,108,127,,,5.5,0,0.311625904990091,0.2897196590066009,0.3335321509735812,0.4080370861009802,,0.31844658639079165
2024-11-26,2024-25,MIA,MIL,103,106,,,-5.5,0,0.569404652828305,0.5868135206159123,0.5519957850406978,0.687023436102505,,0.6837356127682949
2024-11-26,2024-25,MIN,HOU,111,117,,,-2.5,0,0.5817167656009264,0.5735922251255726,0.5898413060762803,0.640127189309428,,0.5873929722941529
2024-11-27,2024-25,CLE,ATL,124,135,,,-9.5,0,0.8256337949763995,0.8286635380675103,0.8226040518852888,0.8558924648917822,,0.790518217596245
2024-11-27,2024-25,GSW,OKC,101,105,,,4.5,0,0.43224654614244185,0.44127942362865724,0.42321366865622645,0.5589156566071873,,0.3494051226951947
2024-11-27,2024-25,SAS,LAL,101,119,,,1.5,0,0.5482681347335734,0.5716715964371837,0.524864673029963,0.6041302638588743,,0.4492105947756774
2024-11-27,2024-25,NOP,TOR,93,119,,,-0.5,0,0.6383829883610351,0.6358310406453119,0.6409349360767583,0.7334816184574573,,0.5186585439800319
2024-11-27,2024-25,MEM,DET,131,111,,,-7.5,1,0.7250164720947324,0.7155924895875468,0.734440454601918,0.7669638614347181,,0.7406831670688772
2024-11-27,2024-25,ORL,CHI,133,119,,,-9.5,1,0.7615666878504539,0.7627893418294894,0.7603440338714185,0.7771220640385909,,0.790518217596245
2024-11-27,2024-25,WAS,LAC,96,121,,,9.5,0,0.21796586438336885,0.17399443842180887,0.2619372903449288,0.2483308407134064,,0.21115472978709024
2024-11-27,2024-25,UTA,DEN,103,122,,,10.5,0,0.28483589791582575,0.26417750264248746,0.305494293189164,0.339887456677207,,0.18888924117694963
2024-11-27,2024-25,MIN,SAC,104,115,,,-2.5,0,0.6134502587343735,0.5958035577622279,0.6310969597065191,0.7110555785387381,,0.5873929722941529
2024-11-27,2024-25,CHA,MIA,94,98,,,4.5,0,0.4253096994743114,0.42663739450221266,0.42398200444641015,0.4198777217726833,,0.3494051226951947
2024-11-27,2024-25,DAL,NYK,129,114,,,4.5,1,0.5437815497669453,0.5796890734814605,0.50787402605243,0.6817720287001218,,0.3494051226951947
2024-11-27,2024-25,PHI,HOU,115,122,,,5.5,0,0.39057136017709426,0.40078401688985116,0.3803587034643374,0.4017261334989596,,0.31844658639079165
2024-11-27,2024-25,IND,POR,121,114,,,-9.5,1,0.7565951198770419,0.7309453070852816,0.7822449326688021,0.7839415925371974,,0.790518217596245
2024-11-27,2024-25,PHX,BKN,117,127,,,-9.5,0,0.6567928452936131,0.6403328172252721,0.6732528733619543,0.7632100128741354,,0.790518217596245
2024-11-29,2024-25,BKN,ORL,100,123,,,7.5,0,0.4305990696788236,0.43261406369260547,0.42858407566504175,0.4930613085054429,,0.26125623891201216
2024-11-29,2024-25,MEM,NOP,120,109,,,-11.5,1,0.7543547429922579,0.7676637191176695,0.7410457668668463,0.7690396805337402,,0.8329362310205675
2024-11-29,2024-25,CHA,NYK,98,99,,,12.5,0,0.2638724339239992,0.24758188971606865,0.28016297813192964,0.3328389044143584,,0.149850591223406
2024-11-29,2024-25,MIN,LAC,93,92,,,-5.5,1,0.4985420897433542,0.5171837222901591,0.4799004571965493,0.6200269945402501,,0.6837356127682949
2024-11-29,2024-25,LAL,OKC,93,101,,,2.5,0,0.3596716119709523,0.36135595655617214,0.35798726738573255,0.4363496076028893,,0.41505045389637707
2024-11-29,2024-25,POR,SAC,115,106,,,7.5,1,0.3834064960793293,0.33452377718997184,0.4322892149686867,0.4436443155980777,,0.26125623891201216
2024-11-29,2024-25,IND,DET,106,130,,,-4.5,0,0.7328978411494091,0.7345180615264126,0.7312776207724058,0.7931514603761737,,0.6528811761685757
2024-11-29,2024-25,ATL,CLE,117,101,,,5.5,1,0.3159890583210292,0.3103187124561991,0.3216594041858593,0.4086395197755219,,0.31844658639079165
2024-11-29,2024-25,MIA,TOR,121,111,,,-8.5,1,0.7480680936187785,0.7527655297676432,0.7433706574699136,0.814735675856503,,0.7665240746293874
2024-11-29,2024-25,CHI,BOS,129,138,,,11.5,0,0.25445501247539026,0.24460778524894494,0.26430223970183564,0.2619767133037541,,0.16847015425964673
2024-11-30,2024-25,MIL,WAS,124,114,,,-14.5,1,0.868657088484187,0.8526067088218245,0.8847074681465494,0.8861835124448418,,0.8833327242620539
2024-11-30,2024-25,UTA,DAL,94,106,,,5.5,0,0.20584033940534113,0.20950590859830906,0.2021747702123732,0.2579540992025675,,0.31844658639079165
2024-11-30,2024-25,CHA,ATL,104,107,,,5.5,0,0.4777342225807327,0.46955525286903566,0.4859131922924298,0.4987454002846675,,0.31844658639079165
2024-11-30,2024-25,PHX,GSW,113,105,,,-0.5,1,0.47763560468800537,0.46910649792474535,0.4861647114512654,0.5400225043631638,,0.5186585439800319
2024-11-30,2024-25,DET,PHI,96,111,,,-0.5,0,0.5910590530021058,0.567025421328813,0.6150926846753987,0.6481345843893853,,0.5186585439800319
2024-12-01,2024-25,TOR,MIA,119,116,,,4.5,1,0.3674151992422759,0.3483515965997881,0.3864788018847637,0.4087563708633274,,0.3494051226951947
2024-12-01,2024-25,NYK,NOP,118,85,,,-12.5,1,0.8308919266279333,0.8454770842370277,0.8163067690188388,0.852800469187271,,0.8514281304931971
2024-12-01,2024-25,BKN,ORL,92,100,,,6.5,0,0.4000471102550127,0.38453056150959436,0.4155636590004311,0.4459574692917935,,0.2890125525275827
2024-12-01,2024-25,UTA,LAL,104,105,,,5.5,0,0.35592205287651024,0.30691501675151306,0.40492908900150737,0.3917492682530456,,0.31844658639079165
2024-12-01,2024-25,CLE,BOS,115,111,,,-1.5,1,0.41201754402804147,0.40893847521308674,0.41509661284299626,0.452523713758166,,0.5532803541656142
2024-12-01,2024-25,MEM,IND,136,121,,,-5.5,1,0.6185882659388652,0.6204628749945195,0.6167136568832109,0.6728583568570643,,0.6837356127682949
2024-12-01,2024-25,SAC,SAS,125,127,,,-6.5,0,0.6032457876398238,0.6291027142659298,0.5773888610137179,0.6891734572202931,,0.7130528657723422
2024-12-01,2024-25,POR,DAL,131,137,,,5.5,0,0.29982167685334327,0.2789741054387861,0.32066924826790044,0.2977686256759219,,0.31844658639079165
2024-12-01,2024-25,HOU,OKC,119,116,,,1.5,1,0.47696120336033543,0.414529398873112,0.5393930078475588,0.502988265194157,,0.4492105947756774
2024-12-01,2024-25,LAC,DEN,126,122,,,2.5,1,0.4872718269832409,0.49997767428093465,0.47456597968554715,0.59713155272299,,0.41505045389637707
2024-12-02,2024-25,MIN,LAL,109,80,,,-7.5,1,0.6070356767492899,0.6280001736535036,0.5860711798450764,0.6648305507307609,,0.7406831670688772
2024-12-02,2024-25,ATL,NOP,124,112,,,-9.5,1,0.7713271919028892,0.7907591736494543,0.7518952101563241,0.7509872325643564,,0.790518217596245
2024-12-02,2024-25,BOS,MIA,108,89,,,-9.5,1,0.8164866666968683,0.8278069193982778,0.8051664139954589,0.8402902752435863,,0.790518217596245
2024-12-02,2024-25,CHI,BKN,128,102,,,-7.5,1,0.6237928832306208,0.632439261173547,0.6151465052876947,0.6359893002434025,,0.7406831670688772
2024-12-03,2024-25,CLE,WAS,118,87,,,-15.5,1,0.9070010500544008,0.912494068552846,0.9015080315559557,0.9304732506726764,,0.8969365809385075
2024-12-03,2024-25,LAC,POR,127,105,,,-8.5,1,0.7551298967971616,0.758160164416982,0.7520996291773412,0.8269060657036325,,0.7665240746293874
2024-12-03,2024-25,NYK,ORL,121,106,,,-5.5,1,0.5760222445577802,0.5733328129111614,0.5787116762043989,0.6457741970004556,,0.6837356127682949
2024-12-03,2024-25,DAL,MEM,121,116,,,-4.5,1,0.7244743580477266,0.7201719649451015,0.7287767511503519,0.7933886184806175,,0.6528811761685757
2024-12-03,2024-25,OKC,UTA,133,106,,,-13.5,1,0.8642640203288758,0.8848867137668242,0.8436413268909275,0.9231497233534072,,0.868197092052344
2024-12-03,2024-25,SAC,HOU,120,111,,,-1.5,1,0.5016920968937522,0.4740291663351138,0.5293550274523904,0.51318973980192,,0.5532803541656142
2024-12-03,2024-25,DEN,GSW,119,115,,,-4.5,1,0.5798266445795902,0.567842056499315,0.5918112326598655,0.6220372245354963,,0.6528811761685757
2024-12-03,2024-25,DET,MIL,107,128,,,2.5,0,0.40600239636460933,0.3911787188161872,0.4208260739130314,0.4769863086500602,,0.41505045389637707
2024-12-03,2024-25,CHA,PHI,104,110,,,4.5,0,0.496413889917428,0.5000797827879041,0.49274799704695194,0.5537761740096117,,0.3494051226951947
2024-12-03,2024-25,TOR,IND,122,111,,,3.5,1,0.47820452647008965,0.416351524030817,0.5400575289093623,0.5146524037074235,,0.3816878509294548
2024-12-03,2024-25,PHX,SAS,104,93,,,-6.5,1,0.6377718388337437,0.6365891640332986,0.6389545136341889,0.720577541477363,,0.7130528657723422
2024-12-04,2024-25,LAC,MIN,80,108,,,4.5,0,0.5850946383820483,0.5808486440025289,0.5893406327615677,0.6469194201228163,,0.3494051226951947
2024-12-04,2024-25,BOS,DET,130,120,,,-12.5,1,0.905831849998456,0.9202018434391716,0.8914618565577405,0.9275610570963068,,0.8514281304931971
2024-12-04,2024-25,PHI,ORL,102,106,,,6.5,0,0.3521598610526828,0.35743771886623765,0.34688200323912793,0.4257329509151812,,0.2890125525275827
2024-12-04,2024-25,MIA,LAL,134,93,,,-3.5,1,0.5545543744240946,0.5694063854336924,0.5397023634144967,0.6538486114458225,,0.6206865291604615
2024-12-04,2024-25,BKN,IND,99,90,,,2.5,1,0.5620856105881671,0.5899877108656271,0.5341835103107072,0.5955332599305703,,0.41505045389637707
2024-12-04,2024-25,MIL,ATL,104,119,,,-4.5,0,0.6517376250442903,0.6213801886831093,0.6820950614054714,0.70065534824141,,0.6528811761685757
2024-12-05,2024-25,TOR,OKC,92,129,,,10.5,0,0.22114971421625967,0.2139912984481723,0.22830812998434702,0.2520761172343239,,0.18888924117694963
2024-12-05,2024-25,GSW,HOU,99,93,,,3.5,1,0.5518327906592706,0.5551964440375421,0.5484691372809991,0.6518347898203887,,0.3816878509294548
2024-12-05,2024-25,WAS,DAL,101,137,,,13.5,0,0.1474935068984618,0.11141818678227901,0.18356882701464458,0.1494942579203565,,0.132959841458717
2024-12-05,2024-25,MEM,SAC,115,110,,,-2.5,1,0.5930512750958987,0.5852012935195753,0.6009012566722222,0.6377064447138107,,0.5873929722941529
2024-12-05,2024-25,NOP,PHX,126,124,,,1.5,1,0.323405807931347,0.2819662330848615,0.36484538277783246,0.3963970942997663,,0.4492105947756774
2024-12-05,2024-25,CLE,DEN,126,114,,,-3.5,1,0.6051044583803841,0.6182143445405602,0.5919945722202079,0.6598724462478729,,0.6206865291604615
2024-12-05,2024-25,SAS,CHI,124,139,,,-1.5,0,0.5433496627745442,0.5446287036178068,0.5420706219312816,0.6656667330977482,,0.5532803541656142
2024-12-05,2024-25,NYK,CHA,125,101,,,-14.5,1,0.8698420255496833,0.8453933488370288,0.8942907022623379,0.884779586906217,,0.8833327242620539
2024-12-06,2024-25,CHI,IND,123,132,,,3.5,0,0.5877811440969585,0.5831809325877244,0.5923813556061925,0.6651407381026819,,0.3816878509294548
2024-12-06,2024-25,PHI,ORL,102,94,,,2.5,1,0.31854789927434857,0.3069720985171748,0.3301237000315223,0.4122775429834613,,0.41505045389637707
2024-12-06,2024-25,BOS,MIL,111,105,,,-8.5,1,0.7897744859880974,0.805229256372281,0.7743197156039138,0.8619316753310278,,0.7665240746293874
2024-12-06,2024-25,POR,UTA,99,141,,,-3.5,0,0.6159016961067112,0.6104304687731602,0.6213729234402621,0.6916870842550858,,0.6206865291604615
2024-12-06,2024-25,ATL,LAL,134,132,,,-3.5,1,0.5829139765327276,0.6001315021596708,0.5656964509057844,0.6415511091795155,,0.6206865291604615
2024-12-06,2024-25,GSW,MIN,90,107,,,1.5,0,0.5300386651356179,0.5244466813083828,0.535630648962853,0.6505869912277492,,0.4492105947756774
2024-12-06,2024-25,SAS,SAC,113,140,,,6.5,0,0.511315683045557,0.5027211649789096,0.5199102011122044,0.5661575656488326,,0.2890125525275827
2024-12-07,2024-25,MIA,PHX,121,111,,,-5.5,1,0.5721375969939739,0.5598114010337255,0.5844637929542225,0.6441055223403512,,0.6837356127682949
2024-12-07,2024-25,TOR,DAL,118,125,,,7.5,0,0.24131604751575703,0.2192001471875741,0.2634319478439399,0.2694145690699153,,0.26125623891201216
2024-12-07,2024-25,BOS,MEM,121,127,,,-7.5,0,0.7489613332495049,0.7549272298277713,0.7429954366712384,0.8561718569650291,,0.7406831670688772
2024-12-07,2024-25,NOP,OKC,109,119,,,7.5,0,0.1856170634111839,0.15451308563156266,0.21672104119080515,0.2298596036655204,,0.26125623891201216
2024-12-07,2024-25,WAS,DEN,122,113,,,11.5,1,0.19567594740857736,0.1558369176936012,0.23551497712355351,0.2024371077462727,,0.16847015425964673
2024-12-07,2024-25,CHA,CLE,102,116,,,13.5,0,0.2943966517052085,0.23522334724075925,0.3535699561696578,0.2827834040945163,,0.132959841458717
2024-12-07,2024-25,NYK,DET,111,120,,,-8.5,0,0.852343292493237,0.8324578336726355,0.8722287513138385,0.8711345856728284,,0.7665240746293874
2024-12-08,2024-25,LAC,HOU,106,117,,,3.5,0,0.5445480630726316,0.542830022199204,0.5462661039460591,0.5893961791184412,,0.3816878509294548
2024-12-08,2024-25,IND,CHA,109,113,,,-11.5,0,0.7562890752491331,0.7680088823057681,0.744569268192498,0.781169073820401,,0.8329362310205675
2024-12-08,2024-25,ATL,DEN,111,141,,,-0.5,0,0.5584132007734135,0.5669184389009811,0.5499079626458458,0.55981878642386,,0.5186585439800319
2024-12-08,2024-25,BKN,MIL,113,118,,,6.5,0,0.48085119200437865,0.46634249455781035,0.49535988945094694,0.5440043976001947,,0.2890125525275827
2024-12-08,2024-25,GSW,MIN,114,106,,,-1.5,1,0.48197516640045285,0.4943423487011716,0.4696079840997341,0.5988763932601855,,0.5532803541656142
2024-12-08,2024-25,SAC,UTA,141,97,,,-10.5,1,0.7010836140584633,0.7394085678562243,0.6627586602607023,0.8035121059804572,,0.8126491965359115
2024-12-08,2024-25,SAS,NOP,121,116,,,-6.5,1,0.7071235582538518,0.7196778178492113,0.6945692986584923,0.707720197462278,,0.7130528657723422
2024-12-08,2024-25,WAS,MEM,112,140,,,10.5,0,0.2356705460639127,0.20420109762421187,0.2671399945036135,0.2749769115274293,,0.18888924117694963
2024-12-08,2024-25,MIA,CLE,122,113,,,2.5,1,0.48029464068059724,0.47673211637682006,0.4838571649843745,0.5498564275560248,,0.41505045389637707
2024-12-08,2024-25,LAL,POR,107,98,,,-7.5,1,0.7295325288280075,0.7182493022939717,0.7408157553620431,0.8062484477616574,,0.7406831670688772
2024-12-08,2024-25,ORL,PHX,115,110,,,-1.5,1,0.716120941705298,0.7141012841937671,0.718140599216829,0.6939823790979678,,0.5532803541656142
2024-12-08,2024-25,CHI,PHI,100,108,,,3.5,0,0.6199093346774833,0.6493491965704222,0.5904694727845443,0.6637484431753314,,0.3816878509294548
2024-12-09,2024-25,TOR,NYK,108,113,,,7.5,0,0.2783468879672608,0.26740227549526724,0.2892915004392544,0.3449556419667782,,0.26125623891201216
2024-12-10,2024-25,OKC,DAL,118,104,,,-4.5,1,0.6261201962765355,0.6201218339835363,0.6321185585695348,0.6870679307205976,,0.6528811761685757
2024-12-10,2024-25,MIL,ORL,114,109,,,-8.5,1,0.45705794394410126,0.45420066249771485,0.45991522539048774,0.5442080756908803,,0.7665240746293874
2024-12-11,2024-25,HOU,GSW,91,90,,,-3.5,1,0.5774153653072853,0.5858606115634903,0.5689701190510803,0.6462579384587831,,0.6206865291604615
2024-12-11,2024-25,NYK,ATL,100,108,,,-8.5,0,0.7362917439133447,0.730639805924612,0.7419436819020776,0.7767392378747949,,0.7665240746293874
2024-12-12,2024-25,BOS,DET,123,99,,,-11.5,1,0.8693616344589155,0.8620312025959069,0.8766920663219239,0.9139140658481492,,0.8329362310205675
2024-12-12,2024-25,MIA,TOR,114,104,,,-10.5,1,0.7778074100659609,0.7692239518378005,0.7863908682941213,0.8390377916966166,,0.8126491965359115
2024-12-12,2024-25,NOP,SAC,109,111,,,6.5,0,0.30669364487522066,0.293170648531917,0.3202166412185243,0.4067888482725432,,0.2890125525275827
2024-12-13,2024-25,POR,SAS,116,118,,,3.5,0,0.4468788208562817,0.4332332547511312,0.4605243869614323,0.5086552312753038,,0.3816878509294548
2024-12-13,2024-25,DEN,LAC,120,98,,,-7.5,1,0.643554490411012,0.6279773672361253,0.6591316135858988,0.7088743640669815,,0.7406831670688772
2024-12-13,2024-25,MIN,LAL,97,87,,,-8.5,1,0.7265874670775467,0.7153376899527994,0.737837244202294,0.7648303800851872,,0.7665240746293874
2024-12-13,2024-25,MEM,BKN,135,119,,,-9.5,1,0.7399268635893985,0.725389888700766,0.7544638384780309,0.7739742626357938,,0.790518217596245
2024-12-13,2024-25,PHI,IND,107,121,,,-6.5,0,0.5359828346786211,0.5298699438735274,0.5420957254837148,0.6373463949557945,,0.7130528657723422
2024-12-13,2024-25,CHI,CHA,109,95,,,-5.5,1,0.7141495354246276,0.6990376272593692,0.7292614435898859,0.7499504918205186,,0.6837356127682949
2024-12-13,2024-25,UTA,PHX,126,134,,,6.5,0,0.3436360117860801,0.33738234552083585,0.34988967805132437,0.4210749595918099,,0.2890125525275827
2024-12-13,2024-25,CLE,WAS,115,105,,,-17.5,1,0.9043129506328882,0.9150210022007286,0.8936048990650477,0.9316694724685414,,0.919986984880304
2024-12-15,2024-25,IND,NOP,119,104,,,-7.5,1,0.7419185369621504,0.7518500988369993,0.7319869750873016,0.7588879376714167,,0.7406831670688772
2024-12-15,2024-25,PHX,POR,116,109,,,-11.5,1,0.8008027262543712,0.8123871272698426,0.7892183252388998,0.8487130281944685,,0.8329362310205675
2024-12-15,2024-25,ORL,NYK,91,100,,,4.5,0,0.6093288672928068,0.5923505044401824,0.626307230145431,0.6337397182209503,,0.3494051226951947
2024-12-15,2024-25,LAL,MEM,116,110,,,2.5,1,0.4160545440778776,0.3808374209628575,0.45127166719289774,0.5637621123003722,,0.41505045389637707
2024-12-15,2024-25,WAS,BOS,98,112,,,17.5,0,0.16147101883418752,0.08739996721215308,0.23554207045622197,0.1120601986803968,,0.08075763540441075
2024-12-15,2024-25,SAS,MIN,92,106,,,4.5,0,0.3724715898949566,0.37224912191126697,0.37269405787864623,0.4071780757868767,,0.3494051226951947
2024-12-15,2024-25,GSW,DAL,133,143,,,-1.5,0,0.438661042928743,0.43594880184468937,0.4413732840127966,0.5449967009833094,,0.5532803541656142
2024-12-16,2024-25,CHA,PHI,108,121,,,2.5,0,0.456738101690097,0.4445098453932447,0.46896635798694924,0.5190504683193712,,0.41505045389637707
2024-12-16,2024-25,SAC,DEN,129,130,,,-1.5,0,0.521898713087892,0.52060180240371,0.5231956237720741,0.5728424643571163,,0.5532803541656142
2024-12-16,2024-25,BKN,CLE,101,130,,,10.5,0,0.33511161817415674,0.33530830793775174,0.33491492841056175,0.3768604451502907,,0.18888924117694963
2024-12-16,2024-25,LAC,UTA,144,107,,,-7.5,1,0.7365628146500429,0.7556259329160337,0.7174996963840522,0.8085514021670743,,0.7406831670688772
2024-12-16,2024-25,DET,MIA,125,124,,,4.5,1,0.34797488471753346,0.3619410783913065,0.3340086910437604,0.4046533244102643,,0.3494051226951947
2024-12-16,2024-25,TOR,CHI,121,122,,,1.5,0,0.4800094899686171,0.4257481436162478,0.5342708363209864,0.5291015285049566,,0.4492105947756774
2024-12-19,2024-25,TOR,BKN,94,101,,,-2.5,0,0.5292144383270998,0.5036198574116847,0.5548090192425148,0.5851366049265971,,0.5873929722941529
2024-12-19,2024-25,BOS,CHI,108,117,,,-14.5,0,0.8412552078417377,0.8220716928790914,0.8604387228043838,0.8878516263834606,,0.8833327242620539
2024-12-19,2024-25,SAC,LAL,100,113,,,-4.5,0,0.6880043415672934,0.6971755976304204,0.6788330855041665,0.6912725549655709,,0.6528811761685757
2024-12-19,2024-25,HOU,NOP,133,113,,,-9.5,1,0.7918538656998828,0.8200745665315055,0.7636331648682603,0.8650460743116423,,0.790518217596245
2024-12-19,2024-25,MEM,GSW,144,93,,,-1.5,1,0.5726761428440059,0.5867020194932717,0.5586502661947401,0.5966732704821398,,0.5532803541656142
2024-12-19,2024-25,PHX,IND,111,120,,,-6.5,0,0.6487188464592479,0.6383712430158393,0.6590664499026565,0.718767108278728,,0.7130528657723422
2024-12-19,2024-25,ORL,OKC,99,105,,,6.5,0,0.39028591694750625,0.39718956403525435,0.3833822698597582,0.4709150071892557,,0.2890125525275827
2024-12-19,2024-25,MIN,NYK,107,133,,,-3.5,0,0.5210707677988486,0.5626974424409801,0.47944409315671727,0.6712766105477043,,0.6206865291604615
2024-12-19,2024-25,POR,DEN,126,124,,,8.5,1,0.2821156844485707,0.23698955391344445,0.327241814983697,0.2827322897960159,,0.23528346065663988
2024-12-19,2024-25,WAS,CHA,123,114,,,3.5,1,0.4637013013995315,0.4103516167347742,0.5170509860642887,0.5206269259912215,,0.3816878509294548
2024-12-19,2024-25,SAS,ATL,133,126,,,-1.5,1,0.47953015315070346,0.46153955488152615,0.4975207514198807,0.5627906798695206,,0.5532803541656142
2024-12-19,2024-25,DAL,LAC,95,118,,,-1.5,0,0.7127524485460008,0.7042394508257299,0.7212654462662719,0.7948655083251104,,0.5532803541656142
2024-12-19,2024-25,DET,UTA,119,126,,,-4.5,0,0.6284795855544286,0.6362826005563041,0.6206765705525531,0.6954145379045958,,0.6528811761685757
2024-12-20,2024-25,PHI,CHA,108,98,,,-13.5,1,0.7432782182635929,0.7652367600367004,0.7213196764904853,0.7806850330126773,,0.868197092052344
2024-12-20,2024-25,MIA,OKC,97,104,,,1.5,0,0.4476090624885941,0.44746589433137,0.44775223064581815,0.4571994656625796,,0.4492105947756774
2024-12-20,2024-25,CLE,MIL,124,101,,,-8.5,1,0.639060371915004,0.6473754601102466,0.6307452837197614,0.7284126614708061,,0.7665240746293874
2024-12-21,2024-25,MIL,WAS,112,101,,,-8.5,1,0.873534572924895,0.8569344702604726,0.8901346755893174,0.8998825745568133,,0.7665240746293874
2024-12-21,2024-25,DAL,LAC,113,97,,,-3.5,1,0.642093376621451,0.6347902335001232,0.6493965197427789,0.7278364336570053,,0.6206865291604615
2024-12-21,2024-25,MIN,GSW,103,113,,,-4.5,0,0.6354028744750556,0.6143024459691429,0.6565033029809684,0.694447087209688,,0.6528811761685757
2024-12-21,2024-25,CLE,PHI,126,99,,,-9.5,1,0.8177719206142904,0.7982910052073673,0.8372528360212135,0.8345307976414964,,0.790518217596245
2024-12-21,2024-25,ATL,MEM,112,128,,,1.5,0,0.4435200776949154,0.4163036240438907,0.4707365313459401,0.5180903690339971,,0.4492105947756774
2024-12-21,2024-25,ORL,MIA,121,114,,,-1.5,1,0.6079680472339497,0.6607853465155809,0.5551507479523187,0.6443793028639094,,0.5532803541656142
2024-12-21,2024-25,SAS,POR,114,94,,,-6.5,1,0.6851939369571414,0.6764274409594452,0.6939604329548377,0.7544623134844312,,0.7130528657723422
2024-12-21,2024-25,PHX,DET,125,133,,,-5.5,0,0.7240895692681917,0.731650116245063,0.7165290222913203,0.7934444879180488,,0.6837356127682949
2024-12-21,2024-25,NOP,NYK,93,104,,,8.5,0,0.25716166434327625,0.22266098064114687,0.2916623480454057,0.2885202708898126,,0.23528346065663988
2024-12-21,2024-25,SAC,LAL,99,103,,,-3.5,0,0.6282386970142293,0.6401509831376988,0.6163264108907597,0.6467066199821022,,0.6206865291604615
2024-12-21,2024-25,CHI,BOS,98,123,,,12.5,0,0.31010241600849203,0.31320626877142066,0.3069985632455634,0.3392626646216706,,0.149850591223406
2024-12-21,2024-25,BKN,UTA,94,105,,,-1.5,0,0.6260217724669099,0.6319541657653376,0.6200893791684824,0.6985009169846941,,0.5532803541656142
2024-12-22,2024-25,SAC,IND,95,122,,,-3.5,0,0.5705171849106387,0.5547547954987077,0.5862795743225698,0.6691733504910661,,0.6206865291604615
2024-12-22,2024-25,NOP,DEN,129,132,,,8.5,0,0.24538100919231337,0.22594206670609515,0.26481995167853156,0.3183936962692959,,0.23528346065663988
2024-12-22,2024-25,TOR,HOU,110,114,,,8.5,0,0.29959867745373414,0.29136135183474615,0.30783600307272213,0.3169907147303444,,0.23528346065663988
2024-12-23,2024-25,OKC,WAS,123,105,,,-17.5,1,0.9201545240210243,0.9393683749439649,0.9009406730980838,0.9563462488311518,,0.919986984880304
2024-12-23,2024-25,ATL,MIN,117,104,,,3.5,1,0.48484052433064884,0.4638721702175245,0.5058088784437731,0.4898915136741891,,0.3816878509294548
2024-12-23,2024-25,DEN,PHX,117,90,,,-4.5,1,0.6485298813592215,0.6324717417280582,0.6645880209903849,0.7412724169815443,,0.6528811761685757
2024-12-23,2024-25,GSW,IND,105,111,,,-5.5,0,0.6569690368334129,0.6318434205879903,0.6820946530788357,0.6934815514267054,,0.6837356127682949
2024-12-23,2024-25,MEM,LAC,110,114,,,-6.5,0,0.6321100789937839,0.6270285884993915,0.6371915694881763,0.6772179439545282,,0.7130528657723422
2024-12-23,2024-25,PHI,SAS,111,106,,,-5.5,1,0.5794064264909223,0.5902864422353323,0.5685264107465123,0.6388786113954765,,0.6837356127682949
2024-12-23,2024-25,LAL,DET,114,117,,,-6.5,0,0.640012137095221,0.6422774627712642,0.6377468114191778,0.7780409897992601,,0.7130528657723422
2024-12-23,2024-25,CHA,HOU,101,114,,,6.5,0,0.31142996682733604,0.30837613740224196,0.31448379625243006,0.2705753018240271,,0.2890125525275827
2024-12-23,2024-25,CHI,MIL,91,112,,,-2.5,0,0.47418866449567515,0.4667094189555274,0.4816679100358229,0.5313283914525815,,0.5873929722941529
2024-12-23,2024-25,ORL,BOS,108,104,,,7.5,1,0.41880313647176143,0.4125252240524379,0.42508104889108494,0.4382394008469321,,0.26125623891201216
2024-12-23,2024-25,DAL,POR,132,108,,,-12.5,1,0.874518521965641,0.8656952778494147,0.8833417660818672,0.9095147229917104,,0.8514281304931971
2024-12-23,2024-25,MIA,BKN,110,95,,,-9.5,1,0.7437464690821339,0.7466771828022247,0.7408157553620431,0.803216201752114,,0.790518217596245
2024-12-23,2024-25,NYK,TOR,139,125,,,-13.5,1,0.8902777436339298,0.8766345408819599,0.9039209463858997,0.8929795714908553,,0.868197092052344
2024-12-23,2024-25,CLE,UTA,124,113,,,-14.5,1,0.8672221520337804,0.8485699271729135,0.8858743768946472,0.8828831109505662,,0.8833327242620539
2024-12-25,2024-25,NYK,SAS,117,114,,,-8.5,1,0.7928753031302107,0.7976740200304508,0.7880765862299707,0.8369614774600965,,0.7665240746293874
2024-12-25,2024-25,DAL,MIN,99,105,,,-5.5,0,0.6681086123334385,0.6788567828297758,0.6573604418371013,0.7388358654250238,,0.6837356127682949
2024-12-25,2024-25,PHX,DEN,110,100,,,2.5,1,0.4583453841616829,0.4344492081601197,0.48224156016324604,0.4963766974136764,,0.41505045389637707
2024-12-25,2024-25,GSW,LAL,113,115,,,-4.5,0,0.6119687713959413,0.6335960990464057,0.5903414437454769,0.6840360196903515,,0.6528811761685757
2024-12-25,2024-25,BOS,PHI,114,118,,,-9.5,0,0.8396633726060321,0.8138177850207059,0.8655089601913584,0.879598979259525,,0.790518217596245
2024-12-26,2024-25,WAS,CHA,113,110,,,4.5,1,0.4716035922604116,0.4661370143770526,0.47707017014377057,0.5590004790321985,,0.3494051226951947
2024-12-26,2024-25,ORL,MIA,88,89,,,1.5,0,0.5576013180015201,0.5969524709173342,0.5182501650857061,0.6641801970476441,,0.4492105947756774
2024-12-26,2024-25,NOP,HOU,111,128,,,6.5,0,0.2540802327641053,0.2406604671393676,0.267499998388843,0.2998155944298181,,0.2890125525275827
2024-12-26,2024-25,MEM,TOR,155,126,,,-10.5,1,0.8127603989880908,0.8308759159732945,0.7946448820028872,0.8628738681736834,,0.8126491965359115
2024-12-26,2024-25,IND,OKC,114,120,,,5.5,0,0.3485269455798278,0.357151393135615,0.33990249802404054,0.404902230221131,,0.31844658639079165
2024-12-26,2024-25,SAC,DET,113,114,,,-4.5,0,0.6449198411015502,0.6339078149766426,0.6559318672264577,0.7260066419177599,,0.6528811761685757
2024-12-26,2024-25,ATL,CHI,141,133,,,-4.5,1,0.6051321532531189,0.6189777090209277,0.59128659748531,0.6795286326735787,,0.6528811761685757
2024-12-26,2024-25,MIL,BKN,105,111,,,-6.5,0,0.7719252863386685,0.7718158462424137,0.7720347264349233,0.8209935647791725,,0.7130528657723422
2024-12-26,2024-25,POR,UTA,122,120,,,-3.5,1,0.5048807054481143,0.5062079183798366,0.5035534925163919,0.5693151414801683,,0.6206865291604615
2024-12-27,2024-25,PHX,DAL,89,98,,,-0.5,0,0.4198482378147752,0.43017811171150383,0.40951836391804664,0.4740794382148496,,0.5186585439800319
2024-12-27,2024-25,BOS,IND,142,105,,,-11.5,1,0.7662493530304746,0.7739911117130258,0.7585075943479235,0.8155070234706476,,0.8329362310205675
2024-12-27,2024-25,HOU,MIN,112,113,,,-0.5,0,0.590094623335605,0.5991078963881601,0.5810813502830501,0.6862255235924084,,0.5186585439800319
2024-12-27,2024-25,NOP,MEM,124,132,,,7.5,0,0.2654561057672511,0.26151433774359367,0.2693978737909085,0.3194751922118358,,0.26125623891201216
2024-12-27,2024-25,LAC,GSW,102,92,,,-5.5,1,0.6278445769228538,0.6218284843793693,0.6338606694663383,0.6640086837068526,,0.6837356127682949
2024-12-27,2024-25,BKN,SAS,87,96,,,7.5,0,0.4790209094061185,0.5066514683828108,0.45139035042942627,0.6015443648590021,,0.26125623891201216
2024-12-27,2024-25,ORL,NYK,85,108,,,6.5,0,0.43581949101618345,0.4353882280191279,0.43625075401323904,0.5522625005847546,,0.2890125525275827
2024-12-27,2024-25,DEN,CLE,135,149,,,3.5,0,0.45587501008613507,0.4649037673612853,0.44684625281098483,0.5701872720264235,,0.3816878509294548
2024-12-28,2024-25,DEN,DET,134,121,,,-6.5,1,0.721175557316623,0.7078265393867261,0.7345245752465197,0.8108994827472,,0.7130528657723422
2024-12-28,2024-25,CHI,MIL,116,111,,,1.5,1,0.4501304853936834,0.43191082452282376,0.4683501462645431,0.4954547188764756,,0.4492105947756774
2024-12-28,2024-25,UTA,PHI,111,114,,,7.5,0,0.4715861172747926,0.45613953658721346,0.48703269796237175,0.5236837829008049,,0.26125623891201216
2024-12-28,2024-25,CHA,OKC,94,106,,,13.5,0,0.1872009700142275,0.1286627535640587,0.2457391864643963,0.1584329534758078,,0.132959841458717
2024-12-28,2024-25,GSW,PHX,109,105,,,-6.5,1,0.5926823348408032,0.6234734519120029,0.5618912177696037,0.6840032459414407,,0.7130528657723422
2024-12-28,2024-25,LAL,SAC,132,122,,,3.5,1,0.5846722133895531,0.5761204942566404,0.5932239325224659,0.6941895914438195,,0.3816878509294548
2024-12-28,2024-25,POR,DAL,126,122,,,3.5,1,0.27656197724792353,0.27425847465157105,0.27886547984427595,0.2421467012489946,,0.3816878509294548
2024-12-28,2024-25,WAS,NYK,132,136,,,13.5,0,0.20786972291253622,0.16607560717800998,0.24966383864706246,0.1642374796375038,,0.132959841458717
2024-12-28,2024-25,ATL,MIA,120,110,,,-0.5,1,0.48322061432112456,0.48429280121835366,0.48214842742389546,0.5422784419615406,,0.5186585439800319
2024-12-29,2024-25,OKC,MEM,130,106,,,-8.5,1,0.6674391609225037,0.6788904494708657,0.6559878723741415,0.7830622366794407,,0.7665240746293874
2024-12-29,2024-25,TOR,ATL,107,136,,,-1.5,0,0.4378616883752726,0.4315807744855254,0.44414260226501984,0.43130125009491,,0.5532803541656142
2024-12-29,2024-25,ORL,BKN,102,101,,,-7.5,1,0.7563643616936631,0.7501797348641738,0.7625489885231522,0.8035427365335996,,0.7406831670688772
2024-12-29,2024-25,BOS,IND,114,123,,,-10.5,0,0.7524749508571236,0.7538898447679915,0.7510600569462558,0.8295395489625982,,0.8126491965359115
2024-12-29,2024-25,HOU,MIA,100,104,,,-8.5,0,0.7002080562379436,0.6957600525219453,0.7046560599539419,0.7104950445523446,,0.7665240746293874
2024-12-29,2024-25,MIN,SAS,112,110,,,-6.5,1,0.7224535257911239,0.7215356116914534,0.7233714398907943,0.7861390356607142,,0.7130528657723422
2024-12-30,2024-25,WAS,NYK,106,126,,,12.5,0,0.17889131544567216,0.1388066468736293,0.218975984017715,0.1617394092020377,,0.149850591223406
2024-12-30,2024-25,GSW,CLE,95,113,,,3.5,0,0.359449004080587,0.3617742001715969,0.35712380798957716,0.4782333233943143,,0.3816878509294548
2024-12-30,2024-25,SAC,DAL,110,100,,,-7.5,1,0.3755526252199672,0.39834163090167396,0.3527636195382604,0.4279521634356067,,0.7406831670688772
2024-12-30,2024-25,UTA,DEN,121,132,,,7.5,0,0.31189332520088486,0.2957945072073886,0.32799214319438114,0.354423340473977,,0.26125623891201216
2024-12-30,2024-25,NOP,LAC,113,116,,,4.5,0,0.2606186378307145,0.25520406352884756,0.26603321213258135,0.3250088347035771,,0.3494051226951947
2024-12-30,2024-25,POR,PHI,103,125,,,6.5,0,0.39969664147788386,0.3960538958883927,0.403339387067375,0.4722954753605965,,0.2890125525275827
2024-12-30,2024-25,CHA,CHI,108,115,,,4.5,0,0.3845499561618785,0.36882852009215483,0.40027139223160213,0.4396542328850427,,0.3494051226951947
2024-12-31,2024-25,LAL,CLE,110,122,,,4.5,0,0.40769242360067653,0.3958992115160645,0.41948563568528857,0.4427780351563176,,0.3494051226951947
2024-12-31,2024-25,OKC,MIN,113,105,,,-6.5,1,0.7507653326937194,0.7501889589640874,0.7513417064233512,0.7926410399474677,,0.7130528657723422
2024-12-31,2024-25,PHX,MEM,112,117,,,-5.5,0,0.4694375036943329,0.43591746774865825,0.5029575396400076,0.533108000361321,,0.6837356127682949
2024-12-31,2024-25,IND,MIL,112,120,,,1.5,0,0.5975306788296694,0.6159225311003843,0.5791388265589544,0.634169521766089,,0.4492105947756774
2024-12-31,2024-25,SAS,LAC,122,86,,,-3.5,1,0.41617624435015677,0.43142372386591765,0.4009287648343958,0.469261346256348,,0.6206865291604615
2024-12-31,2024-25,BOS,TOR,125,71,,,-16.5,1,0.8867523482776773,0.8918363298769748,0.8816683666783799,0.9267333270626636,,0.9091173794696449
2025-01-01,2024-25,WAS,CHI,125,107,,,6.5,1,0.34647481392950663,0.33771076208062084,0.3552388657783925,0.3598408171830499,,0.2890125525275827
2025-01-01,2024-25,HOU,DAL,110,99,,,-4.5,1,0.5934792915735536,0.583417084021393,0.6035414991257142,0.6162026755985585,,0.6528811761685757
2025-01-01,2024-25,NYK,UTA,119,103,,,-11.5,1,0.8760836076873788,0.86231765278663,0.8898495625881276,0.9006685224731467,,0.8329362310205675
2025-01-01,2024-25,TOR,BKN,130,113,,,-1.5,1,0.4606201369806182,0.4319458853948671,0.48929438856636936,0.5411557947754956,,0.5532803541656142
2025-01-01,2024-25,MIA,NOP,119,108,,,-8.5,1,0.8023606544635745,0.8105364142262603,0.7941848947008887,0.8616309815819334,,0.7665240746293874
2025-01-01,2024-25,SAC,PHI,113,107,,,-6.5,1,0.57950980988704,0.5850788438617808,0.5739407759122993,0.6423644649420053,,0.7130528657723422
2025-01-01,2024-25,DEN,ATL,139,120,,,-8.5,1,0.6719785762996658,0.6737017941699359,0.6702553584293958,0.7318098762599047,,0.7665240746293874
2025-01-01,2024-25,DET,ORL,105,96,,,-2.5,1,0.46076682137277936,0.44906990608510367,0.4724637366604551,0.4604650135786924,,0.5873929722941529
2025-01-02,2024-25,OKC,LAC,116,98,,,-12.5,1,0.7704683989043568,0.7814492300313524,0.7594875677773614,0.8290144678527044,,0.8514281304931971
2025-01-02,2024-25,GSW,PHI,139,105,,,-3.5,1,0.656072370894289,0.6747278683928057,0.6374168733957722,0.6992554157200022,,0.6206865291604615
2025-01-02,2024-25,MIL,BKN,110,113,,,-12.5,0,0.7985354048497322,0.8085351810074973,0.788535628691967,0.822359068515771,,0.8514281304931971
2025-01-02,2024-25,MIN,BOS,115,118,,,2.5,0,0.44364804869668434,0.4183539859251905,0.46894211146817816,0.5001596431610262,,0.41505045389637707
2025-01-02,2024-25,LAL,POR,114,106,,,-6.5,1,0.7846645231669926,0.7834562101612949,0.7858728361726905,0.8361456280896655,,0.7130528657723422
2025-01-02,2024-25,MIA,IND,115,128,,,-2.5,0,0.5484321825911469,0.550466033551365,0.5463983316309287,0.6849369984796877,,0.5873929722941529
2025-01-03,2024-25,SAC,MEM,138,133,,,-3.5,1,0.4662910951361508,0.44571555513008665,0.48686663514221495,0.5154968911079136,,0.6206865291604615
2025-01-03,2024-25,DET,CHA,98,94,,,-7.5,1,0.7633587441730418,0.7795091309529875,0.7472083573930962,0.7876303537012542,,0.7406831670688772
2025-01-03,2024-25,DEN,SAS,110,113,,,-5.5,0,0.7206770506271931,0.7420683565809211,0.6992857446734653,0.7757759329395831,,0.6837356127682949
2025-01-03,2024-25,LAL,ATL,119,102,,,-1.5,1,0.5453014878839374,0.5366490077037871,0.5539539680640877,0.6627612772571999,,0.5532803541656142
2025-01-03,2024-25,OKC,NYK,117,107,,,-4.5,1,0.617051308346896,0.6124179762524549,0.6216846404413373,0.7223945389964855,,0.6528811761685757
2025-01-03,2024-25,NOP,WAS,132,120,,,-7.5,1,0.6388379603735703,0.6344679186087795,0.6432080021383612,0.7081478631444224,,0.7406831670688772
2025-01-03,2024-25,HOU,BOS,86,109,,,3.5,0,0.5191028125088164,0.5310098128354982,0.5071958121821347,0.5289529235694164,,0.3816878509294548
2025-01-03,2024-25,DAL,CLE,122,134,,,9.5,0,0.41373197223853453,0.3992041517208751,0.4282597927561939,0.5351311428829062,,0.21115472978709024
2025-01-03,2024-25,TOR,ORL,97,106,,,1.5,0,0.32479434960526543,0.31924748017663923,0.3303412190338917,0.369366178133686,,0.4492105947756774
2025-01-04,2024-25,IND,PHX,126,108,,,-2.5,1,0.67161194415231,0.6672139473983841,0.6760099409062358,0.703180545873137,,0.5873929722941529
2025-01-04,2024-25,GSW,MEM,121,113,,,-3.5,1,0.5488422698148661,0.5798007977134698,0.5178837419162624,0.5935802910496283,,0.6206865291604615
2025-01-04,2024-25,SAS,DEN,111,122,,,3.5,0,0.4760317534269738,0.44676522928559764,0.5052982775683499,0.5050293343238775,,0.3816878509294548
2025-01-04,2024-25,CHI,NYK,139,126,,,5.5,1,0.2988220545996497,0.31262677437935915,0.28501733481994024,0.3417499101584732,,0.31844658639079165
2025-01-04,2024-25,DET,MIN,119,105,,,6.5,1,0.42064103554907295,0.40634046476519947,0.43494160633294643,0.4454411107386928,,0.2890125525275827
2025-01-04,2024-25,MIA,UTA,100,136,,,-8.5,0,0.7451748920587371,0.7690223331420728,0.7213274509754014,0.8289664020931702,,0.7665240746293874
2025-01-04,2024-25,LAC,ATL,131,105,,,-7.5,1,0.6775504822880307,0.682050233521967,0.6730507310540944,0.6943768599602642,,0.7406831670688772
2025-01-04,2024-25,MIL,POR,102,105,,,-11.5,0,0.783714256435307,0.8049438747060741,0.76248463816454,0.8539648579025284,,0.8329362310205675
2025-01-04,2024-25,BKN,PHI,94,123,,,9.5,0,0.45531554232597815,0.4556163728230388,0.4550147118289175,0.5418508571472839,,0.21115472978709024
2025-01-05,2024-25,WAS,NOP,98,110,,,5.5,0,0.49406526815307533,0.47449861215274913,0.5136319241534015,0.5473395834093813,,0.31844658639079165
2025-01-05,2024-25,HOU,LAL,119,115,,,-4.5,1,0.6209079589952766,0.6452835839699296,0.5965323340206237,0.705797778343712,,0.6528811761685757
2025-01-05,2024-25,GSW,SAC,99,129,,,-3.5,0,0.6178773967666915,0.6100040232818217,0.6257507702515613,0.7008938811455846,,0.6206865291604615
2025-01-05,2024-25,CLE,CHA,115,105,,,-16.5,1,0.8961757301906668,0.9312330079750495,0.8611184524062842,0.943449265863074,,0.9091173794696449
2025-01-05,2024-25,OKC,BOS,105,92,,,-0.5,1,0.5567586321585922,0.5774986376555913,0.5360186266615933,0.6747336404777481,,0.5186585439800319
2025-01-05,2024-25,ORL,UTA,92,105,,,-9.5,0,0.7395035596834316,0.763725320941976,0.7152817984248873,0.7859080353142555,,0.790518217596245
2025-01-06,2024-25,SAC,MIA,123,118,,,-3.5,1,0.6593103420672952,0.6224453106820789,0.6961753734525115,0.6900425679458368,,0.6206865291604615
2025-01-06,2024-25,PHI,PHX,99,109,,,1.5,0,0.5991615943311658,0.6034382999180384,0.5948848887442931,0.6476742878336464,,0.4492105947756774
2025-01-06,2024-25,CHI,SAS,114,110,,,2.5,1,0.523287457593745,0.5652513603223903,0.48132355486509953,0.6079083376958963,,0.41505045389637707
2025-01-06,2024-25,MEM,DAL,119,104,,,-4.5,1,0.5863880287403438,0.5864688331763416,0.5863072243043459,0.6086455047067724,,0.6528811761685757
2025-01-06,2024-25,BKN,IND,99,113,,,11.5,0,0.3160299852031935,0.3061833389519244,0.3258766314544625,0.3922524054144343,,0.16847015425964673
2025-01-06,2024-25,NYK,ORL,94,103,,,-10.5,0,0.7419206225715648,0.7850682716910409,0.6987729734520887,0.7700748521457176,,0.8126491965359115
2025-01-06,2024-25,TOR,MIL,104,128,,,6.5,0,0.36108300628940426,0.328538493460294,0.39362751911851457,0.3689790488049332,,0.2890125525275827
2025-01-06,2024-25,MIN,LAC,108,106,,,-2.5,1,0.5639911453709235,0.5652824649245719,0.5626998258172752,0.6482371529794871,,0.5873929722941529
2025-01-06,2024-25,DET,POR,118,115,,,-6.5,1,0.7284393422434918,0.7303185498984728,0.726560134588511,0.7641211696723816,,0.7130528657723422
2025-01-07,2024-25,DEN,BOS,106,118,,,10.5,0,0.468174574695316,0.4348662873314417,0.5014828620591902,0.505814505813446,,0.18888924117694963
2025-01-07,2024-25,UTA,ATL,121,124,,,5.5,0,0.47070936895661636,0.49809549520901203,0.4433232427042207,0.5763574337150107,,0.31844658639079165
2025-01-07,2024-25,WAS,HOU,112,135,,,13.5,0,0.1876811392253514,0.18211717731889526,0.1932451011318075,0.2157327036946375,,0.132959841458717
2025-01-07,2024-25,GSW,MIA,98,114,,,-9.5,0,0.6554691164727131,0.6963285627931131,0.6146096701523133,0.6756035185764995,,0.790518217596245
2025-01-07,2024-25,DAL,LAL,118,97,,,5.5,1,0.5752801112515613,0.5523414925077158,0.5982187299954069,0.70539199116599,,0.31844658639079165
2025-01-07,2024-25,NOP,MIN,97,104,,,3.5,0,0.39053938124064075,0.38124867170459636,0.39983009077668513,0.3541387362938798,,0.3816878509294548
2025-01-07,2024-25,CHA,PHX,115,104,,,4.5,1,0.4006284727307303,0.37196969716965356,0.42928724829180703,0.3650791696379101,,0.3494051226951947
2025-01-08,2024-25,NOP,POR,100,119,,,-1.5,0,0.5486372005299662,0.5612052666907495,0.5360691343691829,0.6486249836308365,,0.5532803541656142
2025-01-08,2024-25,IND,CHI,129,113,,,-5.5,1,0.723368987496293,0.7203495114767792,0.7263884635158069,0.7583116528319724,,0.6837356127682949
2025-01-08,2024-25,DEN,LAC,126,103,,,3.5,1,0.5963254180664215,0.5854657416864376,0.6071850944464052,0.6901661111065825,,0.3816878509294548
2025-01-08,2024-25,MIL,SAS,121,105,,,-4.5,1,0.663639407830177,0.6807830331958457,0.6464957824645083,0.7238008161964501,,0.6528811761685757
2025-01-08,2024-25,NYK,TOR,112,98,,,-12.5,1,0.8775766850990645,0.8697279063925036,0.8854254638056255,0.9039273890734644,,0.8514281304931971
2025-01-08,2024-25,BKN,DET,98,113,,,9.5,0,0.41547257791287007,0.40095896124613967,0.4299861945796004,0.5187109200770118,,0.21115472978709024
2025-01-08,2024-25,PHI,WAS,109,103,,,-10.5,1,0.8538761246740031,0.8563107967581528,0.8514414525898534,0.8616770040681817,,0.8126491965359115
2025-01-08,2024-25,CLE,OKC,129,122,,,-2.5,1,0.5328141622891976,0.5501524826712272,0.5154758419071681,0.5804660345017821,,0.5873929722941529
2025-01-09,2024-25,PHX,ATL,123,115,,,-5.5,1,0.509242314177792,0.5020287723311011,0.5164558560244827,0.6265843727969879,,0.6837356127682949
2025-01-09,2024-25,MEM,HOU,115,119,,,-2.5,0,0.5416203362108652,0.5427582829706621,0.5404823894510684,0.6192884122036165,,0.5873929722941529
2025-01-09,2024-25,CLE,TOR,132,126,,,-13.5,1,0.9179227897610898,0.9329212299981211,0.9029243495240583,0.9393252098271836,,0.868197092052344
2025-01-09,2024-25,ORL,MIN,89,104,,,5.5,0,0.5342708492846913,0.5359695236069458,0.5325721749624367,0.6027352585816502,,0.31844658639079165
2025-01-09,2024-25,DAL,POR,117,111,,,-7.5,1,0.8264470782291518,0.8419980518203332,0.8108961046379703,0.8673099890418836,,0.7406831670688772
2025-01-09,2024-25,DET,GSW,104,107,,,2.5,0,0.537409737568507,0.5422760254874458,0.532543449649568,0.5963795557350919,,0.41505045389637707
2025-01-09,2024-25,UTA,MIA,92,97,,,5.5,0,0.531424157395165,0.486650944030148,0.576197370760182,0.5317816071365807,,0.31844658639079165
2025-01-10,2024-25,DEN,BKN,124,105,,,-14.5,1,0.8583029599198864,0.8435763670337134,0.8730295528060592,0.8787152156665932,,0.8833327242620539
2025-01-10,2024-25,NYK,OKC,101,126,,,2.5,0,0.42929163964971095,0.4336428469910887,0.4249404323083332,0.4835075506600547,,0.41505045389637707
2025-01-10,2024-25,PHI,NOP,115,123,,,-6.5,0,0.7418070697886394,0.7427983842152357,0.7408157553620431,0.8064923171879443,,0.7130528657723422
2025-01-10,2024-25,CHI,WAS,138,105,,,-10.5,1,0.7726552599463274,0.7914633242981782,0.7538471955944767,0.8478880577620781,,0.8126491965359115
2025-01-10,2024-25,ORL,MIL,106,109,,,6.5,0,0.4827653692046993,0.500030445471888,0.4655002929375106,0.6022137937704386,,0.2890125525275827
2025-01-10,2024-25,BOS,SAC,97,114,,,-12.5,0,0.770350828630906,0.7808046969963021,0.75989696026551,0.8223765588833366,,0.8514281304931971
2025-01-10,2024-25,IND,GSW,108,96,,,-10.5,1,0.7117943758098133,0.7237635738002769,0.6998251778193496,0.7167959968242181,,0.8126491965359115
2025-01-11,2024-25,PHX,UTA,114,106,,,-10.5,1,0.626465242031472,0.6483598234602661,0.6045706606026781,0.7184608707300196,,0.8126491965359115
2025-01-11,2024-25,POR,MIA,98,119,,,4.5,0,0.40892431742276997,0.39229585888661966,0.42555277595892027,0.4230969368660072,,0.3494051226951947
2025-01-11,2024-25,MIN,MEM,125,127,,,-1.5,0,0.5637522613746757,0.5819923925237095,0.5455121302256419,0.6524109463510132,,0.5532803541656142
2025-01-11,2024-25,DET,TOR,123,114,,,-5.5,1,0.7593208160998777,0.7672999257764042,0.7513417064233512,0.7965649034658718,,0.6837356127682949
2025-01-12,2024-25,NYK,MIL,140,106,,,-5.5,1,0.6463685453121288,0.6187331425120343,0.6740039481122235,0.6954240720680831,,0.6837356127682949
2025-01-12,2024-25,UTA,BKN,112,111,,,-3.5,1,0.6455237771887383,0.6261226571170281,0.6649248972604487,0.7269405055390903,,0.6206865291604615
2025-01-12,2024-25,DAL,DEN,101,112,,,5.5,0,0.5147312283753095,0.5178288774341657,0.5116335793164533,0.629728994264216,,0.31844658639079165
2025-01-12,2024-25,CHI,SAC,119,124,,,5.5,0,0.4196774095841978,0.4244548181930684,0.4149000009753272,0.4935046767386139,,0.31844658639079165
2025-01-12,2024-25,ORL,PHI,104,99,,,-1.5,1,0.5825186267517057,0.6170396037693617,0.5479976497340496,0.7079830361233078,,0.5532803541656142
2025-01-12,2024-25,CLE,IND,93,108,,,-8.5,0,0.7537612757113286,0.7475400915681985,0.7599824598544587,0.7874114016211177,,0.7665240746293874
2025-01-12,2024-25,PHX,CHA,120,113,,,-6.5,1,0.7570505890480096,0.7462334646665233,0.7678677134294959,0.8293616478856924,,0.7130528657723422
2025-01-12,2024-25,WAS,OKC,95,136,,,15.5,0,0.1461889487212393,0.07991343649217432,0.2124644609503043,0.0933773175574158,,0.10399830273116084
2025-01-12,2024-25,BOS,NOP,120,119,,,-14.5,1,0.8835645349894662,0.8891026443661384,0.878026425612794,0.9222746554540562,,0.8833327242620539
2025-01-13,2024-25,NYK,DET,119,124,,,-7.5,0,0.7155445715204516,0.6926343502757367,0.7384547927651665,0.8088036624129679,,0.7406831670688772
2025-01-13,2024-25,TOR,GSW,104,101,,,4.5,1,0.35008125635525644,0.33915685317665933,0.36100565953385355,0.3874281557325661,,0.3494051226951947
2025-01-13,2024-25,LAC,MIA,109,98,,,-7.5,1,0.5678131757035934,0.583905392826135,0.5517209585810519,0.6488633991551618,,0.7406831670688772
2025-01-13,2024-25,WAS,MIN,106,120,,,14.5,0,0.18770536256966347,0.1567376262611318,0.21867309887819517,0.2120067570894259,,0.11770936500261889
2025-01-13,2024-25,HOU,MEM,120,118,,,-2.5,1,0.5864211475540589,0.6157725542544131,0.5570697408537048,0.6720069290109295,,0.5873929722941529
2025-01-13,2024-25,LAL,SAS,102,126,,,-4.5,0,0.6755668795869396,0.6740098306722442,0.6771239285016349,0.7062293863757737,,0.6528811761685757
2025-01-14,2024-25,CHI,NOP,113,119,,,-1.5,0,0.7044883408888001,0.7096893145353153,0.6992873672422848,0.7687052158313461,,0.5532803541656142
2025-01-14,2024-25,ATL,PHX,122,117,,,2.5,1,0.6119355893292624,0.5972319549278734,0.6266392237306515,0.6253869359726101,,0.41505045389637707
2025-01-14,2024-25,DAL,DEN,99,118,,,2.5,0,0.4533900545686863,0.46321275044450994,0.4435673586928626,0.5920321200295223,,0.41505045389637707
2025-01-14,2024-25,IND,CLE,117,127,,,8.5,0,0.4493153318239339,0.4453694787148842,0.4532611849329837,0.528399956017841,,0.23528346065663988
2025-01-14,2024-25,MIL,SAC,130,115,,,-2.5,1,0.507371284659438,0.5176739278936079,0.4970686414252682,0.5995858985172476,,0.5873929722941529
2025-01-14,2024-25,PHI,OKC,102,118,,,15.5,0,0.21328465828353352,0.22197014323290912,0.20459917333415792,0.2492653990893421,,0.10399830273116084
2025-01-14,2024-25,POR,BKN,114,132,,,-3.5,0,0.6067270018452904,0.5817551440514519,0.6316988596391288,0.6432388508774891,,0.6206865291604615
2025-01-15,2024-25,NOP,DAL,119,116,,,-1.5,1,0.37153675330198016,0.391541617859747,0.3515318887442133,0.3579603221383327,,0.5532803541656142
2025-01-15,2024-25,MIL,ORL,122,93,,,-6.5,1,0.593634436789817,0.6062249370642722,0.5810439365153617,0.6839802197869295,,0.7130528657723422
2025-01-15,2024-25,DEN,HOU,108,128,,,5.5,0,0.6022761050678451,0.5683304092446475,0.6362218008910427,0.6744580642152751,,0.31844658639079165
2025-01-15,2024-25,TOR,BOS,110,97,,,13.5,1,0.1957584687171523,0.16532295769787503,0.2261939797364296,0.1918829924117688,,0.132959841458717
2025-01-15,2024-25,MIN,GSW,115,116,,,-6.5,0,0.7044512482029506,0.6906999985699912,0.7182024978359098,0.7473999833099678,,0.7130528657723422
2025-01-15,2024-25,UTA,CHA,112,117,,,5.5,0,0.7197643453038516,0.7189911652174868,0.7205375253902162,0.7668133587286019,,0.31844658639079165
2025-01-15,2024-25,CHI,ATL,94,110,,,-6.5,0,0.5214683956890525,0.5414998575694544,0.5014369338086505,0.5747927588796562,,0.7130528657723422
2025-01-15,2024-25,LAC,BKN,126,67,,,-15.5,1,0.7939417682418176,0.8036960938330652,0.78418744265057,0.8308763597357419,,0.8969365809385075
2025-01-15,2024-25,SAS,MEM,115,129,,,2.5,0,0.45794290720226283,0.4209834173703831,0.4949023970341426,0.5289146891291949,,0.41505045389637707
2025-01-15,2024-25,PHI,NYK,119,125,,,5.5,0,0.3569455777754963,0.35971097862088136,0.3541801769301112,0.4296843272533756,,0.31844658639079165
2025-01-15,2024-25,LAL,MIA,117,108,,,-4.5,1,0.5383440958084567,0.566770376520602,0.5099178150963112,0.6002581126900306,,0.6528811761685757
2025-01-16,2024-25,OKC,CLE,134,114,,,-2.5,1,0.6460266551358755,0.6581000280250203,0.6339532822467309,0.7244677646372694,,0.5873929722941529
2025-01-16,2024-25,SAC,HOU,132,127,,,-4.5,1,0.5486923919406399,0.5544599153431244,0.5429248685381554,0.5468633811742235,,0.6528811761685757
2025-01-16,2024-25,POR,LAC,89,118,,,7.5,0,0.34187069633793954,0.3696782209020135,0.31406317177386556,0.3285936584348166,,0.26125623891201216
2025-01-16,2024-25,DET,IND,100,111,,,1.5,0,0.46970953098802176,0.45838265010999,0.4810364118660535,0.486221860844211,,0.4492105947756774
2025-01-16,2024-25,WAS,PHX,123,130,,,11.5,0,0.2718685565701008,0.2694060163059724,0.2743310968342292,0.2998419084828081,,0.16847015425964673
2025-01-17,2024-25,NYK,MIN,99,116,,,-2.5,0,0.6132242596075408,0.6233561483052672,0.6030923709098145,0.6841420097307638,,0.5873929722941529
2025-01-17,2024-25,BOS,ORL,121,94,,,-14.5,1,0.7668915149402555,0.7526423575856733,0.7811406722948377,0.8022876498070467,,0.8833327242620539
2025-01-17,2024-25,MIA,DEN,113,133,,,3.5,0,0.43524443991841266,0.41422443856032515,0.45626444127650023,0.5060515684061004,,0.3816878509294548
2025-01-17,2024-25,NOP,UTA,136,123,,,-11.5,1,0.537069456746004,0.5333390696128112,0.5407998438791969,0.5818367587187844,,0.8329362310205675
2025-01-17,2024-25,SAS,MEM,112,140,,,-1.5,0,0.41167709016069154,0.40169941343639326,0.42165476688498976,0.4921402511849916,,0.5532803541656142
2025-01-17,2024-25,DAL,OKC,106,98,,,2.5,1,0.27716453553733844,0.3023775195500399,0.25195155152463694,0.3453271221392113,,0.41505045389637707
2025-01-17,2024-25,CHI,CHA,123,125,,,-4.5,0,0.7209566843690165,0.7181573424020686,0.7237560263359643,0.7587428703406891,,0.6528811761685757
2025-01-17,2024-25,LAL,BKN,102,101,,,-9.5,1,0.7553473988265395,0.7613096348013438,0.7493851628517351,0.8027302089523619,,0.790518217596245
2025-01-17,2024-25,MIL,TOR,130,112,,,-10.5,1,0.8082065948049768,0.810007970091145,0.8064052195188087,0.8575529117627642,,0.8126491965359115
2025-01-18,2024-25,DET,PHX,121,125,,,-0.5,0,0.5560831130987929,0.5911987923479168,0.5209674338496688,0.6028379966932809,,0.5186585439800319
2025-01-18,2024-25,POR,HOU,103,125,,,10.5,0,0.19267839144180124,0.1908099576562457,0.19454682522735678,0.2371917128260661,,0.18888924117694963
2025-01-18,2024-25,IND,PHI,115,102,,,-10.5,1,0.7452605258228602,0.7401547673138829,0.7503662843318376,0.8082140996942851,,0.8126491965359115
2025-01-18,2024-25,BOS,ATL,115,119,,,-9.5,0,0.7322771297081117,0.7145633754287163,0.7499908839875069,0.8097239350298785,,0.790518217596245
2025-01-18,2024-25,GSW,WAS,122,114,,,-13.5,1,0.8679362232750518,0.8569881643778582,0.8788842821722453,0.8875965525356104,,0.868197092052344
2025-01-18,2024-25,MIN,CLE,117,124,,,4.5,0,0.4485186374939495,0.4195882520459293,0.4774490229419696,0.5216764605327324,,0.3494051226951947
2025-01-19,2024-25,MIL,PHI,123,109,,,-13.5,1,0.779262196068644,0.7964388193783362,0.7620855727589518,0.7884171196513596,,0.868197092052344
2025-01-19,2024-25,OKC,BKN,127,101,,,-16.5,1,0.9063796544555116,0.9277076080590931,0.8850517008519302,0.9448651897743084,,0.9091173794696449
2025-01-19,2024-25,ORL,DEN,100,113,,,7.5,0,0.3968063956662363,0.3938841121957321,0.39972867913674054,0.4621610594907753,,0.26125623891201216
2025-01-19,2024-25,MIA,SAS,128,107,,,-2.5,1,0.6082512059920226,0.618523854118633,0.5979785578654124,0.6852384483161308,,0.5873929722941529
2025-01-19,2024-25,SAC,WAS,123,100,,,-17.5,1,0.9100894508218976,0.9288340504912092,0.8913448511525861,0.9229253130393852,,0.919986984880304
2025-01-19,2024-25,POR,CHI,113,102,,,4.5,1,0.38990200126082963,0.3810946516464261,0.3987093508752331,0.4911158063855183,,0.3494051226951947
2025-01-19,2024-25,LAC,LAL,116,102,,,-4.5,1,0.6309435408300075,0.6387441832599229,0.6231428984000921,0.7206764386671519,,0.6528811761685757
2025-01-20,2024-25,HOU,DET,96,107,,,-7.5,0,0.7624561487361827,0.7652401334241368,0.7596721640482286,0.8250100769032443,,0.7406831670688772
2025-01-20,2024-25,MEM,MIN,108,106,,,-5.5,1,0.5982205219658836,0.6167650318524346,0.5796760120793326,0.6682810540520766,,0.6837356127682949
2025-01-20,2024-25,CHA,DAL,110,105,,,3.5,1,0.2797539303084358,0.29135307010044853,0.2681547905164231,0.3195670956965032,,0.3816878509294548
2025-01-20,2024-25,NYK,ATL,119,110,,,-8.5,1,0.6716190863952921,0.6505009325341876,0.6927372402563966,0.7264318414271027,,0.7665240746293874
2025-01-20,2024-25,NOP,UTA,123,119,,,-10.5,1,0.551546267578862,0.5716144433788786,0.5314780917788455,0.6112237377046347,,0.8126491965359115
2025-01-20,2024-25,CLE,PHX,118,92,,,-7.5,1,0.7854996935835934,0.78734687369033,0.7836525134768568,0.8375893004595327,,0.7406831670688772
2025-01-20,2024-25,LAC,CHI,99,112,,,-5.5,0,0.7943091653766661,0.7837054935991019,0.8049128371542301,0.8234422029378765,,0.6837356127682949
2025-01-20,2024-25,GSW,BOS,85,125,,,8.5,0,0.38506879314998127,0.3872028362806402,0.38293475001932237,0.4341466859151652,,0.23528346065663988
2025-01-21,2024-25,DEN,PHI,144,109,,,-11.5,1,0.7926569916626949,0.7953095149323385,0.7900044683930514,0.8481294636793896,,0.8329362310205675
2025-01-21,2024-25,MIA,POR,107,116,,,-8.5,0,0.7863731648653831,0.7821025991706724,0.7906437305600938,0.8373643976597261,,0.7665240746293874
2025-01-21,2024-25,BKN,NYK,95,99,,,11.5,0,0.32445173659555904,0.32411650290306177,0.32478697028805636,0.3116726709321263,,0.16847015425964673
2025-01-21,2024-25,LAL,WAS,111,88,,,-13.5,1,0.8677747587355044,0.8610061644971057,0.8745433529739031,0.8886737095582912,,0.868197092052344
2025-01-21,2024-25,TOR,ORL,109,93,,,1.5,1,0.43702335037152673,0.4194750147786603,0.45457168596439324,0.4459598382455885,,0.4492105947756774
2025-01-22,2024-25,BKN,PHX,84,108,,,12.5,0,0.37248492670222194,0.3397718968106348,0.4051979565938091,0.4349492012529825,,0.149850591223406
2025-01-22,2024-25,SAC,GSW,123,117,,,-7.5,1,0.7214194741972925,0.7074031502044161,0.7354357981901688,0.7514087609965999,,0.7406831670688772
2025-01-22,2024-25,OKC,UTA,123,114,,,-15.5,1,0.8923562972811381,0.9179632208719027,0.8667493736903733,0.932390392059242,,0.8969365809385075
2025-01-22,2024-25,ATL,DET,104,114,,,-4.5,0,0.5754142141053735,0.5988326431700491,0.5519957850406978,0.6808006778431621,,0.6528811761685757
2025-01-22,2024-25,MEM,CHA,132,120,,,-11.5,1,0.8809941453369483,0.8688155743062723,0.8931727163676242,0.8898708010676512,,0.8329362310205675
2025-01-22,2024-25,HOU,CLE,109,108,,,-0.5,1,0.4769081671053207,0.4823849241812624,0.471431410029379,0.5221294379470615,,0.5186585439800319
2025-01-22,2024-25,DAL,MIN,114,115,,,3.5,0,0.4890957263243681,0.515248443711749,0.46294300893698714,0.6032532310020249,,0.3816878509294548
2025-01-22,2024-25,LAC,BOS,113,117,,,11.5,0,0.4096296543665409,0.4109973875273901,0.4082619212056917,0.4773926576957994,,0.16847015425964673
2025-01-23,2024-25,GSW,CHI,131,106,,,-4.5,1,0.5907529506446774,0.5827818083211821,0.5987240929681725,0.6973344175797457,,0.6528811761685757
2025-01-23,2024-25,LAL,BOS,117,96,,,6.5,1,0.4046774469439627,0.4250549328743672,0.3842999610135581,0.3965549726452496,,0.2890125525275827
2025-01-23,2024-25,DEN,SAC,132,123,,,-7.5,1,0.7036434537447984,0.710972198672725,0.6963147088168717,0.7248888271855076,,0.7406831670688772
2025-01-23,2024-25,MIL,MIA,125,96,,,-5.5,1,0.715598085781606,0.724794716437189,0.7064014551260231,0.7438683118571882,,0.6837356127682949
2025-01-23,2024-25,ATL,TOR,119,122,,,-5.5,0,0.6691235963431594,0.6653495847793981,0.6728976079069207,0.7886029002289852,,0.6837356127682949
2025-01-23,2024-25,LAC,WAS,110,93,,,-14.5,1,0.8897603751819914,0.8888222980386454,0.8906984523253373,0.9153904766354072,,0.8833327242620539
2025-01-23,2024-25,OKC,DAL,115,121,,,-11.5,0,0.8483753974877823,0.8647792035502027,0.831971591425362,0.8502794119806265,,0.8329362310205675
2025-01-23,2024-25,ORL,POR,79,101,,,-6.5,0,0.6917996180183644,0.7313533818618283,0.6522458541749006,0.7875712102404128,,0.7130528657723422
2025-01-24,2024-25,CHA,POR,97,102,,,-0.5,0,0.562706754471467,0.5904642035207086,0.5349493054222253,0.6002208019295714,,0.5186585439800319
2025-01-24,2024-25,PHI,CLE,132,129,,,9.5,1,0.28027406758312984,0.25538307536370397,0.3051650598025557,0.2876469948990032,,0.21115472978709024
2025-01-24,2024-25,MEM,NOP,139,126,,,-9.5,1,0.8146289059227871,0.8378011669556659,0.7914566448899083,0.868944656381685,,0.790518217596245
2025-01-25,2024-25,BKN,MIA,97,106,,,6.5,0,0.4414885650294196,0.3783038986385548,0.5046732314202843,0.4373424050509176,,0.2890125525275827
2025-01-25,2024-25,ATL,TOR,94,117,,,-5.5,0,0.6631597863719614,0.6808326695749166,0.6454869031690061,0.7691213654802123,,0.6837356127682949
2025-01-25,2024-25,MEM,UTA,125,103,,,-11.5,1,0.8180738711437421,0.8316441643255386,0.8045035779619455,0.863845127777968,,0.8329362310205675
2025-01-25,2024-25,ORL,DET,121,113,,,-3.5,1,0.4408278998911669,0.4508789212330721,0.43077687854926167,0.5656094990684507,,0.6206865291604615
2025-01-25,2024-25,GSW,LAL,108,118,,,-0.5,0,0.4928305482576457,0.51417898477893,0.47148211173636145,0.5900267998804997,,0.5186585439800319
2025-01-25,2024-25,MIN,DEN,133,104,,,3.5,1,0.4744107902506214,0.4564494381379499,0.49237214236329285,0.5568157585077782,,0.3816878509294548
2025-01-25,2024-25,DAL,BOS,107,122,,,8.5,0,0.470127936940016,0.47434215960015963,0.4659137142798723,0.5256909846448207,,0.23528346065663988
2025-01-25,2024-25,CHA,NOP,123,92,,,2.5,1,0.5213365370591481,0.5563914488723889,0.4862816252459072,0.5797193786923879,,0.41505045389637707
2025-01-25,2024-25,PHX,WAS,119,109,,,-14.5,1,0.8814768383762521,0.8792672954168271,0.883686381335677,0.8998147431997204,,0.8833327242620539
2025-01-25,2024-25,CHI,PHI,97,109,,,-3.5,0,0.5865753588567466,0.6042477709051765,0.5689029468083167,0.6100969581100508,,0.6206865291604615
2025-01-25,2024-25,CLE,HOU,131,135,,,-4.5,0,0.6439300366182767,0.6099300459258387,0.6779300273107149,0.7225739635185188,,0.6528811761685757
2025-01-25,2024-25,LAC,MIL,127,117,,,-3.5,1,0.48446431287477776,0.49436264606400837,0.47456597968554715,0.587362916533227,,0.6206865291604615
2025-01-25,2024-25,NYK,SAC,143,120,,,-4.5,1,0.5769352258797134,0.5831578604725713,0.5707125912868555,0.6739223264441747,,0.6528811761685757
2025-01-26,2024-25,POR,OKC,108,118,,,13.5,0,0.18915236048384682,0.13770107313025637,0.24060364783743723,0.188574884954758,,0.132959841458717
2025-01-27,2024-25,NYK,MEM,143,106,,,-4.5,1,0.5176153689658045,0.519835016773769,0.51539572115784,0.6232663477495387,,0.6528811761685757
2025-01-27,2024-25,BKN,SAC,96,110,,,12.5,0,0.24805057569433642,0.2506308819976378,0.24547026939103508,0.3227508435096316,,0.149850591223406
2025-01-27,2024-25,MIA,ORL,125,119,,,1.5,1,0.6542303612793106,0.6253015401420775,0.6831591824165435,0.689601315825794,,0.4492105947756774
2025-01-27,2024-25,DAL,WAS,130,108,,,-13.5,1,0.8874029493983768,0.8972212898242673,0.8775846089724865,0.9202940137467522,,0.868197092052344
2025-01-27,2024-25,CHI,DEN,129,121,,,9.5,1,0.25724971210675696,0.26508690472363533,0.24941251948987855,0.3300611760934917,,0.21115472978709024
2025-01-27,2024-25,PHX,LAC,111,109,,,-1.5,1,0.5133326953459526,0.5063560498287508,0.5203093408631544,0.5806872592990988,,0.5532803541656142
2025-01-27,2024-25,MIN,ATL,100,92,,,-10.5,1,0.7492835300149374,0.754806914342992,0.7437601456868828,0.8080453447109108,,0.8126491965359115
2025-01-27,2024-25,TOR,NOP,113,104,,,-0.5,1,0.6569467163322751,0.6693893857314854,0.6445040469330647,0.7004319637685277,,0.5186585439800319
2025-01-27,2024-25,UTA,MIL,110,125,,,8.5,0,0.33502058242290667,0.2755798453931376,0.3944613194526757,0.3776064345405515,,0.23528346065663988
2025-01-27,2024-25,BOS,HOU,112,114,,,-5.5,0,0.5901371940752949,0.5700198069446891,0.6102545812059006,0.6910373748691927,,0.6837356127682949
2025-01-27,2024-25,CLE,DET,110,91,,,-10.5,1,0.776871690943123,0.7737430688902762,0.7800003129959697,0.8351574732232395,,0.8126491965359115
2025-01-27,2024-25,CHA,LAL,107,112,,,4.5,0,0.3679277074592515,0.34606949027522005,0.389785924643283,0.389427269005442,,0.3494051226951947
2025-01-28,2024-25,ATL,HOU,96,100,,,5.5,0,0.3613290569963716,0.3512160890898427,0.37144202490290046,0.3946152444240846,,0.31844658639079165
2025-01-28,2024-25,PHI,LAL,118,104,,,4.5,1,0.5487681844419953,0.5491961492762527,0.5483402196077378,0.5220485027065955,,0.3494051226951947
2025-01-28,2024-25,POR,MIL,125,112,,,5.5,1,0.38155873355413783,0.316918278450639,0.4461991886576366,0.3520741746878564,,0.31844658639079165
2025-01-28,2024-25,GSW,UTA,114,103,,,-10.5,1,0.7467054690383979,0.7577175524892712,0.7356933855875246,0.7520741638414749,,0.8126491965359115
2025-01-29,2024-25,PHI,SAC,117,104,,,8.5,1,0.45164566694097774,0.4286183148100441,0.47467301907191145,0.5049692667522725,,0.23528346065663988
2025-01-29,2024-25,SAS,LAC,116,128,,,3.5,0,0.4432337942136729,0.431369367322312,0.4550982211050338,0.5211339279414626,,0.3816878509294548
2025-01-29,2024-25,GSW,OKC,116,109,,,9.5,1,0.21247044382902602,0.20465985503727796,0.22028103262077406,0.2844015097717233,,0.21115472978709024
2025-01-29,2024-25,IND,DET,133,119,,,-5.5,1,0.7201117294274724,0.7037593653636852,0.7364640934912596,0.7652940211320901,,0.6837356127682949
2025-01-29,2024-25,NOP,DAL,136,137,,,1.5,0,0.35239659744440477,0.3387803250421108,0.3660128698466987,0.3612622738868964,,0.4492105947756774
2025-01-29,2024-25,WAS,TOR,82,106,,,5.5,0,0.2970413091620995,0.2587010051451954,0.3353816131790035,0.3743929408694096,,0.31844658639079165
2025-01-29,2024-25,BOS,CHI,122,100,,,-14.5,1,0.8394847202603479,0.8162666245955276,0.8627028159251683,0.873160367348078,,0.8833327242620539
2025-01-29,2024-25,CHA,BKN,83,104,,,-1.5,0,0.653114064852993,0.6560552553302398,0.650172874375746,0.678821296232415,,0.5532803541656142
2025-01-29,2024-25,NYK,DEN,122,112,,,-2.5,1,0.5746542244823922,0.5952859329803268,0.5540225159844577,0.6574829539439979,,0.5873929722941529
2025-01-29,2024-25,PHX,MIN,113,121,,,-0.5,0,0.476797732124034,0.45872717640172117,0.4948682878463468,0.5095310970492731,,0.5186585439800319
2025-01-29,2024-25,MIA,CLE,106,126,,,5.5,0,0.33551694306615754,0.3293949246844402,0.34163896144787487,0.3858301729660657,,0.31844658639079165
2025-01-30,2024-25,CLE,ATL,137,115,,,-11.5,1,0.847457383865982,0.8212690356897024,0.8736457320422616,0.8726966657391692,,0.8329362310205675
2025-01-30,2024-25,UTA,MIN,113,138,,,5.5,0,0.32396078722306354,0.30781830953546996,0.34010326491065707,0.3057072700003937,,0.31844658639079165
2025-01-30,2024-25,WAS,LAL,96,134,,,8.5,0,0.20350163508297692,0.15360319045082568,0.2534000797151281,0.2270989400092118,,0.23528346065663988
2025-01-30,2024-25,MEM,HOU,120,119,,,-4.5,1,0.5627564734178434,0.5619110362508664,0.5636019105848206,0.5950971561966968,,0.6528811761685757
2025-01-30,2024-25,POR,ORL,119,90,,,5.5,1,0.5289769609896589,0.5092554805381996,0.5486984414411181,0.5776941162338167,,0.31844658639079165
2025-01-31,2024-25,GSW,PHX,105,130,,,2.5,0,0.5440552645679032,0.5614730788577392,0.5266374502780672,0.6216327336379556,,0.41505045389637707
2025-01-31,2024-25,CHA,LAC,104,112,,,13.5,0,0.2683410779856055,0.2706489438386297,0.26603321213258135,0.3149442313652266,,0.132959841458717
2025-01-31,2024-25,DET,DAL,117,102,,,1.5,1,0.49506715235480603,0.5057140383475155,0.4844202663620965,0.527485062690174,,0.4492105947756774
2025-01-31,2024-25,PHI,DEN,134,137,,,9.5,0,0.438397779334138,0.4203223103660326,0.45647324830224334,0.4645457161612055,,0.21115472978709024
2025-01-31,2024-25,SAS,MIL,144,118,,,2.5,1,0.39238121243214474,0.381072490238925,0.40368993462536457,0.4831940883105227,,0.41505045389637707
2025-01-31,2024-25,TOR,CHI,106,122,,,-4.5,0,0.6313379847764222,0.643819363773428,0.6188566057794165,0.6547617186804855,,0.6528811761685757
2025-01-31,2024-25,NOP,BOS,116,118,,,11.5,0,0.21336339058282294,0.21883828305718053,0.20788849810846538,0.2352021901999556,,0.16847015425964673
2025-02-01,2024-25,UTA,ORL,113,99,,,3.5,1,0.5107720266385298,0.5073245570559183,0.5142194962211413,0.5582670544083462,,0.3816878509294548
2025-02-01,2024-25,SAS,MIA,103,105,,,2.5,0,0.5683601600395689,0.5507241313663,0.5859961887128378,0.6349055625544711,,0.41505045389637707
2025-02-01,2024-25,MIN,WAS,103,105,,,-11.5,0,0.922965494388106,0.9488965101592024,0.8970344786170098,0.9534398735918852,,0.8329362310205675
2025-02-01,2024-25,HOU,BKN,98,110,,,-12.5,0,0.8872397403659809,0.8781948968918467,0.896284583840115,0.9013265145973076,,0.8514281304931971
2025-02-01,2024-25,CHA,DEN,104,107,,,12.5,0,0.2575364578811511,0.25283282365452414,0.262240092107778,0.2539874115589939,,0.149850591223406
2025-02-01,2024-25,IND,ATL,132,127,,,-9.5,1,0.7751703739815174,0.7837165230504416,0.7666242249125933,0.8056560441166387,,0.790518217596245
2025-02-01,2024-25,NYK,LAL,112,128,,,-10.5,0,0.7265212772062899,0.7021125402522951,0.7509300141602846,0.7570360003322714,,0.8126491965359115
2025-02-01,2024-25,POR,PHX,127,108,,,4.5,1,0.5094881146724987,0.48157480201864306,0.5374014273263542,0.4796650023398369,,0.3494051226951947
2025-02-01,2024-25,OKC,SAC,144,110,,,-7.5,1,0.7844404688326929,0.7893576133001198,0.779523324365266,0.8279241698568307,,0.7406831670688772
2025-02-02,2024-25,TOR,LAC,115,108,,,5.5,1,0.3535115141558482,0.35487288932592953,0.35215013898576686,0.4150142040204725,,0.31844658639079165
2025-02-02,2024-25,MIL,MEM,119,132,,,-3.5,0,0.46112987439764375,0.48928987646865496,0.4329698723266325,0.5590849536687081,,0.6206865291604615
2025-02-02,2024-25,PHI,BOS,110,118,,,12.5,0,0.36894400070390876,0.3762629069981846,0.361625094409633,0.381724381346039,,0.149850591223406
2025-02-02,2024-25,CLE,DAL,144,101,,,-15.5,1,0.7791293581507843,0.7777333609967514,0.7805253553048171,0.802969283075502,,0.8969365809385075
2025-02-02,2024-25,DET,CHI,127,119,,,-5.5,1,0.6807509828115939,0.6761681078477583,0.6853338577754294,0.7104863291003289,,0.6837356127682949
2025-02-03,2024-25,MIN,SAC,114,116,,,-4.5,0,0.6818459784270519,0.6803926956960864,0.6832992611580172,0.7273822071803835,,0.6528811761685757
2025-02-03,2024-25,DEN,NOP,125,113,,,-9.5,1,0.8666133828639079,0.8549832416589942,0.8782435240688216,0.8888439390935948,,0.790518217596245
2025-02-03,2024-25,DET,ATL,130,132,,,-4.5,0,0.6686891751244934,0.6602107773034257,0.6771675729455613,0.705370287294095,,0.6528811761685757
2025-02-03,2024-25,POR,PHX,121,119,,,4.5,1,0.5013530673405172,0.4684036845663934,0.534302450114641,0.5317186069500217,,0.3494051226951947
2025-02-03,2024-25,UTA,IND,111,112,,,6.5,0,0.286365522732562,0.2732943334107177,0.2994367120544063,0.3374577857082286,,0.2890125525275827
2025-02-03,2024-25,MEM,SAS,128,109,,,-4.5,1,0.7569313262198922,0.7530857305833051,0.7607769218564794,0.8037053110771194,,0.6528811761685757
2025-02-03,2024-25,CHA,WAS,114,124,,,-4.5,0,0.7582486765346831,0.7683155641596418,0.7481817889097244,0.7629182745678166,,0.6528811761685757
2025-02-03,2024-25,OKC,MIL,125,96,,,-17.5,1,0.8441446618767126,0.8501221525194621,0.8381671712339631,0.8491416029974268,,0.919986984880304
2025-02-03,2024-25,NYK,HOU,124,118,,,-7.5,1,0.6126526589789891,0.6189047094256565,0.6064006085323219,0.6501242747508518,,0.7406831670688772
2025-02-03,2024-25,GSW,ORL,104,99,,,-3.5,1,0.6615849233444981,0.6771271836170147,0.6460426630719815,0.7117118920312735,,0.6206865291604615
2025-02-04,2024-25,CHI,MIA,133,124,,,3.5,1,0.5025229369646143,0.5023842380814248,0.5026616358478037,0.5598001248512078,,0.3816878509294548
2025-02-04,2024-25,BKN,HOU,99,97,,,8.5,1,0.3219830816349104,0.3498405234254004,0.2941256398444205,0.3280061415063072,,0.23528346065663988
2025-02-04,2024-25,CLE,BOS,105,112,,,-1.5,0,0.6192548534598115,0.639489107219989,0.5990205996996338,0.6811537597969066,,0.5532803541656142
2025-02-04,2024-25,PHI,DAL,118,116,,,-3.5,1,0.5406659109636109,0.5483705357761173,0.5329612861511047,0.5523289157953641,,0.6206865291604615
2025-02-04,2024-25,POR,IND,112,89,,,5.5,1,0.4121622862646164,0.398148590276684,0.4261759822525488,0.4181874452744072,,0.31844658639079165
2025-02-04,2024-25,LAC,LAL,97,122,,,-8.5,0,0.5757215604814656,0.583876291252555,0.5675668297103763,0.637256768544481,,0.7665240746293874
2025-02-04,2024-25,TOR,NYK,115,121,,,5.5,0,0.41187586156874867,0.3990721900100543,0.4246795331274431,0.3655004117760859,,0.31844658639079165
2025-02-05,2024-25,DET,CLE,115,118,,,3.5,0,0.39189732547088657,0.3766492977132729,0.40714535322850026,0.3624108610860475,,0.3816878509294548
2025-02-05,2024-25,TOR,MEM,107,138,,,9.5,0,0.2981623427853754,0.27310847499908814,0.32321621057166267,0.3505605708636474,,0.21115472978709024
2025-02-05,2024-25,SAC,ORL,111,130,,,-3.5,0,0.7497651108133268,0.7572169297904977,0.7423132918361558,0.8007376826355435,,0.6206865291604615
2025-02-05,2024-25,CHA,MIL,102,112,,,8.5,0,0.3240495721942651,0.29646032550127316,0.35163881888725707,0.3312629054070622,,0.23528346065663988
2025-02-05,2024-25,UTA,GSW,131,128,,,6.5,1,0.4560486486462515,0.43566668647883017,0.4764306108136729,0.501921471044327,,0.2890125525275827
2025-02-05,2024-25,MIN,CHI,127,108,,,-10.5,1,0.8108647032752729,0.8216794973682484,0.8000499091822976,0.82461355888043,,0.8126491965359115
2025-02-05,2024-25,DEN,NOP,144,119,,,-11.5,1,0.868217938394595,0.8600153539068681,0.876420522882322,0.8912547184707972,,0.8329362310205675
2025-02-05,2024-25,PHI,MIA,101,108,,,-1.5,0,0.6125628879064224,0.6439896520378957,0.5811361237749493,0.6352494934779807,,0.5532803541656142
2025-02-05,2024-25,BKN,WAS,102,119,,,-5.5,0,0.7388736545260634,0.7505863883451511,0.7271609207069756,0.8039193887421159,,0.6837356127682949
2025-02-05,2024-25,OKC,PHX,140,109,,,-12.5,1,0.8287389914963604,0.845996684447876,0.8114812985448449,0.8687218479860752,,0.8514281304931971
2025-02-05,2024-25,ATL,SAS,125,126,,,4.5,0,0.5385941248893891,0.5393475719335133,0.5378406778452649,0.6198042154163083,,0.3494051226951947
2025-02-06,2024-25,POR,SAC,108,102,,,1.5,1,0.5797346753582763,0.5891551115796805,0.5703142391368721,0.5595064720731531,,0.4492105947756774
2025-02-06,2024-25,DEN,ORL,112,90,,,-6.5,1,0.8335912798458225,0.8283109260518678,0.8388716336397772,0.8335866200327564,,0.7130528657723422
2025-02-06,2024-25,BOS,DAL,120,127,,,-12.5,0,0.7609042951761702,0.7590163696567964,0.762792220695544,0.807131283068337,,0.8514281304931971
2025-02-06,2024-25,LAL,GSW,120,112,,,-4.5,1,0.7652875922716627,0.7835957292865756,0.7469794552567497,0.7746875748858888,,0.6528811761685757
2025-02-06,2024-25,LAC,IND,112,119,,,-5.5,0,0.5056751225316686,0.5269299787012407,0.4844202663620965,0.5833467387809401,,0.6837356127682949
2025-02-06,2024-25,MIN,HOU,127,114,,,-0.5,1,0.6162142295963242,0.6037922110861066,0.6286362481065418,0.6698604434509375,,0.5186585439800319
2025-02-07,2024-25,DET,PHI,125,112,,,6.5,1,0.5568694408866077,0.5990528852853826,0.5146859964878329,0.6666900655297286,,0.2890125525275827
2025-02-07,2024-25,PHX,UTA,135,127,,,-7.5,1,0.7279848391900388,0.7069624290320579,0.7490072493480195,0.7818434020334342,,0.7406831670688772
2025-02-07,2024-25,BKN,MIA,102,86,,,5.5,1,0.4091208466856662,0.39295512060548954,0.42528657276584286,0.4491457337495412,,0.31844658639079165
2025-02-07,2024-25,WAS,CLE,124,134,,,17.5,0,0.13126793908261117,0.08980618059675514,0.1727296975684672,0.1315186472772953,,0.08075763540441075
2025-02-07,2024-25,CHA,SAS,117,116,,,9.5,1,0.3636346544840483,0.3588800227287741,0.36838928623932254,0.3966627213244714,,0.21115472978709024
2025-02-07,2024-25,ATL,MIL,115,110,,,2.5,1,0.43746737553601056,0.44769904210981887,0.4272357089622022,0.5203429511563303,,0.41505045389637707
2025-02-07,2024-25,OKC,TOR,121,109,,,-18.5,1,0.9001674251159983,0.9057293861431348,0.8946054640888618,0.9267177911976509,,0.9296571683215398
2025-02-08,2024-25,MEM,OKC,112,125,,,1.5,0,0.4845072862018175,0.5075912323638173,0.4614233400398176,0.4883860798630123,,0.4492105947756774
2025-02-08,2024-25,WAS,ATL,111,125,,,6.5,0,0.3385070481427907,0.33635555126614,0.3406585450194414,0.3690391960615647,,0.2890125525275827
2025-02-08,2024-25,MIN,POR,114,98,,,-3.5,1,0.7529177561088813,0.756828262869743,0.7490072493480195,0.8067722112845327,,0.6206865291604615
2025-02-08,2024-25,CHI,GSW,111,132,,,6.5,0,0.5517042210466025,0.5410893994660542,0.5623190426271509,0.5972748400741286,,0.2890125525275827
2025-02-08,2024-25,ORL,SAS,112,111,,,-2.5,1,0.5960167434701791,0.6141708340767958,0.5778626528635624,0.5970051086615017,,0.5873929722941529
2025-02-08,2024-25,NYK,BOS,104,131,,,2.5,0,0.5623193544187034,0.5301519437650828,0.594486765072324,0.5823760883237101,,0.41505045389637707
2025-02-08,2024-25,LAC,UTA,130,110,,,-17.5,1,0.7945196092062538,0.8033886426161319,0.7856505757963756,0.8031986060058455,,0.919986984880304
2025-02-08,2024-25,LAL,IND,124,117,,,4.5,1,0.573083256900561,0.590111928289127,0.5560545855119952,0.6448390254515299,,0.3494051226951947
2025-02-08,2024-25,PHX,DEN,105,122,,,6.5,0,0.3676373328240417,0.34429551753228027,0.39097914811580314,0.4768952100376809,,0.2890125525275827
2025-02-08,2024-25,DAL,HOU,116,105,,,-3.5,1,0.5387914757461519,0.5484217846743623,0.5291611668179416,0.5904138045893959,,0.6206865291604615
2025-02-08,2024-25,SAC,NOP,123,118,,,-8.5,1,0.7471447480213492,0.763236940472812,0.7310525555698865,0.8253499464670477,,0.7665240746293874
2025-02-09,2024-25,DET,CHA,112,102,,,-11.5,1,0.7977664978184689,0.8057031919644855,0.7898298036724523,0.8408141754968891,,0.8329362310205675
2025-02-09,2024-25,HOU,TOR,94,87,,,-8.5,1,0.725533917155192,0.7233479414640014,0.7277198928463826,0.8271548637755359,,0.7665240746293874
2025-02-09,2024-25,MIL,PHI,135,127,,,3.5,1,0.6085546379479576,0.6215080707011819,0.5956012051947335,0.7247519191969235,,0.3816878509294548
2025-02-10,2024-25,LAL,UTA,132,113,,,-12.5,1,0.8109790094907539,0.8249149520669224,0.7970430669145854,0.863332391175028,,0.8514281304931971
2025-02-10,2024-25,MIA,BOS,85,103,,,8.5,0,0.27393038642971357,0.29048851409603405,0.25737225876339304,0.3421455997593831,,0.23528346065663988
2025-02-10,2024-25,ORL,ATL,106,112,,,-6.5,0,0.5231600662695288,0.5597249070718501,0.4865952254672076,0.6069541518691017,,0.7130528657723422
2025-02-10,2024-25,CLE,MIN,128,107,,,-7.5,1,0.6707165412555781,0.669178677354974,0.6722544051561822,0.7233862513850495,,0.7406831670688772
2025-02-10,2024-25,OKC,NOP,137,101,,,-17.5,1,0.9183290515031717,0.9376782125483609,0.8989798904579824,0.9497178847781748,,0.919986984880304
2025-02-10,2024-25,DEN,POR,146,117,,,-9.5,1,0.7714186290211182,0.7764039695222643,0.7664332885199723,0.8250472159781692,,0.790518217596245
2025-02-10,2024-25,DAL,SAC,128,129,,,1.5,0,0.6336853548529866,0.6367667152784398,0.6306039944275333,0.6862503198920771,,0.4492105947756774
2025-02-10,2024-25,MIL,GSW,111,125,,,7.5,0,0.6293719810955976,0.5827173147611125,0.6760266474300826,0.6967192363080593,,0.26125623891201216
2025-02-10,2024-25,WAS,SAS,121,131,,,10.5,0,0.2855969675826754,0.28299377273589343,0.28820016242945734,0.3465937592041848,,0.18888924117694963
2025-02-10,2024-25,BKN,CHA,97,89,,,-4.5,1,0.6929361123228803,0.7168438879717375,0.6690283366740233,0.7272504059401939,,0.6528811761685757
2025-02-11,2024-25,PHX,MEM,112,119,,,3.5,0,0.39082694574948035,0.37213552758091406,0.40951836391804664,0.4574405779397176,,0.3816878509294548
2025-02-11,2024-25,PHI,TOR,103,106,,,-10.5,0,0.6652075740909487,0.680124502685228,0.6502906454966693,0.7082944899278125,,0.8126491965359115
2025-02-11,2024-25,IND,NYK,115,128,,,2.5,0,0.5375102218964171,0.5695160962913994,0.5055043475014347,0.6129648399652309,,0.41505045389637707
2025-02-11,2024-25,CHI,DET,92,132,,,5.5,0,0.4440736130432351,0.43120230911542484,0.45694491697104533,0.5259387008082574,,0.31844658639079165
2025-02-12,2024-25,TOR,CLE,108,131,,,12.5,0,0.2064738283853162,0.1762646804893663,0.23668297628126606,0.2454392232253032,,0.149850591223406
2025-02-12,2024-25,WAS,IND,130,134,,,9.5,0,0.22527985697759417,0.22640427523578885,0.22415543871939947,0.2227478795474778,,0.21115472978709024
2025-02-12,2024-25,NOP,SAC,111,119,,,5.5,0,0.3369812906842441,0.3408427293251393,0.3331198520433489,0.3845173471642838,,0.31844658639079165
2025-02-12,2024-25,BOS,SAS,116,103,,,-7.5,1,0.8121919281461885,0.8190564141459002,0.8053274421464767,0.8674419289468536,,0.7406831670688772
2025-02-12,2024-25,CHI,DET,110,128,,,6.5,0,0.3846679480928643,0.3904190301863686,0.37891686599936,0.4493606201677708,,0.2890125525275827
2025-02-12,2024-25,ORL,CHA,102,86,,,-12.5,1,0.7274463348473842,0.7572437663104101,0.6976489033843583,0.7912756291432933,,0.8514281304931971
2025-02-12,2024-25,BKN,PHI,100,96,,,-1.5,1,0.5594539679468652,0.5344330003611732,0.5844749355325571,0.5467633604840031,,0.5532803541656142
2025-02-12,2024-25,NYK,ATL,149,148,,,-8.5,1,0.7456159719264939,0.7267142320305434,0.7645177118224444,0.800906865429083,,0.7665240746293874
2025-02-12,2024-25,MIN,MIL,101,103,,,-9.5,0,0.7337701286466927,0.7307682711617391,0.7367719861316461,0.7653667936909972,,0.790518217596245
2025-02-12,2024-25,LAC,MEM,128,114,,,-6.5,1,0.5204392770552,0.5161809182506746,0.5246976358597255,0.4961184695286869,,0.7130528657723422
2025-02-12,2024-25,HOU,PHX,119,111,,,-9.5,1,0.6933404682560582,0.7335135331828502,0.6531674033292663,0.7455769930800666,,0.790518217596245
2025-02-12,2024-25,DEN,POR,132,121,,,-8.5,1,0.8131405534971562,0.8020481616874321,0.8242329453068803,0.8357042494539748,,0.7665240746293874
2025-02-12,2024-25,OKC,MIA,115,101,,,-13.5,1,0.897654115784833,0.9047908207182215,0.8905174108514446,0.9058903755083438,,0.868197092052344
2025-02-12,2024-25,UTA,LAL,131,119,,,9.5,1,0.2587736318959488,0.2557739214223353,0.2617733423695623,0.3242626594829118,,0.21115472978709024
2025-02-12,2024-25,DAL,GSW,111,107,,,7.5,1,0.6448493003937634,0.614379523890885,0.6753190768966418,0.6974090095295381,,0.26125623891201216
2025-02-13,2024-25,DAL,MIA,118,113,,,2.5,1,0.7427133555606923,0.7446211229409408,0.7408055881804437,0.7501970955076029,,0.41505045389637707
2025-02-13,2024-25,MIN,OKC,116,101,,,9.5,1,0.34488200835355953,0.3715612441181117,0.3182027725890073,0.4280007479336335,,0.21115472978709024
2025-02-13,2024-25,UTA,LAC,116,120,,,9.5,0,0.3760215110938404,0.392853846840068,0.35918917534761274,0.4222791481306324,,0.21115472978709024
2025-02-13,2024-25,NOP,SAC,140,133,,,7.5,1,0.3538265962657027,0.36340055700736246,0.3442526355240429,0.3680476487897434,,0.26125623891201216
2025-02-13,2024-25,HOU,GSW,98,105,,,1.5,0,0.6650226318073116,0.6621262838699865,0.6679189797446367,0.7372492396121123,,0.4492105947756774
2025-02-19,2024-25,LAL,CHA,97,100,,,-13.5,0,0.8884061072015212,0.8988964382029851,0.8779157762000572,0.902519745173704,,0.868197092052344
2025-02-20,2024-25,IND,MEM,127,113,,,-0.5,1,0.5021736189473488,0.51775201242749,0.4865952254672076,0.5682013423071267,,0.5186585439800319
2025-02-20,2024-25,BKN,CLE,97,110,,,12.5,0,0.1798206694493444,0.1765101933594924,0.18313114553919643,0.2139315356261259,,0.149850591223406
2025-02-20,2024-25,NYK,CHI,113,111,,,-10.5,1,0.846678002837809,0.8374506033289872,0.8559054023466308,0.8756813229198812,,0.8126491965359115
2025-02-20,2024-25,POR,LAL,102,110,,,1.5,0,0.4733797552536717,0.4776282092923311,0.4691313012150124,0.4897506930318092,,0.4492105947756774
2025-02-20,2024-25,DEN,CHA,129,115,,,-18.5,1,0.9138692430566322,0.9395201732344646,0.8882183128787997,0.9272675574590548,,0.9296571683215398
2025-02-20,2024-25,SAS,PHX,120,109,,,2.5,1,0.52818910142465,0.5697829773820924,0.4865952254672076,0.6156503405837891,,0.41505045389637707
2025-02-20,2024-25,PHI,BOS,104,124,,,6.5,0,0.26955306866822226,0.2516383780008654,0.28746775933557916,0.2848671113178899,,0.2890125525275827
2025-02-20,2024-25,MIL,LAC,116,110,,,1.5,1,0.4813052394599783,0.4947706470558294,0.4678398318641272,0.6010352475272235,,0.4492105947756774
2025-02-20,2024-25,ATL,ORL,108,114,,,1.5,0,0.6326517256861608,0.62113457710081,0.6441688742715115,0.6865132745873392,,0.4492105947756774
2025-02-21,2024-25,ORL,MEM,104,105,,,1.5,0,0.414968551670455,0.43773766067788566,0.39219944266302437,0.4120327702459517,,0.4492105947756774
2025-02-21,2024-25,HOU,MIN,121,115,,,-4.5,1,0.44926091701660875,0.4502083584599511,0.44831347557326645,0.55752186210425,,0.6528811761685757
2025-02-21,2024-25,SAC,GSW,108,132,,,2.5,0,0.576037769676667,0.5755018091056364,0.5765737302476976,0.6459814279161991,,0.41505045389637707
2025-02-21,2024-25,CLE,NYK,142,105,,,-7.5,1,0.7528180227593514,0.7521385581826696,0.7534974873360332,0.7569448816723146,,0.7406831670688772
2025-02-21,2024-25,WAS,MIL,101,104,,,5.5,0,0.27892520240391294,0.3060319766965152,0.2518184281113107,0.2599950843080676,,0.31844658639079165
2025-02-21,2024-25,SAS,DET,110,125,,,4.5,0,0.4534296000256153,0.4357180262390125,0.471141173812218,0.5561417668266292,,0.3494051226951947
2025-02-21,2024-25,TOR,MIA,111,120,,,3.5,0,0.5196481650596656,0.5048834216790629,0.5344129084402683,0.5584376344500257,,0.3816878509294548
2025-02-21,2024-25,DAL,NOP,111,103,,,-5.5,1,0.8083288587614419,0.8201221480777927,0.796535569445091,0.8539255260945776,,0.6837356127682949
2025-02-21,2024-25,UTA,OKC,107,130,,,15.5,0,0.17406654468626875,0.15761946534308718,0.1905136240294503,0.1852985371593248,,0.10399830273116084
2025-02-22,2024-25,DEN,LAL,100,123,,,-6.5,0,0.676473819111959,0.6697878853037013,0.6831597529202168,0.7325517467594779,,0.7130528657723422
2025-02-22,2024-25,PHI,BKN,103,105,,,-11.5,0,0.6216555510585091,0.6413434648289849,0.6019676372880335,0.7054498961436969,,0.8329362310205675
2025-02-22,2024-25,POR,CHA,141,88,,,-6.5,1,0.7675666214759203,0.7860184568360656,0.7491147861157748,0.8052520738187209,,0.7130528657723422
2025-02-22,2024-25,CHI,PHX,117,121,,,5.5,0,0.4727194487721361,0.46631166706895055,0.47912723047532163,0.4983098342302658,,0.31844658639079165
2025-02-22,2024-25,UTA,HOU,124,115,,,8.5,1,0.38519936979253433,0.41872255264584407,0.35167618693922453,0.3673541459941224,,0.23528346065663988
2025-02-23,2024-25,GSW,DAL,126,102,,,-9.5,1,0.5447825234478004,0.5856122348677945,0.5039528120278064,0.6123107214525609,,0.790518217596245
2025-02-23,2024-25,CLE,MEM,129,123,,,-5.5,1,0.7564443139265719,0.7691871332296891,0.7437014946234546,0.7752286164052758,,0.6837356127682949
2025-02-23,2024-25,IND,LAC,129,111,,,-3.5,1,0.6204569419837693,0.6223158011087705,0.6185980828587682,0.6854276334705522,,0.6206865291604615
2025-02-23,2024-25,NOP,SAS,114,96,,,-2.5,1,0.4240136189200741,0.4265932991124275,0.4214339387277207,0.4809245201861947,,0.5873929722941529
2025-02-23,2024-25,BOS,NYK,118,105,,,-7.5,1,0.7361879696901805,0.7343295553989616,0.7380463839813994,0.7613486402129493,,0.7406831670688772
2025-02-23,2024-25,TOR,PHX,127,109,,,2.5,1,0.564077890607179,0.5554578974940736,0.5726978837202846,0.5107780962840031,,0.41505045389637707
2025-02-23,2024-25,MIL,MIA,120,113,,,-3.5,1,0.6645297741276253,0.647134662542003,0.6819248857132475,0.7143911330988673,,0.6206865291604615
2025-02-23,2024-25,ATL,DET,143,148,,,1.5,0,0.45902412712826635,0.4238796566119009,0.49416859764463184,0.5132336148849453,,0.4492105947756774
2025-02-23,2024-25,ORL,WAS,110,90,,,-13.5,1,0.7851081230619024,0.8114902372211436,0.7587260089026611,0.8489967953173669,,0.868197092052344
2025-02-23,2024-25,MIN,OKC,123,130,,,8.5,0,0.3644755370609542,0.36671885896587214,0.36223221515603626,0.4601374160438887,,0.23528346065663988
2025-02-24,2024-25,WAS,BKN,107,99,,,1.5,1,0.3881339092605711,0.3574375020294748,0.4188303164916675,0.4310832044178417,,0.4492105947756774
2025-02-24,2024-25,SAC,CHA,130,88,,,-10.5,1,0.8045846030509087,0.8250175458364949,0.7841516602653226,0.8507836455584661,,0.8126491965359115
2025-02-24,2024-25,OKC,MIN,128,131,,,-12.5,0,0.7994332051903255,0.8238336468809421,0.7750327634997088,0.8009034347797845,,0.8514281304931971
2025-02-24,2024-25,ATL,MIA,98,86,,,-2.5,1,0.6476319799092708,0.6640062171295508,0.6312577426889908,0.6238510806720409,,0.5873929722941529
2025-02-24,2024-25,IND,DEN,116,125,,,3.5,0,0.4973054059742158,0.4959029020387283,0.4987079099097034,0.5944467656064228,,0.3816878509294548
2025-02-24,2024-25,DET,LAC,106,97,,,-2.5,1,0.6572622642773653,0.687290241258643,0.6272342872960877,0.6710054016974317,,0.5873929722941529
2025-02-24,2024-25,PHI,CHI,110,142,,,-5.5,0,0.6703284045588032,0.6611817364443533,0.6794750726732531,0.708804696439568,,0.6837356127682949
2025-02-24,2024-25,UTA,POR,112,114,,,7.5,0,0.477835795472195,0.4853677301482439,0.4703038607961461,0.5463407562959117,,0.26125623891201216
2025-02-25,2024-25,ORL,CLE,82,122,,,6.5,0,0.23603813741834023,0.22776411778936967,0.24431215704731082,0.2600471519569238,,0.2890125525275827
2025-02-25,2024-25,MEM,PHX,151,148,,,-6.5,1,0.7669949390506892,0.7607143507793657,0.7732755273220128,0.7999918368489776,,0.7130528657723422
2025-02-25,2024-25,LAL,DAL,107,99,,,-8.5,1,0.7077413001656121,0.7245449604970982,0.6909376398341259,0.7126076912118456,,0.7665240746293874
2025-02-25,2024-25,HOU,MIL,100,97,,,-2.5,1,0.6020870374998306,0.5882400481068961,0.615934026892765,0.6740549685649163,,0.5873929722941529
2025-02-25,2024-25,TOR,BOS,101,111,,,10.5,0,0.218301774149685,0.1960945893213482,0.24050895897802174,0.2340188119934552,,0.18888924117694963
2025-02-25,2024-25,GSW,CHA,128,92,,,-17.5,1,0.9041902364217992,0.9138792450110736,0.8945012278325247,0.8927281484609386,,0.919986984880304
2025-02-25,2024-25,NOP,SAS,109,103,,,-2.5,1,0.5104205955659038,0.5017226789665867,0.5191185121652208,0.530919499108042,,0.5873929722941529
2025-02-26,2024-25,MIA,ATL,131,109,,,-3.5,1,0.4959354296666634,0.5031777541652946,0.48869310516803205,0.6326487575157435,,0.6206865291604615
2025-02-26,2024-25,HOU,SAS,118,106,,,-7.5,1,0.7534430554232857,0.7560972911532369,0.7507888196933346,0.7872703364356245,,0.7406831670688772
2025-02-26,2024-25,UTA,SAC,101,118,,,9.5,0,0.4285212414792696,0.4429031631638195,0.41413931979471974,0.4820818763969851,,0.21115472978709024
2025-02-26,2024-25,CHI,LAC,117,122,,,9.5,0,0.40374077142218834,0.4027199316783606,0.404761611166016,0.4658124434268551,,0.21115472978709024
2025-02-26,2024-25,NYK,PHI,110,105,,,-8.5,1,0.8041334236478511,0.8030116313189346,0.8052552159767676,0.8558951048178725,,0.7665240746293874
2025-02-26,2024-25,IND,TOR,111,91,,,-11.5,1,0.8079864660278778,0.8229082132210334,0.7930647188347223,0.8289781956498627,,0.8329362310205675
2025-02-26,2024-25,WAS,POR,121,129,,,6.5,0,0.2916592121832297,0.32308968469551963,0.2602287396709398,0.3373782971632265,,0.2890125525275827
2025-02-26,2024-25,BKN,OKC,121,129,,,16.5,0,0.16000485691076266,0.14643949510929452,0.17357021871223083,0.1746445319199135,,0.09171831128088412
2025-02-26,2024-25,DET,BOS,117,97,,,4.5,1,0.44199107767701507,0.4833234172550954,0.40065873809893465,0.425496144233904,,0.3494051226951947
2025-02-27,2024-25,ORL,GSW,115,121,,,4.5,0,0.3949202437412922,0.41006635516265716,0.3797741323199272,0.4678128919588621,,0.3494051226951947
2025-02-27,2024-25,LAL,MIN,111,102,,,-5.5,1,0.5963120114536445,0.6135043386473515,0.5791196842599375,0.6190266587267992,,0.6837356127682949
2025-02-27,2024-25,MIL,DEN,121,112,,,3.5,1,0.4244754859350821,0.40322727254833685,0.4457236993218274,0.4967609898868672,,0.3816878509294548
2025-02-27,2024-25,PHX,NOP,116,124,,,-6.5,0,0.7100863331036757,0.6837384946607546,0.7364341715465968,0.7502936568035529,,0.7130528657723422
2025-02-27,2024-25,DAL,CHA,103,96,,,-10.5,1,0.8736840281495633,0.8637068501847017,0.8836612061144247,0.8874747425783719,,0.8126491965359115
2025-02-28,2024-25,UTA,MIN,117,116,,,3.5,1,0.32170493343112416,0.3645351730697252,0.2788746937925231,0.310173159194298,,0.3816878509294548
2025-02-28,2024-25,BOS,CLE,116,123,,,-0.5,0,0.5105782123331934,0.5131471733621161,0.5080092513042707,0.5776680870342759,,0.5186585439800319
2025-02-28,2024-25,CHI,TOR,125,115,,,-1.5,1,0.585117848975403,0.5785061403849089,0.5917295575658972,0.640603137691258,,0.5532803541656142
2025-02-28,2024-25,MIA,IND,125,120,,,2.5,1,0.4112157156815073,0.41580984501818596,0.40662158634482864,0.4829616834294776,,0.41505045389637707
2025-02-28,2024-25,PHX,NOP,125,108,,,-9.5,1,0.6934629021556489,0.68675639637636,0.7001694079349378,0.7172761440210107,,0.790518217596245
2025-02-28,2024-25,MEM,NYK,113,114,,,-2.5,0,0.6149120435801034,0.6176873360001113,0.6121367511600956,0.6503033770914061,,0.5873929722941529
2025-02-28,2024-25,LAL,LAC,106,102,,,-0.5,1,0.6843125167159574,0.6658958107069167,0.702729222724998,0.7398997492595613,,0.5186585439800319
2025-02-28,2024-25,ATL,OKC,119,135,,,10.5,0,0.20301501030369024,0.22414465169740685,0.1818853689099736,0.2423108235395798,,0.18888924117694963
2025-02-28,2024-25,BKN,POR,102,121,,,1.5,0,0.47976935737847626,0.459205021492525,0.5003336932644274,0.4997534183732575,,0.4492105947756774
2025-02-28,2024-25,DET,DEN,119,134,,,-2.5,0,0.629681220331713,0.6485501680747147,0.6108122725887113,0.590269675962383,,0.5873929722941529
2025-03-01,2024-25,PHI,GSW,126,119,,,6.5,1,0.34255261516184277,0.29599493271942257,0.389110297604263,0.3922991672990439,,0.2890125525275827
2025-03-01,2024-25,DAL,MIL,117,132,,,2.5,0,0.5879612289093579,0.5805196761623533,0.5954027816563624,0.6406314220220339,,0.41505045389637707
2025-03-01,2024-25,MEM,SAS,128,130,,,-5.5,0,0.7695997095307456,0.7643827380826337,0.7748166809788575,0.8273035498778217,,0.6837356127682949
2025-03-01,2024-25,DET,BKN,115,94,,,-12.5,1,0.8459457730441096,0.8618424522561136,0.8300490938321057,0.8575901509604258,,0.8514281304931971
2025-03-01,2024-25,HOU,SAC,103,113,,,-3.5,0,0.5856279852551205,0.5955117584276003,0.5757442120826408,0.7068786466286808,,0.6206865291604615
2025-03-01,2024-25,CHA,WAS,100,113,,,-3.5,0,0.5228222615698104,0.5350426785588075,0.5106018445808131,0.684353744057737,,0.6206865291604615
2025-03-02,2024-25,CLE,POR,133,129,,,-10.5,1,0.875280273289777,0.8639386344101304,0.8866219121694235,0.8894235218998637,,0.8126491965359115
2025-03-02,2024-25,SAS,OKC,132,146,,,13.5,0,0.16488717414062035,0.15246159493674596,0.17731275334449473,0.2282135468031274,,0.132959841458717
2025-03-02,2024-25,UTA,NOP,121,128,,,7.5,0,0.588446908471368,0.5983121681934508,0.5785816487492853,0.6448511860290764,,0.26125623891201216
2025-03-02,2024-25,BOS,DEN,110,103,,,-5.5,1,0.627690783750434,0.6432959772341306,0.6120855902667375,0.7008577196168336,,0.6837356127682949
2025-03-02,2024-25,IND,CHI,127,112,,,-11.5,1,0.7863382857976653,0.7904409942276737,0.7822355773676568,0.8240089391665545,,0.8329362310205675
2025-03-02,2024-25,MIA,NYK,112,116,,,6.5,0,0.4392789754252723,0.44712488601008116,0.4314330648404634,0.4579227450869028,,0.2890125525275827
2025-03-02,2024-25,LAL,LAC,108,102,,,2.5,1,0.7158218824577185,0.6922747094859664,0.7393690554294707,0.7466837400246332,,0.41505045389637707
2025-03-02,2024-25,ORL,TOR,102,104,,,-6.5,0,0.6723993838485569,0.668231873864828,0.676566893832286,0.6901740290672774,,0.7130528657723422
2025-03-02,2024-25,PHX,MIN,98,116,,,2.5,0,0.3765758198384501,0.3943432935074922,0.35880834616940804,0.4268858071010348,,0.41505045389637707
2025-03-03,2024-25,MIA,WAS,106,90,,,-8.5,1,0.7600538667145188,0.7662427979224196,0.753864935506618,0.8562116191633148,,0.7665240746293874
2025-03-03,2024-25,UTA,DET,106,134,,,10.5,0,0.2733348664064321,0.2568676917750933,0.28980204103777096,0.3584628268128104,,0.18888924117694963
2025-03-03,2024-25,DAL,SAC,98,122,,,1.5,0,0.5370551011107327,0.5324681917784675,0.5416420104429979,0.6315172769614895,,0.4492105947756774
2025-03-03,2024-25,PHI,POR,102,119,,,1.5,0,0.5274151453566323,0.5232922280288032,0.5315380626844614,0.5204465208429753,,0.4492105947756774
2025-03-03,2024-25,OKC,HOU,137,128,,,-15.5,1,0.8206169238792058,0.8346215471943655,0.806612300564046,0.8524184062005008,,0.8969365809385075
2025-03-03,2024-25,MEM,ATL,130,132,,,-7.5,0,0.7384886304168925,0.7218566073747231,0.755120653459062,0.8092051560639058,,0.7406831670688772
2025-03-03,2024-25,CHA,GSW,101,119,,,12.5,0,0.171707512257768,0.15260972392568903,0.190805300589847,0.250456178173851,,0.149850591223406
2025-03-04,2024-25,SAS,BKN,127,113,,,-3.5,1,0.6245709194356688,0.6538087348608336,0.5953331040105041,0.7409747783892748,,0.6206865291604615
2025-03-04,2024-25,LAL,NOP,136,115,,,-7.5,1,0.8200883556328018,0.8341613534121577,0.8060153578534459,0.8703673477439162,,0.7406831670688772
2025-03-04,2024-25,MIN,PHI,126,112,,,-13.5,1,0.8801379765617486,0.8677475601583393,0.892528392965158,0.8725893080689409,,0.868197092052344
2025-03-04,2024-25,NYK,GSW,102,114,,,-1.5,0,0.6336730847099947,0.6204386203095689,0.6469075491104205,0.7072029381421794,,0.5532803541656142
2025-03-04,2024-25,ORL,TOR,113,114,,,-6.5,0,0.5783597823594437,0.6242334695187061,0.5324860952001814,0.6729733247144322,,0.7130528657723422
2025-03-04,2024-25,CHI,CLE,117,139,,,13.5,0,0.1667205903882331,0.1488589740529882,0.18458220672347797,0.1919351383153351,,0.132959841458717
2025-03-04,2024-25,ATL,MIL,121,127,,,5.5,0,0.48895232732197375,0.472542730715681,0.5053619239282665,0.4919426719792417,,0.31844658639079165
2025-03-04,2024-25,IND,HOU,115,102,,,-4.5,1,0.7146700502388414,0.742329369090899,0.6870107313867839,0.6752616061886302,,0.6528811761685757
2025-03-04,2024-25,PHX,LAC,119,117,,,2.5,1,0.4779356634759996,0.44733547508201404,0.5085358518699852,0.5278155414780031,,0.41505045389637707
2025-03-05,2024-25,BOS,POR,128,118,,,-8.5,1,0.7990723298020834,0.8079484495756648,0.790196210028502,0.8411614150850475,,0.7665240746293874
2025-03-05,2024-25,CHA,MIN,110,125,,,9.5,0,0.18283652782456405,0.17071864008787355,0.19495441556125456,0.1768714473422282,,0.21115472978709024
2025-03-05,2024-25,LAC,DET,123,115,,,3.5,1,0.4581273315317483,0.42381972176907395,0.4924349412944226,0.5501919259950278,,0.3816878509294548
2025-03-05,2024-25,CLE,MIA,112,107,,,-13.5,1,0.8821540200691366,0.8644403603466432,0.89986767979163,0.8992543376055881,,0.868197092052344
2025-03-05,2024-25,DEN,SAC,116,110,,,-8.5,1,0.6857490580153136,0.66746858509541,0.7040295309352173,0.7364609795137085,,0.7665240746293874
2025-03-05,2024-25,WAS,UTA,125,122,,,-5.5,1,0.48628461909212084,0.4627530077021534,0.5098162304820884,0.4982984656865893,,0.6837356127682949
2025-03-05,2024-25,MEM,OKC,103,120,,,7.5,0,0.31347381792773954,0.29971767088362244,0.32722996497185664,0.3949284732182432,,0.26125623891201216
2025-03-05,2024-25,MIL,DAL,137,107,,,-12.5,1,0.6760618232615381,0.6649134511391582,0.687210195383918,0.7204999561591847,,0.8514281304931971
2025-03-06,2024-25,LAL,NYK,113,109,,,-2.5,1,0.6646279689941333,0.6839535586730952,0.6453023793151715,0.6796369185435838,,0.5873929722941529
2025-03-06,2024-25,ORL,CHI,123,125,,,-8.5,0,0.6090322892208461,0.6472720482691676,0.5707925301725245,0.6671726579805538,,0.7665240746293874
2025-03-06,2024-25,ATL,IND,124,118,,,-1.5,1,0.42571189589847236,0.41952301904921135,0.43190077274773336,0.4430905897531031,,0.5532803541656142
2025-03-06,2024-25,BKN,GSW,119,121,,,11.5,0,0.27969900743033826,0.2635284337751361,0.2958695810855405,0.3231036518819153,,0.16847015425964673
2025-03-06,2024-25,BOS,PHI,123,105,,,-13.5,1,0.8776690341075593,0.8879291893802863,0.8674088788348321,0.913515528786099,,0.868197092052344
2025-03-06,2024-25,NOP,HOU,97,109,,,3.5,0,0.391559450689367,0.42300437554928066,0.3601145258294533,0.4211311321481278,,0.3816878509294548
2025-03-07,2024-25,OKC,POR,107,89,,,-1.5,1,0.8720624801810373,0.8622723448358119,0.8818526155262627,0.8951144303063776,,0.5532803541656142
2025-03-07,2024-25,LAC,NYK,105,95,,,-6.5,1,0.5948136990746995,0.635737311124147,0.5538900870252519,0.5566404866351258,,0.7130528657723422
2025-03-07,2024-25,MIA,MIN,104,106,,,3.5,0,0.37397885017338034,0.4116489670711517,0.336308733275609,0.4252844720084384,,0.3816878509294548
2025-03-07,2024-25,CHA,CLE,117,118,,,16.5,0,0.11909911477177194,0.06184688595332092,0.17635134359022298,0.0886714796462857,,0.09171831128088412
2025-03-07,2024-25,DAL,MEM,111,122,,,9.5,0,0.4760291533228106,0.4576583004729738,0.4944000061726474,0.5193290919459327,,0.21115472978709024
2025-03-07,2024-25,TOR,UTA,118,109,,,-5.5,1,0.6223384674052073,0.634306996139951,0.6103699386704636,0.7014312686824049,,0.6837356127682949
2025-03-07,2024-25,SAC,SAS,127,109,,,-6.5,1,0.747680743619364,0.7545300195152629,0.7408314677234651,0.7674853889608749,,0.7130528657723422
2025-03-07,2024-25,DEN,PHX,149,141,,,-8.5,1,0.8014591885304725,0.7931258526598408,0.809792524401104,0.8379133294886726,,0.7665240746293874
2025-03-08,2024-25,HOU,NOP,146,117,,,-6.5,1,0.750571418746464,0.7649047736082222,0.7362380638847058,0.8277540317794921,,0.7130528657723422
2025-03-08,2024-25,CHA,BKN,105,102,,,5.5,1,0.4117697132247813,0.3685309345890491,0.4550084918605134,0.5099610037042033,,0.31844658639079165
2025-03-08,2024-25,GSW,DET,115,110,,,-5.5,1,0.5546061162267018,0.5691871798469301,0.5400250526064735,0.6407052265481811,,0.6837356127682949
2025-03-08,2024-25,TOR,WAS,117,118,,,-4.5,0,0.736437963315393,0.7388065768133495,0.7340693498174367,0.8019482962385596,,0.6528811761685757
2025-03-08,2024-25,BOS,LAL,111,101,,,-6.5,1,0.6763534712722983,0.6797078846266414,0.6729990579179552,0.7217340826099884,,0.7130528657723422
2025-03-08,2024-25,MIA,CHI,109,114,,,-5.5,0,0.6786678591235865,0.672752338617536,0.684583379629637,0.7252045572762467,,0.6837356127682949
2025-03-08,2024-25,MIL,ORL,109,111,,,-6.5,0,0.7614837898605673,0.7513613486922436,0.7716062310288911,0.822904009108865,,0.7130528657723422
2025-03-08,2024-25,ATL,IND,120,118,,,1.5,1,0.4467010511270968,0.4378188054873161,0.4555832967668774,0.4707855463497244,,0.4492105947756774
2025-03-09,2024-25,NOP,MEM,104,107,,,9.5,0,0.288761937926877,0.3176160783982939,0.2599077974554601,0.3412738771950235,,0.21115472978709024
2025-03-09,2024-25,POR,DET,112,119,,,3.5,0,0.5235197260320932,0.49483862119386757,0.5522008308703187,0.5314120499151409,,0.3816878509294548
2025-03-09,2024-25,PHI,UTA,126,122,,,-6.5,1,0.5758393634496546,0.6048984961658787,0.5467802307334305,0.6825446871141487,,0.7130528657723422
2025-03-09,2024-25,MIL,CLE,100,112,,,7.5,0,0.3083620455577324,0.2939408592748766,0.3227832318405881,0.3733547824061719,,0.26125623891201216
2025-03-09,2024-25,DAL,PHX,116,125,,,6.5,0,0.5355325180106489,0.5621869383836666,0.5088780976376314,0.6788852679713352,,0.2890125525275827
2025-03-09,2024-25,OKC,DEN,127,103,,,-7.5,1,0.757994108035504,0.7462551389371457,0.7697330771338624,0.7935031862725477,,0.7406831670688772
2025-03-09,2024-25,LAC,SAC,111,110,,,-5.5,1,0.5101622751895141,0.5333862940140809,0.4869382563649473,0.6178651908305646,,0.6837356127682949
2025-03-09,2024-25,MIN,SAS,141,124,,,-10.5,1,0.8106944636118679,0.82415490845056,0.7972340187731758,0.844827093184626,,0.8126491965359115
2025-03-10,2024-25,MIA,CHA,102,105,,,-9.5,0,0.8246969948442355,0.8411874131020912,0.8082065765863798,0.850713342388041,,0.790518217596245
2025-03-10,2024-25,SAS,DAL,129,133,,,-6.5,0,0.5862821649549614,0.6196119028335729,0.55295242707635,0.5957085239030597,,0.7130528657723422
2025-03-10,2024-25,BOS,UTA,114,108,,,-15.5,1,0.9221522706207053,0.9385656085183959,0.9057389327230148,0.9324910788671456,,0.8969365809385075
2025-03-10,2024-25,HOU,ORL,97,84,,,-3.5,1,0.7469744166910379,0.7301843133258125,0.7637645200562635,0.7979113076724045,,0.6206865291604615
2025-03-10,2024-25,TOR,WAS,119,104,,,-6.5,1,0.7454419734926858,0.7495459043805766,0.7413380426047951,0.7882222348511966,,0.7130528657723422
2025-03-10,2024-25,CHI,IND,121,103,,,3.5,1,0.3427316565181566,0.3617473267438514,0.3237159862924618,0.4188954273166592,,0.3816878509294548
2025-03-10,2024-25,MEM,PHX,120,118,,,-2.5,1,0.711209665029414,0.7383400890294034,0.6840792410294244,0.7876619654132108,,0.5873929722941529
2025-03-10,2024-25,BKN,LAL,111,108,,,5.5,1,0.2799715062796926,0.2500185183925034,0.3099244941668818,0.2564041044048713,,0.31844658639079165
2025-03-10,2024-25,SAC,NYK,104,133,,,1.5,0,0.5851186207568881,0.6073867441320638,0.5628504973817123,0.6025243565972582,,0.4492105947756774
2025-03-10,2024-25,OKC,DEN,127,140,,,-9.5,0,0.7881079455071478,0.8108289605615605,0.7653869304527352,0.8063010504741642,,0.790518217596245
2025-03-10,2024-25,ATL,PHI,132,123,,,-9.5,1,0.7510242838547043,0.7825845186011966,0.7194640491082119,0.7333444600207967,,0.790518217596245
2025-03-10,2024-25,GSW,POR,130,120,,,-11.5,1,0.7736844861525958,0.7979187600743928,0.7494502122307987,0.7567418150977465,,0.8329362310205675
2025-03-11,2024-25,IND,MIL,115,114,,,-1.5,1,0.5891804892049657,0.5627367779131123,0.6156242004968191,0.6261429688575149,,0.5532803541656142
2025-03-11,2024-25,NOP,LAC,127,120,,,7.5,1,0.3712088257625582,0.3508459036338462,0.39157174789127014,0.394585497100909,,0.26125623891201216
2025-03-11,2024-25,DET,WAS,123,103,,,-14.5,1,0.9142576865986296,0.9308089563306349,0.8977064168666242,0.9157462594728752,,0.8833327242620539
2025-03-11,2024-25,CLE,BKN,109,104,,,-14.5,1,0.9153519109871731,0.946438503089272,0.884265318885074,0.9510535224910492,,0.8833327242620539
2025-03-12,2024-25,ATL,CHA,123,110,,,-7.5,1,0.839030156648026,0.8476565158492888,0.8304037974467634,0.8465866780847561,,0.7406831670688772
2025-03-12,2024-25,POR,NYK,113,114,,,3.5,0,0.4905018880036188,0.48184614922238667,0.499157626784851,0.4648314758641148,,0.3816878509294548
2025-03-12,2024-25,HOU,PHX,111,104,,,-4.5,1,0.6645743205013892,0.692567840061317,0.6365808009414613,0.7620106436697176,,0.6528811761685757
2025-03-12,2024-25,MIA,LAC,104,119,,,-1.5,0,0.5573020836017246,0.5574885058774617,0.5571156613259877,0.5249343331719464,,0.5532803541656142
2025-03-12,2024-25,BOS,OKC,112,118,,,-2.5,0,0.5126393184658864,0.5159739215296819,0.5093047154020909,0.5630957077705651,,0.5873929722941529
2025-03-12,2024-25,MEM,UTA,122,115,,,-10.5,1,0.8547280765387506,0.8415463508108694,0.8679098022666317,0.8810702229476847,,0.8126491965359115
2025-03-12,2024-25,TOR,PHI,118,105,,,-2.5,1,0.5983625983683105,0.6479283028475059,0.548796893889115,0.673045476362061,,0.5873929722941529
2025-03-12,2024-25,DEN,MIN,95,115,,,-1.5,0,0.581933273217039,0.587660650562718,0.57620589587136,0.6659734694783207,,0.5532803541656142
2025-03-12,2024-25,SAS,DAL,126,116,,,-6.5,1,0.5608809929601484,0.572947256494117,0.5488147294261797,0.575194083227875,,0.7130528657723422
2025-03-13,2024-25,GSW,SAC,130,104,,,-7.5,1,0.6898849118692725,0.6887418472432543,0.6910279764952907,0.7153433774716669,,0.7406831670688772
2025-03-13,2024-25,MIL,LAL,126,106,,,-6.5,1,0.5065726583251888,0.5137972969710124,0.49934801967936526,0.5628071910671485,,0.7130528657723422
2025-03-13,2024-25,CHI,BKN,116,110,,,-1.5,1,0.6847985715712328,0.6835498065615266,0.686047336580939,0.7426180562862876,,0.5532803541656142
2025-03-13,2024-25,DET,WAS,125,129,,,-13.5,0,0.904719951695337,0.9117303774401923,0.8977095259504818,0.9176846815672596,,0.868197092052344
2025-03-13,2024-25,NOP,ORL,93,113,,,2.5,0,0.5387858293486094,0.5458644961126895,0.5317071625845294,0.5938391217466135,,0.41505045389637707
2025-03-14,2024-25,PHX,SAC,122,106,,,-1.5,1,0.5538477716235729,0.5596975699541868,0.547997973292959,0.555457700949426,,0.5532803541656142
2025-03-14,2024-25,ATL,LAC,98,121,,,4.5,0,0.5236042675533852,0.5067329699278217,0.5404755651789488,0.5351235567601198,,0.3494051226951947
2025-03-14,2024-25,DEN,LAL,131,126,,,-15.5,1,0.65909552339465,0.6844036103912845,0.6337874363980157,0.683739618777827,,0.8969365809385075
2025-03-14,2024-25,MIA,BOS,91,103,,,8.5,0,0.2765809499537848,0.26700534132064624,0.28615655858692335,0.2876600269351874,,0.23528346065663988
2025-03-14,2024-25,HOU,DAL,133,96,,,-11.5,1,0.7451354823564758,0.7470791123487607,0.7431918523641908,0.762730497347642,,0.8329362310205675
2025-03-14,2024-25,MIN,ORL,118,111,,,-10.5,1,0.8513210338141071,0.8680293248303451,0.834612742797869,0.8651980044951638,,0.8126491965359115
2025-03-14,2024-25,PHI,IND,100,112,,,12.5,0,0.353245856635097,0.316184920652868,0.3903067926173259,0.386450605903182,,0.149850591223406
2025-03-14,2024-25,SAS,CHA,134,145,,,-2.5,0,0.7919701410339648,0.8034468227135375,0.7804934593543922,0.8239837833236391,,0.5873929722941529
2025-03-14,2024-25,MEM,CLE,124,133,,,1.5,0,0.3309119523552223,0.3356878359354438,0.32613606877500073,0.3970958011368604,,0.4492105947756774
2025-03-14,2024-25,UTA,TOR,118,126,,,-1.5,0,0.49341004364278634,0.465340321089604,0.5214797661959687,0.5406843336107462,,0.5532803541656142
2025-03-15,2024-25,HOU,CHI,117,114,,,-8.5,1,0.7351566045474389,0.7240836115766832,0.7462295975181947,0.7992479558927802,,0.7665240746293874
2025-03-15,2024-25,DEN,WAS,123,126,,,-12.5,0,0.8958153524234884,0.8940186993057779,0.897612005541199,0.9324568914787096,,0.8514281304931971
2025-03-15,2024-25,SAS,NOP,119,115,,,-0.5,1,0.6750612707353453,0.6540702601937591,0.6960522812769314,0.7049355230575858,,0.5186585439800319
2025-03-15,2024-25,MEM,MIA,125,91,,,-5.5,1,0.7688716434816512,0.7686969113635677,0.7690463755997347,0.8139926355025743,,0.6837356127682949
2025-03-15,2024-25,BKN,BOS,113,115,,,11.5,0,0.29993455619008735,0.22142308064748295,0.3784460317326917,0.1890102290381019,,0.16847015425964673
2025-03-15,2024-25,MIL,IND,126,119,,,-3.5,1,0.6294293039663569,0.6632431553583463,0.5956154525743674,0.6551103701046127,,0.6206865291604615
2025-03-15,2024-25,GSW,NYK,97,94,,,-6.5,1,0.6452244594752696,0.6732667238785947,0.6171821950719446,0.6258058193773632,,0.7130528657723422
2025-03-15,2024-25,DET,OKC,107,113,,,4.5,0,0.36288729302735173,0.35459640742105575,0.3711781786336477,0.3633836175844521,,0.3494051226951947
2025-03-16,2024-25,MIL,OKC,105,121,,,5.5,0,0.3768314725858304,0.38487616575591277,0.36878677941574806,0.3697876307818414,,0.31844658639079165
2025-03-16,2024-25,CLE,ORL,103,108,,,-10.5,0,0.8967013754768061,0.8897562942411509,0.9036464567124612,0.926709269525812,,0.8126491965359115
2025-03-16,2024-25,LAC,CHA,123,88,,,-13.5,1,0.8884270624159427,0.8806300456367925,0.8962240791950928,0.8970317905613102,,0.868197092052344
2025-03-16,2024-25,DAL,PHI,125,130,,,-6.5,0,0.6918671414481683,0.6711462288972425,0.7125880539990941,0.7461066131561624,,0.7130528657723422
2025-03-16,2024-25,LAL,PHX,107,96,,,-3.5,1,0.705088275080314,0.7091062827883273,0.7010702673723008,0.7844462851585016,,0.6206865291604615
2025-03-16,2024-25,POR,TOR,105,102,,,-7.5,1,0.6782881752263765,0.6545889201914427,0.7019874302613103,0.7100770650056961,,0.7406831670688772
2025-03-16,2024-25,MIN,UTA,128,102,,,-13.5,1,0.8895590950725247,0.9057632582855859,0.8733549318594636,0.9206869826539446,,0.868197092052344
2025-03-16,2024-25,BKN,ATL,122,114,,,6.5,1,0.41529236829249305,0.403669372971628,0.4269153636133581,0.4902882531240747,,0.2890125525275827
2025-03-17,2024-25,LAL,SAS,125,109,,,-8.5,1,0.7401661932498488,0.7376920338105277,0.7426403526891698,0.8349002672743999,,0.7665240746293874
2025-03-17,2024-25,NOP,DET,81,127,,,6.5,0,0.306011378765756,0.3069618595490018,0.3050608979825102,0.3531292166783973,,0.2890125525275827
2025-03-17,2024-25,SAC,MEM,132,122,,,-3.5,1,0.5367647107801526,0.51155414553206,0.5619752760282453,0.5146913969528806,,0.6206865291604615
2025-03-17,2024-25,POR,WAS,112,97,,,-5.5,1,0.7724716304040198,0.7738565499369797,0.77108671087106,0.8388223641060297,,0.6837356127682949
2025-03-17,2024-25,NYK,MIA,116,95,,,-6.5,1,0.7634255748509875,0.7632617224373586,0.7635894272646163,0.8364990540208269,,0.7130528657723422
2025-03-17,2024-25,UTA,CHI,97,111,,,4.5,0,0.3857041260340112,0.3794949827692352,0.3919132692987872,0.4929572908326837,,0.3494051226951947
2025-03-17,2024-25,HOU,PHI,144,137,,,-16.5,1,0.8499832590702721,0.8624594542945861,0.8375070638459581,0.8513699208703038,,0.9091173794696449
2025-03-17,2024-25,GSW,DEN,105,114,,,-12.5,0,0.624079395118244,0.6293558330038556,0.6188029572326323,0.615113652957658,,0.8514281304931971
2025-03-17,2024-25,PHX,TOR,129,89,,,-9.5,1,0.6563410748908509,0.7063935201987808,0.606288629582921,0.6978128898825559,,0.790518217596245
2025-03-17,2024-25,MIN,IND,130,132,,,-10.5,0,0.719595412561751,0.7018596155054124,0.7373312096180894,0.766150630805604,,0.8126491965359115
2025-03-18,2024-25,BOS,BKN,104,96,,,-13.5,1,0.8952504114339294,0.9009577066761766,0.8895431161916821,0.9286337914111944,,0.868197092052344
2025-03-18,2024-25,CHA,ATL,102,134,,,7.5,0,0.33820661861042134,0.3395451477717908,0.3368680894490519,0.4172605359491353,,0.26125623891201216
2025-03-18,2024-25,LAC,CLE,132,119,,,2.5,1,0.35955486683481047,0.3822829079288216,0.33682682574079936,0.3766188249841005,,0.41505045389637707
2025-03-18,2024-25,GSW,MIL,104,93,,,1.5,1,0.5838805640486713,0.5957330229822789,0.5720281051150637,0.6696324155954427,,0.4492105947756774
2025-03-19,2024-25,LAL,DEN,120,108,,,-5.5,1,0.543375559458311,0.5636716116023169,0.5230795073143049,0.5973819538113895,,0.6837356127682949
2025-03-19,2024-25,PHX,CHI,127,121,,,-5.5,1,0.6447365997540466,0.6584629016352379,0.6310102978728552,0.6840241895231883,,0.6837356127682949
2025-03-19,2024-25,MIA,DET,113,116,,,4.5,0,0.320376760223122,0.32105431281581154,0.31969920763043247,0.4084200203419947,,0.3494051226951947
2025-03-19,2024-25,POR,MEM,115,99,,,4.5,1,0.4613500093770363,0.44567023543642015,0.4770297833176524,0.5027873398066901,,0.3494051226951947
2025-03-19,2024-25,IND,DAL,135,131,,,-10.5,1,0.7756144212208232,0.7766738810929431,0.7745549613487034,0.7824826270433749,,0.8126491965359115
2025-03-19,2024-25,ORL,HOU,108,116,,,2.5,0,0.4328724902329367,0.39966928367387733,0.4660756967919962,0.4546648575576434,,0.41505045389637707
2025-03-19,2024-25,UTA,WAS,128,112,,,-2.5,1,0.5910308378988958,0.6029081663781047,0.5791535094196869,0.6752821219534791,,0.5873929722941529
2025-03-19,2024-25,OKC,PHI,133,100,,,-12.5,1,0.9201451667283145,0.9275899152404382,0.9127004182161909,0.9483926799297878,,0.8514281304931971
2025-03-19,2024-25,SAC,CLE,123,119,,,6.5,1,0.35012325746177275,0.42335144291847443,0.2768950720050711,0.3322790973639966,,0.2890125525275827
2025-03-19,2024-25,MIN,NOP,115,119,,,-13.5,0,0.896710147462577,0.8994230681863428,0.8939972267388113,0.915069907631466,,0.868197092052344
2025-03-19,2024-25,SAS,NYK,120,105,,,8.5,1,0.3792550348225633,0.399036009386048,0.3594740602590786,0.3628267646628073,,0.23528346065663988
2025-03-20,2024-25,LAL,MIL,89,118,,,8.5,0,0.6251137225655989,0.6131850000180366,0.6370424451131613,0.7036093504726306,,0.23528346065663988
2025-03-20,2024-25,GSW,TOR,117,114,,,-14.5,1,0.81870515580059,0.8239417191926646,0.8134685924085155,0.8450583363951573,,0.8833327242620539
2025-03-20,2024-25,CHA,NYK,115,98,,,7.5,1,0.27050442750519066,0.265916202678569,0.27509265233181235,0.2156602889091063,,0.26125623891201216
2025-03-20,2024-25,SAC,CHI,116,128,,,-7.5,0,0.7310916903018675,0.7557943064534463,0.7063890741502887,0.7421098105793509,,0.7406831670688772
2025-03-20,2024-25,IND,BKN,105,99,,,-7.5,1,0.804140101421243,0.8039133415950876,0.8043668612473985,0.8578429553924801,,0.7406831670688772
2025-03-21,2024-25,LAC,MEM,128,108,,,-6.5,1,0.6406283132156969,0.6580224806553318,0.6232341457760622,0.6619373378168607,,0.7130528657723422
2025-03-21,2024-25,DAL,DET,123,117,,,9.5,1,0.3706225742927779,0.3421160635946277,0.39912908499092803,0.4320661175107531,,0.21115472978709024
2025-03-21,2024-25,SAS,PHI,128,120,,,-5.5,1,0.7070901236472702,0.7196423601356877,0.6945378871588526,0.7164885539158461,,0.6837356127682949
2025-03-21,2024-25,PHX,CLE,123,112,,,8.5,1,0.3122766828606618,0.3371746317987128,0.2873787339226108,0.3079713982889102,,0.23528346065663988
2025-03-21,2024-25,OKC,CHA,141,106,,,-20.5,1,0.9215837747395494,0.9618470124878632,0.8813205369912357,0.96658474262896,,0.9458314843621063
2025-03-21,2024-25,UTA,BOS,99,121,,,15.5,0,0.1806544106019115,0.14236229277114115,0.2189465284326819,0.1715151264906819,,0.10399830273116084
2025-03-21,2024-25,MIN,NOP,134,93,,,-14.5,1,0.8844155601735925,0.8831202481707184,0.8857108721764665,0.9001965619292026,,0.8833327242620539
2025-03-21,2024-25,POR,DEN,128,109,,,1.5,1,0.43411513523528705,0.4222711131958471,0.445959157274727,0.4661491730134955,,0.4492105947756774
2025-03-21,2024-25,MIA,HOU,98,102,,,4.5,0,0.3235708712858839,0.31538007042488586,0.331761672146882,0.392907561221313,,0.3494051226951947
2025-03-21,2024-25,WAS,ORL,105,120,,,8.5,0,0.33157729623112153,0.3421705916135291,0.32098400084871404,0.4146989326712104,,0.23528346065663988
2025-03-22,2024-25,ATL,GSW,124,115,,,2.5,1,0.44644106797290584,0.4151651987078488,0.4777169372379629,0.4391693571408023,,0.41505045389637707
2025-03-22,2024-25,IND,BKN,108,103,,,-13.5,1,0.7951493234666626,0.8149739170266178,0.7753247299067073,0.8604612177679667,,0.868197092052344
2025-03-22,2024-25,LAL,CHI,115,146,,,-10.5,0,0.7184258768720186,0.7267811618215354,0.7100705919225019,0.7802111389541743,,0.8126491965359115
2025-03-22,2024-25,SAC,MIL,108,114,,,-1.5,0,0.5200301973157122,0.5011573310697631,0.5389030635616612,0.5203483236189441,,0.5532803541656142
2025-03-22,2024-25,NYK,WAS,122,103,,,-15.5,1,0.8904637429355937,0.8951481612317136,0.885779324639474,0.9024967153709944,,0.8969365809385075
2025-03-23,2024-25,POR,BOS,116,129,,,6.5,0,0.3346280137973514,0.3320565713171757,0.33719945627752707,0.3782350478298054,,0.2890125525275827
2025-03-23,2024-25,DET,NOP,136,130,,,-11.5,1,0.8370830424303393,0.8506472706328577,0.8235188142278207,0.8663383762016114,,0.8329362310205675
2025-03-23,2024-25,UTA,CLE,91,120,,,16.5,0,0.17715762381807043,0.16168632953982134,0.19262891809631952,0.1626386336131543,,0.09171831128088412
2025-03-23,2024-25,HOU,DEN,111,116,,,-7.5,0,0.613559229371657,0.6154995390635363,0.6116189196797778,0.6236114448612952,,0.7406831670688772
2025-03-23,2024-25,TOR,SAS,89,123,,,-0.5,0,0.49883392715156516,0.49801199657077866,0.4996558577323517,0.5919605420695884,,0.5186585439800319
2025-03-23,2024-25,LAC,OKC,101,103,,,-0.5,0,0.37987417148829505,0.3892299711331268,0.37051837184346326,0.3779690247169905,,0.5186585439800319
2025-03-23,2024-25,ATL,PHI,132,119,,,-10.5,1,0.744619418549123,0.743392032334563,0.7458468047636829,0.7629231495111927,,0.8126491965359115
2025-03-23,2024-25,MIA,CHA,122,105,,,-7.5,1,0.690365761996326,0.7019754032126545,0.6787561207799976,0.7733343919212978,,0.7406831670688772
2025-03-24,2024-25,NOP,PHI,112,99,,,-3.5,1,0.6089897969113143,0.6328717554352664,0.5851078383873621,0.6233865181519228,,0.6206865291604615
2025-03-24,2024-25,WAS,TOR,104,112,,,-1.5,0,0.49458931567096537,0.51355421864309,0.4756244126988407,0.4927979235561631,,0.5532803541656142
2025-03-24,2024-25,IND,MIN,119,103,,,2.5,1,0.45377497758549246,0.4335618022015335,0.47398815296945146,0.5388474561752888,,0.41505045389637707
2025-03-24,2024-25,BKN,DAL,101,120,,,2.5,0,0.5502477721725646,0.4958827342278949,0.6046128101172342,0.5023544056739914,,0.41505045389637707
2025-03-24,2024-25,PHX,MIL,108,106,,,-2.5,1,0.5343284571422406,0.4929513426899055,0.5757055715945759,0.5058523201061539,,0.5873929722941529
2025-03-24,2024-25,DEN,CHI,119,129,,,-2.5,0,0.6926819521895338,0.6810616262289279,0.7043022781501397,0.7750496053540568,,0.5873929722941529
2025-03-24,2024-25,SAC,BOS,95,113,,,4.5,0,0.35192480463743625,0.382494653021435,0.3213549562534375,0.3414430658505558,,0.3494051226951947
2025-03-24,2024-25,ORL,LAL,118,106,,,4.5,1,0.5409527074425895,0.49789147374098575,0.5840139411441934,0.5146203367654458,,0.3494051226951947
2025-03-25,2024-25,POR,CLE,111,122,,,6.5,0,0.3518229152034722,0.3475552177419548,0.3560906126649896,0.3578787675187284,,0.2890125525275827
2025-03-25,2024-25,DET,SAS,122,96,,,-9.5,1,0.69893996780156,0.7207104417290319,0.6771694938740881,0.7720219008598709,,0.790518217596245
2025-03-25,2024-25,SAC,OKC,105,121,,,8.5,0,0.239172227672928,0.23208153821453162,0.24626291713132442,0.2456016259021584,,0.23528346065663988
2025-03-25,2024-25,HOU,ATL,121,114,,,-7.5,1,0.6848851992834152,0.7157876708813145,0.6539827276855159,0.7690489402924088,,0.7406831670688772
2025-03-25,2024-25,NYK,DAL,128,113,,,-11.5,1,0.7299774455893447,0.7503915756638433,0.7095633155148462,0.7584406115072528,,0.8329362310205675
2025-03-25,2024-25,MIA,GSW,112,86,,,4.5,1,0.3293899894964807,0.33263117446464613,0.3261488045283152,0.3964439809109519,,0.3494051226951947
2025-03-25,2024-25,UTA,MEM,103,140,,,11.5,0,0.259844631823967,0.26750606674478883,0.2521831969031451,0.3089282460184171,,0.16847015425964673
2025-03-25,2024-25,CHA,ORL,104,111,,,4.5,0,0.40674691093618826,0.4182610769510169,0.3952327449213596,0.3940314203756568,,0.3494051226951947
2025-03-26,2024-25,PHX,BOS,102,132,,,4.5,0,0.3223646006143399,0.3387277986819845,0.3060014025466954,0.343092136124194,,0.3494051226951947
2025-03-26,2024-25,BKN,TOR,86,116,,,-2.5,0,0.5415132950868082,0.5318401760920871,0.5511864140815295,0.5739360218003127,,0.5873929722941529
2025-03-26,2024-25,NYK,LAC,113,126,,,4.5,0,0.4741918800823303,0.48357192033437113,0.4648118398302895,0.6060130778001935,,0.3494051226951947
2025-03-26,2024-25,IND,LAL,119,120,,,-0.5,0,0.6636115871496189,0.6658579724773654,0.6613652018218723,0.7070212164746653,,0.5186585439800319
2025-03-26,2024-25,PHI,WAS,114,119,,,-3.5,0,0.6837722281990519,0.7009999577721154,0.6665444986259883,0.7497848578315058,,0.6206865291604615
2025-03-26,2024-25,DEN,MIL,127,117,,,-11.5,1,0.6061193493417439,0.5766173823463246,0.6356213163371632,0.6414338892471998,,0.8329362310205675
2025-03-27,2024-25,CLE,SAS,124,116,,,-13.5,1,0.835806915444627,0.8216921703222307,0.8499216605670232,0.889506430715749,,0.868197092052344
2025-03-27,2024-25,OKC,MEM,125,104,,,-10.5,1,0.8032918181502171,0.8052957779886626,0.8012878583117716,0.8636501563381692,,0.8126491965359115
2025-03-27,2024-25,CHI,LAL,119,117,,,3.5,1,0.6330338682000102,0.6662647114870777,0.5998030249129427,0.6147027537613882,,0.3816878509294548
2025-03-27,2024-25,SAC,POR,128,107,,,-5.5,1,0.5652218958593019,0.5869863417598699,0.543457449958734,0.6140766648811589,,0.6837356127682949
2025-03-27,2024-25,ORL,DAL,92,101,,,-6.5,0,0.589648286396272,0.621420829772916,0.5578757430196281,0.6575797443276312,,0.7130528657723422
2025-03-27,2024-25,UTA,HOU,110,121,,,13.5,0,0.20289886062343912,0.19533951201880964,0.2104582092280686,0.2577784199977735,,0.132959841458717
2025-03-27,2024-25,MIA,ATL,122,112,,,-1.5,1,0.48118479597348046,0.5069193771283522,0.4554502148186087,0.60029829735902,,0.5532803541656142
2025-03-27,2024-25,WAS,IND,109,162,,,12.5,0,0.2217059476953222,0.2306025355358005,0.21280935985484387,0.2363026601782886,,0.149850591223406
2025-03-28,2024-25,TOR,CHA,108,97,,,-5.5,1,0.72291753058318,0.7278869089252987,0.7179481522410612,0.7837337343195352,,0.6837356127682949
2025-03-28,2024-25,NOP,GSW,95,111,,,15.5,0,0.3502060998554385,0.32680671858207805,0.37360548112879893,0.3576217719534558,,0.10399830273116084
2025-03-28,2024-25,BKN,LAC,100,132,,,12.5,0,0.23790596858021856,0.1923116399620909,0.2835002971983462,0.2439270102762987,,0.149850591223406
2025-03-28,2024-25,MIL,NYK,107,116,,,-1.5,0,0.6370538387996083,0.6438805661519584,0.6302271114472583,0.6849266469421712,,0.5532803541656142
2025-03-28,2024-25,DEN,UTA,129,93,,,-19.5,1,0.9093790133648327,0.9210113543590286,0.8977466723706368,0.9110512581689012,,0.938237097476741
2025-03-28,2024-25,MIN,PHX,124,109,,,-7.5,1,0.7526831363446758,0.7518795039508342,0.7534867687385172,0.7910910760990705,,0.7406831670688772
2025-03-28,2024-25,DET,CLE,133,122,,,6.5,1,0.5407396267788664,0.539217497765491,0.5422617557922418,0.4489672571408958,,0.2890125525275827
2025-03-29,2024-25,ORL,SAC,121,91,,,-1.5,1,0.5370932791498062,0.533776639964782,0.5404099183348305,0.583751922993907,,0.5532803541656142
2025-03-29,2024-25,WAS,BKN,112,115,,,-2.5,0,0.5833521104509622,0.6123960219511076,0.5543081989508167,0.5835683135054639,,0.5873929722941529
2025-03-29,2024-25,SAS,BOS,111,121,,,12.5,0,0.2552288879961402,0.24921379855729783,0.26124397743498257,0.2620886620399554,,0.149850591223406
2025-03-29,2024-25,CHI,DAL,119,120,,,-2.5,0,0.6770282354504902,0.6697980622579538,0.6842584086430265,0.7045756866311508,,0.5873929722941529
2025-03-29,2024-25,OKC,IND,132,111,,,-8.5,1,0.7856996116373612,0.7825447717200646,0.7888544515546578,0.8531300462876268,,0.7665240746293874
2025-03-29,2024-25,MEM,LAL,127,134,,,-1.5,0,0.6209488132432529,0.6480007813387288,0.593896845147777,0.684657405475053,,0.5532803541656142
2025-03-29,2024-25,PHI,MIA,95,118,,,7.5,0,0.4456247668381493,0.40697532636073247,0.4842742073155661,0.4855483210947043,,0.26125623891201216
2025-03-30,2024-25,SAS,GSW,106,148,,,11.5,0,0.4179664153590903,0.40423235159807686,0.43170047912010373,0.4744069963830094,,0.16847015425964673
2025-03-30,2024-25,MIL,ATL,124,145,,,-4.5,0,0.7057154083010018,0.6916385849455082,0.7197922316564953,0.7709265559327374,,0.6528811761685757
2025-03-30,2024-25,CLE,LAC,127,122,,,-6.5,1,0.6414876482219216,0.637183942702661,0.6457913537411821,0.7504374788686484,,0.7130528657723422
2025-03-30,2024-25,PHI,TOR,109,127,,,6.5,0,0.4928379781234821,0.4349350497163228,0.5507409065306414,0.5188867973057151,,0.2890125525275827
2025-03-30,2024-25,NYK,POR,110,93,,,-7.5,1,0.6993432237304951,0.6944111138083621,0.7042753336526282,0.7331504642615042,,0.7406831670688772
2025-03-30,2024-25,NOP,CHA,98,94,,,-2.5,1,0.6886838507984214,0.6946286029858458,0.6827390986109969,0.7274071572525909,,0.5873929722941529
2025-03-30,2024-25,MIN,DET,123,104,,,-8.5,1,0.6084460797778886,0.6394140424038846,0.5774781171518927,0.6839084944449332,,0.7665240746293874
2025-03-30,2024-25,PHX,HOU,109,148,,,2.5,0,0.5142200672950232,0.4758624508660561,0.5525776837239904,0.4988833479562788,,0.41505045389637707
2025-03-31,2024-25,ORL,LAC,87,96,,,3.5,0,0.4749966111133046,0.4465728580850744,0.5034203641415348,0.4468154198407203,,0.3816878509294548
2025-03-31,2024-25,MEM,BOS,103,117,,,2.5,0,0.3491703380371347,0.35709781674106145,0.34124285933320797,0.3799916898521631,,0.41505045389637707
2025-03-31,2024-25,IND,SAC,111,109,,,-3.5,1,0.742458591100869,0.7369983061071316,0.7479188760946063,0.765664476371147,,0.6206865291604615
2025-03-31,2024-25,CHA,UTA,110,106,,,-4.5,1,0.5506199690076505,0.5594865227281618,0.5417534152871393,0.6131885982120918,,0.6528811761685757
2025-03-31,2024-25,OKC,CHI,145,117,,,-15.5,1,0.8685860183788761,0.8564735623555845,0.8806984744021678,0.9015502325713494,,0.8969365809385075
2025-03-31,2024-25,WAS,MIA,94,120,,,9.5,0,0.28797528846007525,0.28039414436651316,0.29555643255363734,0.342788727029391,,0.21115472978709024
2025-03-31,2024-25,DAL,BKN,109,113,,,-9.5,0,0.786338710973715,0.8022556402746619,0.7704217816727682,0.8234836276627828,,0.790518217596245
2025-03-31,2024-25,LAL,HOU,104,98,,,-4.5,1,0.5429543636421378,0.5474910188067975,0.538417708477478,0.5383836591220947,,0.6528811761685757
2025-04-01,2024-25,NYK,PHI,105,91,,,-12.5,1,0.8783981046173459,0.8724746061228801,0.8843216031118118,0.8904700855773765,,0.8514281304931971
2025-04-01,2024-25,MEM,GSW,125,134,,,3.5,0,0.5008338818721043,0.4867794377348438,0.5148883260093648,0.5757577787376503,,0.3816878509294548
2025-04-01,2024-25,SAS,ORL,105,116,,,5.5,0,0.5518532428994096,0.5916623729608224,0.512044112837997,0.5836675361885583,,0.31844658639079165
2025-04-01,2024-25,MIL,PHX,133,123,,,-6.5,1,0.6511733274035612,0.6777870567318713,0.6245595980752511,0.7360553700093643,,0.7130528657723422
2025-04-01,2024-25,CHI,TOR,137,118,,,-4.5,1,0.700385303619862,0.7063517511845424,0.6944188560551816,0.7435462543812784,,0.6528811761685757
2025-04-01,2024-25,DEN,MIN,139,140,,,-1.5,0,0.5000486004921508,0.49125323788015823,0.5088439631041435,0.5915308522620398,,0.5532803541656142
2025-04-01,2024-25,ATL,POR,113,127,,,-5.5,0,0.627642015877155,0.6457694191847226,0.6095146125695873,0.6509433780484662,,0.6837356127682949
2025-04-02,2024-25,IND,CHA,119,105,,,-15.5,1,0.9009791465393358,0.9041353827315927,0.8978229103470787,0.912035068905439,,0.8969365809385075
2025-04-02,2024-25,HOU,UTA,143,105,,,-15.5,1,0.9045513755432435,0.9134081537284202,0.8956945973580669,0.9174810339602716,,0.8969365809385075
2025-04-02,2024-25,DAL,ATL,120,118,,,-3.5,1,0.5979242255793891,0.6169260065403652,0.5789224446184129,0.624560235989675,,0.6206865291604615
2025-04-02,2024-25,BOS,MIA,103,124,,,-10.5,0,0.8671521287332997,0.8520129246867818,0.8822913327798176,0.8935982893119243,,0.8126491965359115
2025-04-02,2024-25,LAC,NOP,114,98,,,-18.5,1,0.879820136495899,0.8778413967115066,0.8817988762802913,0.8925580790994835,,0.9296571683215398
2025-04-02,2024-25,CLE,NYK,124,105,,,-10.5,1,0.7832799234190546,0.786917692206023,0.7796421546320861,0.7940784230013104,,0.8126491965359115
2025-04-02,2024-25,DEN,SAS,106,113,,,-2.5,0,0.8269176116151475,0.8357874420273024,0.8180477812029928,0.840209407625583,,0.5873929722941529
2025-04-02,2024-25,WAS,SAC,116,111,,,13.5,1,0.2547877955811576,0.2541679904706959,0.25540760069161933,0.3149578191048923,,0.132959841458717
2025-04-02,2024-25,OKC,DET,119,103,,,-12.5,1,0.8054418379879914,0.8074788262080234,0.8034048497679595,0.8585508178959707,,0.8514281304931971
2025-04-03,2024-25,PHI,MIL,113,126,,,11.5,0,0.2544833263923356,0.25265310900064103,0.25631354378403015,0.3051737095718442,,0.16847015425964673
2025-04-03,2024-25,LAL,GSW,116,123,,,-0.5,0,0.5037624211345948,0.5083684865421233,0.4991563557270662,0.5677458385323405,,0.5186585439800319
2025-04-03,2024-25,WAS,ORL,97,109,,,15.5,0,0.24309669414513674,0.234976523760939,0.2512168645293345,0.3259683728462244,,0.10399830273116084
2025-04-03,2024-25,BKN,MIN,90,105,,,14.5,0,0.20841785257198767,0.1703765550620874,0.24645915008188793,0.2124623263304077,,0.11770936500261889
2025-04-03,2024-25,MIA,MEM,108,110,,,5.5,0,0.576144221861844,0.5719298272743019,0.5803586164493862,0.6156244127197916,,0.31844658639079165
2025-04-03,2024-25,TOR,POR,103,112,,,5.5,0,0.4940120479287034,0.4760704025704575,0.5119536932869493,0.5262521638447337,,0.31844658639079165
2025-04-04,2024-25,TOR,DET,105,117,,,10.5,0,0.3273024931072622,0.30339213398193143,0.3512128522325931,0.3911795837850541,,0.18888924117694963
2025-04-04,2024-25,GSW,DEN,118,104,,,-3.5,1,0.5984603381155488,0.5986436718972028,0.5982770043338947,0.6751901038015314,,0.6206865291604615
2025-04-04,2024-25,LAC,DAL,114,91,,,-12.5,1,0.7811149187199551,0.7915448817808048,0.7706849556591052,0.813744404008774,,0.8514281304931971
2025-04-04,2024-25,IND,UTA,140,112,,,-17.5,1,0.9126856882318737,0.9156613668926885,0.909710009571059,0.9098027868520177,,0.919986984880304
2025-04-04,2024-25,CHI,POR,118,113,,,-6.5,1,0.6743762759679965,0.7074612138113356,0.6412913381246576,0.6515810593112005,,0.7130528657723422
2025-04-04,2024-25,LAL,NOP,124,108,,,-15.5,1,0.7927920938523683,0.7903165300426919,0.7952676576620447,0.8427073172609718,,0.8969365809385075
2025-04-04,2024-25,HOU,OKC,125,111,,,5.5,1,0.380172714064148,0.35023476851781704,0.410110659610479,0.3689320595410126,,0.31844658639079165
2025-04-04,2024-25,SAS,CLE,113,114,,,12.5,0,0.2156468799971937,0.2377856449015442,0.1935081150928432,0.2555732978197305,,0.149850591223406
2025-04-04,2024-25,CHA,SAC,102,125,,,11.5,0,0.31284223988012433,0.29407054765540397,0.3316139321048447,0.3782049001373578,,0.16847015425964673
2025-04-04,2024-25,BOS,PHX,123,103,,,-14.5,1,0.8578497004228558,0.8376903089026959,0.8780090919430156,0.8808647388061989,,0.8833327242620539
2025-04-05,2024-25,DET,MEM,103,109,,,1.5,0,0.6698442575682841,0.6445935396259913,0.6950949755105771,0.7066808655360322,,0.4492105947756774
2025-04-05,2024-25,PHI,MIN,109,114,,,16.5,0,0.17009475302663923,0.1511185618662821,0.1890709441869964,0.1910033164977241,,0.09171831128088412
2025-04-05,2024-25,MIA,MIL,115,121,,,-0.5,0,0.5733055936389424,0.5682471087971905,0.5783640784806944,0.5778164911966099,,0.5186585439800319
2025-04-05,2024-25,LAC,DAL,135,104,,,-9.5,1,0.815716191795216,0.822818785739983,0.8086135978504491,0.8239599979082167,,0.790518217596245
2025-04-05,2024-25,ATL,NYK,105,121,,,1.5,0,0.5241331010000843,0.4968400070155905,0.5514261949845781,0.5014088314765232,,0.4492105947756774
2025-04-06,2024-25,NOP,MIL,107,111,,,6.5,0,0.38065557777589215,0.3587850740694958,0.4025260814822885,0.3354826743777065,,0.2890125525275827
2025-04-06,2024-25,CHA,CHI,117,131,,,7.5,0,0.23035486938126343,0.21658370910844776,0.24412602965407906,0.2888645284542411,,0.26125623891201216
2025-04-06,2024-25,CLE,SAC,113,120,,,-9.5,0,0.846413523378597,0.8284813168371687,0.8643457299200252,0.8768048757236363,,0.790518217596245
2025-04-06,2024-25,BOS,WAS,124,90,,,-19.5,1,0.9226099750426049,0.9546973374311917,0.8905226126540182,0.9627663815459446,,0.938237097476741
2025-04-06,2024-25,OKC,LAL,99,126,,,-9.5,0,0.8580434943723974,0.8472384529987552,0.8688485357460396,0.8767972995638653,,0.790518217596245
2025-04-06,2024-25,POR,SAS,120,109,,,-3.5,1,0.6711477583660344,0.6901427175222317,0.652152799209837,0.733660034824446,,0.6206865291604615
2025-04-06,2024-25,GSW,HOU,96,106,,,-5.5,0,0.5751959230585562,0.5646116866229274,0.585780159494185,0.6256843881149947,,0.6837356127682949
2025-04-06,2024-25,ATL,UTA,147,134,,,-13.5,1,0.8186893907586623,0.8313885345184328,0.8059902469988919,0.8286603989796459,,0.868197092052344
2025-04-06,2024-25,BKN,TOR,109,120,,,2.5,0,0.4994945096933867,0.4671511999226366,0.5318378194641369,0.52052361614297,,0.41505045389637707
2025-04-06,2024-25,DEN,IND,120,125,,,-6.5,0,0.5151484947346031,0.5339461435958954,0.49635084587331085,0.620903934658044,,0.7130528657723422
2025-04-06,2024-25,NYK,PHX,112,98,,,-9.5,1,0.7211859075624865,0.7106452574793994,0.7317265576455735,0.784704961168604,,0.790518217596245
2025-04-07,2024-25,DET,SAC,117,127,,,-4.5,0,0.7631387425017584,0.7598350526427388,0.7664424323607779,0.7457059493500817,,0.6528811761685757
2025-04-07,2024-25,MIA,PHI,117,105,,,-11.5,1,0.8368891473791698,0.8644676484473119,0.8093106463110277,0.851546395346902,,0.8329362310205675
2025-04-08,2024-25,OKC,LAL,136,120,,,-9.5,1,0.7650267569514138,0.78081999846275,0.7492335154400777,0.8108844849234002,,0.790518217596245
2025-04-08,2024-25,IND,WAS,104,98,,,-18.5,1,0.9154093763662046,0.9304600011033177,0.9003587516290914,0.9317844541934746,,0.9296571683215398
2025-04-08,2024-25,CLE,CHI,135,113,,,-15.5,1,0.7329388373072394,0.7438084512610738,0.7220692233534051,0.8256384353102569,,0.8969365809385075
2025-04-08,2024-25,PHX,GSW,95,133,,,9.5,0,0.36549723639913323,0.3925867076732272,0.3384077651250393,0.422056682617628,,0.21115472978709024
2025-04-08,2024-25,MIL,MIN,110,103,,,6.5,1,0.4963606280683125,0.4756646070083761,0.5170566491282489,0.5213249409815895,,0.2890125525275827
2025-04-08,2024-25,ORL,ATL,119,112,,,-5.5,1,0.5569645712613898,0.5869728039422577,0.5269563385805217,0.6723456175198905,,0.6837356127682949
2025-04-08,2024-25,LAC,SAS,122,117,,,-12.5,1,0.8339973894202928,0.8574815671341474,0.8105132117064383,0.858023948033581,,0.8514281304931971
2025-04-08,2024-25,CHA,MEM,100,124,,,14.5,0,0.20207248522459578,0.21906797343814804,0.18507699701104352,0.2492363107946024,,0.11770936500261889
2025-04-08,2024-25,NYK,BOS,117,119,,,2.5,0,0.41059332038312113,0.41533829808274525,0.40584834268349707,0.4631410471339127,,0.41505045389637707
2025-04-08,2024-25,BKN,NOP,119,114,,,-1.5,1,0.5301510755489992,0.5233766107798468,0.5369255403181517,0.5877904383842886,,0.5532803541656142
2025-04-09,2024-25,SAC,DEN,116,124,,,4.5,0,0.5231469333693322,0.5428221952315545,0.5034716715071097,0.5617975385059374,,0.3494051226951947
2025-04-09,2024-25,LAC,HOU,134,117,,,-10.5,1,0.5999569198846639,0.584856767433678,0.61505707233565,0.6307851576962447,,0.8126491965359115
2025-04-09,2024-25,GSW,SAS,111,114,,,-17.5,0,0.8480888532019568,0.8630345408107668,0.8331431655931467,0.8533404467256255,,0.919986984880304
2025-04-09,2024-25,WAS,PHI,103,122,,,2.5,0,0.49200346334615364,0.4789075601796976,0.5050993665126097,0.5706757413918586,,0.41505045389637707
2025-04-09,2024-25,ORL,BOS,96,76,,,-7.5,1,0.35260036242359477,0.3425991380852542,0.3626015867619353,0.3262909180384741,,0.7406831670688772
2025-04-09,2024-25,CHI,MIA,119,111,,,1.5,1,0.5727593235361492,0.5719591313406096,0.5735595157316887,0.6646891620833801,,0.4492105947756774
2025-04-09,2024-25,PHX,OKC,112,125,,,6.5,0,0.21467916792906244,0.2250481011973692,0.20431023466075568,0.2265061379264789,,0.2890125525275827
2025-04-09,2024-25,UTA,POR,133,126,,,6.5,1,0.2608690153187791,0.27737051789717765,0.24436751274038052,0.3212490800939852,,0.2890125525275827
2025-04-09,2024-25,TOR,CHA,126,96,,,-11.5,1,0.8268799922064106,0.8460609610372423,0.807699023375579,0.8156617787350995,,0.8329362310205675
2025-04-09,2024-25,DAL,LAL,97,112,,,4.5,0,0.48000815847582184,0.48227001451587986,0.4777463024357638,0.4554811835879057,,0.3494051226951947
2025-04-10,2024-25,IND,CLE,114,112,,,-9.5,1,0.46030991850041325,0.4885089435170772,0.43211089348374937,0.4944101018541399,,0.790518217596245
2025-04-10,2024-25,DET,NYK,115,106,,,-4.5,1,0.534185800004749,0.5435244824242998,0.5248471175851982,0.6151563264529893,,0.6528811761685757
2025-04-10,2024-25,MEM,MIN,125,141,,,2.5,0,0.46533858758509544,0.4418799951248473,0.48879718004534356,0.5209888298226687,,0.41505045389637707
2025-04-10,2024-25,MIL,NOP,136,111,,,-16.5,1,0.860146277916501,0.8471359074312426,0.8731566484017595,0.8765945157093832,,0.9091173794696449
2025-04-10,2024-25,BKN,ATL,109,133,,,13.5,0,0.3639962756207177,0.3402851646374919,0.3877073866039435,0.434314452806783,,0.132959841458717
2025-04-11,2024-25,POR,GSW,86,103,,,15.5,0,0.4055404750434719,0.40907370771914847,0.40200724236779534,0.4716704471826588,,0.10399830273116084
2025-04-11,2024-25,SAC,LAC,100,101,,,7.5,0,0.3816829337328945,0.3699781902237633,0.39338767724202567,0.433822286025546,,0.26125623891201216
2025-04-11,2024-25,PHX,SAS,117,98,,,-5.5,1,0.5972362473294789,0.61216062722075,0.5823118674382077,0.6352474545080165,,0.6837356127682949
2025-04-11,2024-25,DEN,MEM,117,109,,,-7.5,1,0.6516331204294327,0.6881384374738495,0.6151278033850158,0.6818880673216796,,0.7406831670688772
2025-04-11,2024-25,IND,ORL,115,129,,,-3.5,0,0.6991510892655708,0.6914939018423361,0.7068082766888056,0.7465076021176181,,0.6206865291604615
2025-04-11,2024-25,LAL,HOU,140,109,,,-13.5,1,0.5374375348417766,0.5498324367719968,0.5250426329115564,0.5887230818049696,,0.868197092052344
2025-04-11,2024-25,DAL,TOR,124,102,,,-11.5,1,0.5742715341969162,0.6086273237054273,0.5399157446884053,0.671290727592881,,0.8329362310205675
2025-04-11,2024-25,UTA,OKC,111,145,,,8.5,0,0.13544798414860348,0.0929297896012585,0.17796617869594847,0.1134318276512409,,0.23528346065663988
2025-04-11,2024-25,CHI,WAS,119,89,,,-13.5,1,0.9068213725467149,0.9139736915749914,0.8996690535184383,0.9101112823401908,,0.868197092052344
2025-04-11,2024-25,DET,MIL,119,125,,,-4.5,0,0.6187507328239913,0.60129021330623,0.6362112523417526,0.6292384497077897,,0.6528811761685757
2025-04-11,2024-25,BOS,CHA,130,94,,,-21.5,1,0.9236150693078282,0.953734953348784,0.8934951852668725,0.9583831569854308,,0.9525392995994867
2025-04-11,2024-25,PHI,ATL,110,124,,,11.5,0,0.3800181505784346,0.38381750100330214,0.37621880015356696,0.4180245387655812,,0.16847015425964673
2025-04-11,2024-25,NYK,CLE,102,108,,,-3.5,0,0.46669675509852776,0.48582976001756567,0.44756375017948985,0.4665966546191066,,0.6206865291604615
2025-04-11,2024-25,NOP,MIA,104,153,,,14.5,0,0.3214439562850958,0.29975368043771344,0.3431342321324781,0.4053908094149547,,0.11770936500261889
2025-04-11,2024-25,MIN,BKN,117,91,,,-21.5,1,0.9244600856844439,0.9371719775454106,0.9117481938234773,0.9349642308587872,,0.9525392995994867
2025-04-13,2024-25,MEM,DAL,132,97,,,1.5,1,0.7198301535930061,0.718152743048144,0.7215075641378681,0.7451921800697461,,0.4492105947756774
2025-04-13,2024-25,NOP,OKC,100,115,,,13.5,0,0.19266503030024207,0.10532448358468298,0.28000557701580114,0.120446238431508,,0.132959841458717
2025-04-13,2024-25,BKN,NYK,105,113,,,5.5,0,0.25319113393809584,0.23971664726986683,0.26666562060632487,0.2663173240379166,,0.31844658639079165
2025-04-13,2024-25,MIA,WAS,118,119,,,-8.5,0,0.9053344498324447,0.9190151900152664,0.8916537096496229,0.9076361382338464,,0.7665240746293874
2025-04-13,2024-25,BOS,CHA,93,86,,,-10.5,1,0.9266338339508401,0.9552601055847703,0.8980075623169099,0.959081927158598,,0.8126491965359115
2025-04-13,2024-25,CLE,IND,118,126,,,6.5,0,0.7093510255182676,0.7061139970374412,0.7125880539990941,0.7805694264790296,,0.2890125525275827
2025-04-13,2024-25,MIN,UTA,116,105,,,-23.5,1,0.923307709322597,0.9379937852694308,0.9086216333757633,0.9374914421475268,,0.963657879753831
2025-04-13,2024-25,MIL,DET,140,133,,,9.5,1,0.6179941661161701,0.6532939927361331,0.582694339496207,0.6756071754267462,,0.21115472978709024
2025-04-13,2024-25,HOU,DEN,111,126,,,5.5,0,0.6162006307013774,0.6654890930335394,0.5669121683692155,0.6794262172216823,,0.31844658639079165
2025-04-13,2024-25,SAS,TOR,125,118,,,-4.5,1,0.5619994615125393,0.5791382394475515,0.5448606835775271,0.6585286790808731,,0.6528811761685757
2025-04-13,2024-25,POR,LAL,109,81,,,-5.5,1,0.39137388557425307,0.3653769403458783,0.4173708308026278,0.455319717551077,,0.6837356127682949
2025-04-13,2024-25,PHI,CHI,102,122,,,7.5,0,0.2734152044649742,0.2569454661876731,0.2898849427422753,0.3216468424033112,,0.26125623891201216
2025-04-13,2024-25,SAC,PHX,109,98,,,-15.5,1,0.6821347179738386,0.6936282373850731,0.6706411985626041,0.712953572454589,,0.8969365809385075
2025-04-13,2024-25,ATL,ORL,117,105,,,3.5,1,0.5308967364952966,0.5355843225718052,0.5262091504187879,0.5583938483311564,,0.3816878509294548
2025-04-13,2024-25,GSW,LAC,119,124,,,-3.5,0,0.5380737219258234,0.5298538839291614,0.5462935599224852,0.6092596460782566,,0.6206865291604615
